bearing,time_step,total_steps,Actual_RUL,Predicted_RUL,Uncertainty,Lower_RUL,Upper_RUL,Actual_Health_State,Predicted_Health_State
Bearing1_1,0,2803,2802,542.3655452013945,484.97706042776844,-408.18949323703157,1492.9205836398205,Non-critical,Non-critical
Bearing1_1,1,2803,2801,515.7550241388277,484.97706042776844,-434.8000142995984,1466.3100625772538,Non-critical,Non-critical
Bearing1_1,2,2803,2800,565.4207239317402,484.97706042776844,-385.1343145066859,1515.9757623701662,Non-critical,Non-critical
Bearing1_1,3,2803,2799,705.8460580119523,484.97706042776844,-244.70898042647377,1656.4010964503784,Non-critical,Non-critical
Bearing1_1,4,2803,2798,705.2885177395367,484.97706042776844,-245.2665206988894,1655.843556177963,Non-critical,Non-critical
Bearing1_1,5,2803,2797,822.6521892389326,484.97706042776844,-127.90284919949352,1773.2072276773588,Non-critical,Non-critical
Bearing1_1,6,2803,2796,841.6741791574397,484.97706042776844,-108.88085928098644,1792.2292175958657,Non-critical,Non-critical
Bearing1_1,7,2803,2795,846.4060362663868,484.97706042776844,-104.14900217203933,1796.9610747048127,Non-critical,Non-critical
Bearing1_1,8,2803,2794,835.7712118011865,484.97706042776844,-114.7838266372396,1786.3262502396126,Non-critical,Non-critical
Bearing1_1,9,2803,2793,771.6487766800556,484.97706042776844,-178.90626175837053,1722.2038151184815,Non-critical,Non-critical
Bearing1_1,10,2803,2792,976.7616942150913,484.97706042776844,26.20665577666523,1927.3167326535174,Non-critical,Non-critical
Bearing1_1,11,2803,2791,1010.3479068696212,484.97706042776844,59.792868431195075,1960.9029453080473,Non-critical,Non-critical
Bearing1_1,12,2803,2790,936.824734927104,484.97706042776844,-13.730303511322063,1887.3797733655301,Non-critical,Non-critical
Bearing1_1,13,2803,2789,961.8174598561818,484.97706042776844,11.262421417755718,1912.3724982946078,Non-critical,Non-critical
Bearing1_1,14,2803,2788,948.4416773527729,484.97706042776844,-2.113361085653196,1898.996715791199,Non-critical,Non-critical
Bearing1_1,15,2803,2787,1139.9851587989967,484.97706042776844,189.43012036057064,2090.540197237423,Non-critical,Non-critical
Bearing1_1,16,2803,2786,1185.3715356078415,484.97706042776844,234.81649716941536,2135.9265740462674,Non-critical,Non-critical
Bearing1_1,17,2803,2785,1137.3042413960266,484.97706042776844,186.74920295760046,2087.8592798344525,Non-critical,Non-critical
Bearing1_1,18,2803,2784,1142.7396632572545,484.97706042776844,192.1846248188284,2093.2947016956805,Non-critical,Non-critical
Bearing1_1,19,2803,2783,1176.1416586466785,484.97706042776844,225.58662020825238,2126.6966970851045,Non-critical,Non-critical
Bearing1_1,20,2803,2782,1185.0262986929852,484.97706042776844,234.47126025455907,2135.581337131411,Non-critical,Non-critical
Bearing1_1,21,2803,2781,1226.7280717163167,484.97706042776844,276.17303327789057,2177.2831101547426,Non-critical,Non-critical
Bearing1_1,22,2803,2780,1137.5975822717405,484.97706042776844,187.04254383331443,2088.1526207101665,Non-critical,Non-critical
Bearing1_1,23,2803,2779,1255.1631503277986,484.97706042776844,304.6081118893725,2205.7181887662246,Non-critical,Non-critical
Bearing1_1,24,2803,2778,1255.8927003278798,484.97706042776844,305.33766188945367,2206.447738766306,Non-critical,Non-critical
Bearing1_1,25,2803,2777,1237.901739330564,484.97706042776844,287.34670089213785,2188.45677776899,Non-critical,Non-critical
Bearing1_1,26,2803,2776,1179.4114313454413,484.97706042776844,228.85639290701522,2129.9664697838675,Non-critical,Non-critical
Bearing1_1,27,2803,2775,1210.7556250346706,484.97706042776844,260.20058659624453,2161.3106634730966,Non-critical,Non-critical
Bearing1_1,28,2803,2774,1267.699858828022,484.97706042776844,317.1448203895958,2218.254897266448,Non-critical,Non-critical
Bearing1_1,29,2803,2773,1201.079469240377,484.97706042776844,250.52443080195087,2151.634507678803,Non-critical,Non-critical
Bearing1_1,30,2803,2772,1175.1876691050447,484.97706042776844,224.63263066661864,2125.7427075434707,Non-critical,Non-critical
Bearing1_1,31,2803,2771,1315.9931148873975,484.97706042776844,365.4380764489714,2266.5481533258235,Non-critical,Non-critical
Bearing1_1,32,2803,2770,1326.4572498588516,484.97706042776844,375.9022114204255,2277.012288297278,Non-critical,Non-critical
Bearing1_1,33,2803,2769,1321.9595440938801,484.97706042776844,371.40450565545405,2272.514582532306,Non-critical,Non-critical
Bearing1_1,34,2803,2768,1324.9003987423082,484.97706042776844,374.3453603038821,2275.4554371807344,Non-critical,Non-critical
Bearing1_1,35,2803,2767,1357.8007022607933,484.97706042776844,407.2456638223672,2308.3557406992195,Non-critical,Non-critical
Bearing1_1,36,2803,2766,1353.8031033200796,484.97706042776844,403.2480648816535,2304.3581417585056,Non-critical,Non-critical
Bearing1_1,37,2803,2765,1383.1743757143456,484.97706042776844,432.6193372759195,2333.729414152772,Non-critical,Non-critical
Bearing1_1,38,2803,2764,1398.9927230425521,484.97706042776844,448.43768460412605,2349.5477614809784,Non-critical,Non-critical
Bearing1_1,39,2803,2763,1399.595820492566,484.97706042776844,449.04078205413987,2350.150858930992,Non-critical,Non-critical
Bearing1_1,40,2803,2762,1486.8575616072571,484.97706042776844,536.302523168831,2437.412600045683,Non-critical,Non-critical
Bearing1_1,41,2803,2761,1473.8119031396757,484.97706042776844,523.2568647012496,2424.366941578102,Non-critical,Non-critical
Bearing1_1,42,2803,2760,1526.8789329863328,484.97706042776844,576.3238945479067,2477.433971424759,Non-critical,Non-critical
Bearing1_1,43,2803,2759,1539.9245914539142,484.97706042776844,589.3695530154881,2490.47962989234,Non-critical,Non-critical
Bearing1_1,44,2803,2758,1528.3148288002867,484.97706042776844,577.7597903618606,2478.8698672387127,Non-critical,Non-critical
Bearing1_1,45,2803,2757,1527.5031916622318,484.97706042776844,576.9481532238057,2478.058230100658,Non-critical,Non-critical
Bearing1_1,46,2803,2756,1489.9067774397486,484.97706042776844,539.3517390013225,2440.4618158781745,Non-critical,Non-critical
Bearing1_1,47,2803,2755,1593.8231271444768,484.97706042776844,643.2680887060507,2544.378165582903,Non-critical,Non-critical
Bearing1_1,48,2803,2754,1594.8619741034101,484.97706042776844,644.306935664984,2545.4170125418364,Non-critical,Non-critical
Bearing1_1,49,2803,2753,1636.4964403627582,484.97706042776844,685.9414019243321,2587.051478801184,Non-critical,Non-critical
Bearing1_1,50,2803,2752,1480.7573930223343,484.97706042776844,530.2023545839082,2431.3124314607603,Non-critical,Non-critical
Bearing1_1,51,2803,2751,1618.9955635112526,484.97706042776844,668.4405250728265,2569.550601949679,Non-critical,Non-critical
Bearing1_1,52,2803,2750,1606.6178991503743,484.97706042776844,656.0628607119482,2557.1729375888003,Non-critical,Non-critical
Bearing1_1,53,2803,2749,1595.7678332461235,484.97706042776844,645.2127948076974,2546.3228716845497,Non-critical,Non-critical
Bearing1_1,54,2803,2748,1631.592923512932,484.97706042776844,681.0378850745059,2582.147961951358,Non-critical,Non-critical
Bearing1_1,55,2803,2747,1492.7378489587954,484.97706042776844,542.1828105203693,2443.2928873972214,Non-critical,Non-critical
Bearing1_1,56,2803,2746,1595.8940300004435,484.97706042776844,645.3389915620174,2546.4490684388697,Non-critical,Non-critical
Bearing1_1,57,2803,2745,1457.6558595115255,484.97706042776844,507.1008210730994,2408.2108979499517,Non-critical,Non-critical
Bearing1_1,58,2803,2744,1456.2273183082523,484.97706042776844,505.6722798698262,2406.7823567466785,Non-critical,Non-critical
Bearing1_1,59,2803,2743,1479.333178291549,484.97706042776844,528.778139853123,2429.8882167299753,Non-critical,Non-critical
Bearing1_1,60,2803,2742,1485.5365460396322,484.97706042776844,534.9815076012061,2436.0915844780584,Non-critical,Non-critical
Bearing1_1,61,2803,2741,1548.6653601652013,484.97706042776844,598.1103217267752,2499.2203986036275,Non-critical,Non-critical
Bearing1_1,62,2803,2740,1561.9548949253806,484.97706042776844,611.3998564869545,2512.509933363807,Non-critical,Non-critical
Bearing1_1,63,2803,2739,1547.9301332966347,484.97706042776844,597.3750948582086,2498.4851717350607,Non-critical,Non-critical
Bearing1_1,64,2803,2738,1470.3802565621393,484.97706042776844,519.8252181237132,2420.9352950005655,Non-critical,Non-critical
Bearing1_1,65,2803,2737,1571.981699646194,484.97706042776844,621.426661207768,2522.53673808462,Non-critical,Non-critical
Bearing1_1,66,2803,2736,1464.359573510364,484.97706042776844,513.804535071938,2414.91461194879,Non-critical,Non-critical
Bearing1_1,67,2803,2735,1607.7918479080702,484.97706042776844,657.2368094696441,2558.3468863464964,Non-critical,Non-critical
Bearing1_1,68,2803,2734,1645.6665388090737,484.97706042776844,695.1115003706476,2596.2215772474997,Non-critical,Non-critical
Bearing1_1,69,2803,2733,1496.2117225896388,484.97706042776844,545.6566841512127,2446.766761028065,Non-critical,Non-critical
Bearing1_1,70,2803,2732,1599.14060197105,484.97706042776844,648.585563532624,2549.6956404094763,Non-critical,Non-critical
Bearing1_1,71,2803,2731,1605.6366965188004,484.97706042776844,655.0816580803743,2556.1917349572263,Non-critical,Non-critical
Bearing1_1,72,2803,2730,1604.39873302266,484.97706042776844,653.843694584234,2554.953771461086,Non-critical,Non-critical
Bearing1_1,73,2803,2729,1476.7161766880959,484.97706042776844,526.1611382496698,2427.271215126522,Non-critical,Non-critical
Bearing1_1,74,2803,2728,1456.6878778839814,484.97706042776844,506.1328394455553,2407.2429163224074,Non-critical,Non-critical
Bearing1_1,75,2803,2727,1593.5043278677583,484.97706042776844,642.9492894293322,2544.0593663061845,Non-critical,Non-critical
Bearing1_1,76,2803,2726,1592.0757866644851,484.97706042776844,641.520748226059,2542.6308251029113,Non-critical,Non-critical
Bearing1_1,77,2803,2725,1593.5043278677583,484.97706042776844,642.9492894293322,2544.0593663061845,Non-critical,Non-critical
Bearing1_1,78,2803,2724,1613.7743550212601,484.97706042776844,663.219316582834,2564.3293934596863,Non-critical,Non-critical
Bearing1_1,79,2803,2723,1584.5231950482157,484.97706042776844,633.9681566097896,2535.0782334866417,Non-critical,Non-critical
Bearing1_1,80,2803,2722,1584.5231950482157,484.97706042776844,633.9681566097896,2535.0782334866417,Non-critical,Non-critical
Bearing1_1,81,2803,2721,1643.7316940701087,484.97706042776844,693.1766556316826,2594.286732508535,Non-critical,Non-critical
Bearing1_1,82,2803,2720,1584.5231950482157,484.97706042776844,633.9681566097896,2535.0782334866417,Non-critical,Non-critical
Bearing1_1,83,2803,2719,1580.8146241332358,484.97706042776844,630.2595856948097,2531.369662571662,Non-critical,Non-critical
Bearing1_1,84,2803,2718,1524.7253681320183,484.97706042776844,574.1703296935922,2475.2804065704445,Non-critical,Non-critical
Bearing1_1,85,2803,2717,1524.7253681320183,484.97706042776844,574.1703296935922,2475.2804065704445,Non-critical,Non-critical
Bearing1_1,86,2803,2716,1597.001203253344,484.97706042776844,646.446164814918,2547.55624169177,Non-critical,Non-critical
Bearing1_1,87,2803,2715,1631.8982224364925,484.97706042776844,681.3431839980664,2582.4532608749187,Non-critical,Non-critical
Bearing1_1,88,2803,2714,1674.2229081251053,484.97706042776844,723.6678696866792,2624.7779465635313,Non-critical,Non-critical
Bearing1_1,89,2803,2713,1631.2490239979861,484.97706042776844,680.69398555956,2581.804062436412,Non-critical,Non-critical
Bearing1_1,90,2803,2712,1647.101075904658,484.97706042776844,696.546037466232,2597.656114343084,Non-critical,Non-critical
Bearing1_1,91,2803,2711,1680.9541743130735,484.97706042776844,730.3991358746474,2631.5092127514995,Non-critical,Non-critical
Bearing1_1,92,2803,2710,1680.9541743130735,484.97706042776844,730.3991358746474,2631.5092127514995,Non-critical,Non-critical
Bearing1_1,93,2803,2709,1604.1287009950038,484.97706042776844,653.5736625565777,2554.6837394334298,Non-critical,Non-critical
Bearing1_1,94,2803,2708,1604.1287009950038,484.97706042776844,653.5736625565777,2554.6837394334298,Non-critical,Non-critical
Bearing1_1,95,2803,2707,1672.0258119078542,484.97706042776844,721.4707734694281,2622.5808503462804,Non-critical,Non-critical
Bearing1_1,96,2803,2706,1605.3953769238915,484.97706042776844,654.8403384854654,2555.9504153623175,Non-critical,Non-critical
Bearing1_1,97,2803,2705,1576.8654919572784,484.97706042776844,626.3104535188523,2527.4205303957046,Non-critical,Non-critical
Bearing1_1,98,2803,2704,1579.5446211975304,484.97706042776844,628.9895827591043,2530.0996596359564,Non-critical,Non-critical
Bearing1_1,99,2803,2703,1597.960825608333,484.97706042776844,647.4057871699068,2548.515864046759,Non-critical,Non-critical
Bearing1_1,100,2803,2702,1606.7761092871308,484.97706042776844,656.2210708487047,2557.331147725557,Non-critical,Non-critical
Bearing1_1,101,2803,2701,1578.1160799942572,484.97706042776844,627.5610415558311,2528.671118432683,Non-critical,Non-critical
Bearing1_1,102,2803,2700,1627.0644395333593,484.97706042776844,676.5094010949332,2577.6194779717853,Non-critical,Non-critical
Bearing1_1,103,2803,2699,1598.4639734699947,484.97706042776844,647.9089350315686,2549.019011908421,Non-critical,Non-critical
Bearing1_1,104,2803,2698,1692.975094982064,484.97706042776844,742.420056543638,2643.53013342049,Non-critical,Non-critical
Bearing1_1,105,2803,2697,1727.6398305285343,484.97706042776844,777.0847920901082,2678.1948689669603,Non-critical,Non-critical
Bearing1_1,106,2803,2696,1712.1794416738105,484.97706042776844,761.6244032353844,2662.7344801122367,Non-critical,Non-critical
Bearing1_1,107,2803,2695,1744.6039988789526,484.97706042776844,794.0489604405265,2695.1590373173785,Non-critical,Non-critical
Bearing1_1,108,2803,2694,1616.239778958468,484.97706042776844,665.6847405200418,2566.794817396894,Non-critical,Non-critical
Bearing1_1,109,2803,2693,1696.3798132030938,484.97706042776844,745.8247747646677,2646.93485164152,Non-critical,Non-critical
Bearing1_1,110,2803,2692,1541.6200299523196,484.97706042776844,591.0649915138935,2492.1750683907458,Non-critical,Non-critical
Bearing1_1,111,2803,2691,1602.4855957562427,484.97706042776844,651.9305573178166,2553.0406341946687,Non-critical,Non-critical
Bearing1_1,112,2803,2690,1603.2972328942976,484.97706042776844,652.7421944558715,2553.852271332724,Non-critical,Non-critical
Bearing1_1,113,2803,2689,1649.6193989534847,484.97706042776844,699.0643605150586,2600.174437391911,Non-critical,Non-critical
Bearing1_1,114,2803,2688,1649.6193989534847,484.97706042776844,699.0643605150586,2600.174437391911,Non-critical,Non-critical
Bearing1_1,115,2803,2687,1648.1908577502115,484.97706042776844,697.6358193117854,2598.7458961886377,Non-critical,Non-critical
Bearing1_1,116,2803,2686,1630.0589790475804,484.97706042776844,679.5039406091543,2580.6140174860066,Non-critical,Non-critical
Bearing1_1,117,2803,2685,1529.4018031398575,484.97706042776844,578.8467647014314,2479.9568415782837,Non-critical,Non-critical
Bearing1_1,118,2803,2684,1619.1659557270025,484.97706042776844,668.6109172885764,2569.7209941654287,Non-critical,Non-critical
Bearing1_1,119,2803,2683,1617.494707407905,484.97706042776844,666.9396689694789,2568.049745846331,Non-critical,Non-critical
Bearing1_1,120,2803,2682,1617.6571461074536,484.97706042776844,667.1021076690275,2568.2121845458796,Non-critical,Non-critical
Bearing1_1,121,2803,2681,1617.0683810498197,484.97706042776844,666.5133426113936,2567.623419488246,Non-critical,Non-critical
Bearing1_1,122,2803,2680,1636.9928583871344,484.97706042776844,686.4378199487084,2587.5478968255607,Non-critical,Non-critical
Bearing1_1,123,2803,2679,1639.3585695421643,484.97706042776844,688.8035311037382,2589.9136079805903,Non-critical,Non-critical
Bearing1_1,124,2803,2678,1639.3585695421643,484.97706042776844,688.8035311037382,2589.9136079805903,Non-critical,Non-critical
Bearing1_1,125,2803,2677,1639.3585695421643,484.97706042776844,688.8035311037382,2589.9136079805903,Non-critical,Non-critical
Bearing1_1,126,2803,2676,1721.4040598603308,484.97706042776844,770.8490214219047,2671.959098298757,Non-critical,Non-critical
Bearing1_1,127,2803,2675,1575.4376221043258,484.97706042776844,624.8825836658997,2525.9926605427518,Non-critical,Non-critical
Bearing1_1,128,2803,2674,1635.686283843031,484.97706042776844,685.131245404605,2586.241322281457,Non-critical,Non-critical
Bearing1_1,129,2803,2673,1621.1851523108285,484.97706042776844,670.6301138724024,2571.7401907492545,Non-critical,Non-critical
Bearing1_1,130,2803,2672,1621.1851523108285,484.97706042776844,670.6301138724024,2571.7401907492545,Non-critical,Non-critical
Bearing1_1,131,2803,2671,1705.5478405349536,484.97706042776844,754.9928020965275,2656.1028789733796,Non-critical,Non-critical
Bearing1_1,132,2803,2670,1562.3650317753963,484.97706042776844,611.8099933369703,2512.9200702138223,Non-critical,Non-critical
Bearing1_1,133,2803,2669,1622.6136935141017,484.97706042776844,672.0586550756756,2573.1687319525277,Non-critical,Non-critical
Bearing1_1,134,2803,2668,1621.1851523108285,484.97706042776844,670.6301138724024,2571.7401907492545,Non-critical,Non-critical
Bearing1_1,135,2803,2667,1625.5428829430664,484.97706042776844,674.9878445046403,2576.0979213814926,Non-critical,Non-critical
Bearing1_1,136,2803,2666,1655.2634191966326,484.97706042776844,704.7083807582065,2605.8184576350586,Non-critical,Non-critical
Bearing1_1,137,2803,2665,1655.2634191966326,484.97706042776844,704.7083807582065,2605.8184576350586,Non-critical,Non-critical
Bearing1_1,138,2803,2664,1705.5601247442046,484.97706042776844,755.0050863057785,2656.1151631826306,Non-critical,Non-critical
Bearing1_1,139,2803,2663,1655.2634191966326,484.97706042776844,704.7083807582065,2605.8184576350586,Non-critical,Non-critical
Bearing1_1,140,2803,2662,1678.507837303357,484.97706042776844,727.952798864931,2629.062875741783,Non-critical,Non-critical
Bearing1_1,141,2803,2661,1678.507837303357,484.97706042776844,727.952798864931,2629.062875741783,Non-critical,Non-critical
Bearing1_1,142,2803,2660,1677.6962001653021,484.97706042776844,727.141161726876,2628.2512386037283,Non-critical,Non-critical
Bearing1_1,143,2803,2659,1618.2591755646522,484.97706042776844,667.7041371262261,2568.814214003078,Non-critical,Non-critical
Bearing1_1,144,2803,2658,1678.507837303357,484.97706042776844,727.952798864931,2629.062875741783,Non-critical,Non-critical
Bearing1_1,145,2803,2657,1661.9491278557111,484.97706042776844,711.394089417285,2612.504166294137,Non-critical,Non-critical
Bearing1_1,146,2803,2656,1705.4847570756106,484.97706042776844,754.9297186371845,2656.0397955140365,Non-critical,Non-critical
Bearing1_1,147,2803,2655,1739.8413452416773,484.97706042776844,789.2863068032513,2690.3963836801036,Non-critical,Non-critical
Bearing1_1,148,2803,2654,1705.4847570756106,484.97706042776844,754.9297186371845,2656.0397955140365,Non-critical,Non-critical
Bearing1_1,149,2803,2653,1705.4847570756106,484.97706042776844,754.9297186371845,2656.0397955140365,Non-critical,Non-critical
Bearing1_1,150,2803,2652,1733.168989857076,484.97706042776844,782.6139514186499,2683.724028295502,Non-critical,Non-critical
Bearing1_1,151,2803,2651,1706.823724776121,484.97706042776844,756.2686863376949,2657.3787632145472,Non-critical,Non-critical
Bearing1_1,152,2803,2650,1708.6742088731094,484.97706042776844,758.1191704346833,2659.2292473115353,Non-critical,Non-critical
Bearing1_1,153,2803,2649,1707.8625717350544,484.97706042776844,757.3075332966283,2658.4176101734806,Non-critical,Non-critical
Bearing1_1,154,2803,2648,1699.8192143766182,484.97706042776844,749.2641759381921,2650.374252815044,Non-critical,Non-critical
Bearing1_1,155,2803,2647,1699.0075772385633,484.97706042776844,748.4525388001372,2649.5626156769895,Non-critical,Non-critical
Bearing1_1,156,2803,2646,1639.570552637913,484.97706042776844,689.0155141994868,2590.125591076339,Non-critical,Non-critical
Bearing1_1,157,2803,2645,1699.8192143766182,484.97706042776844,749.2641759381921,2650.374252815044,Non-critical,Non-critical
Bearing1_1,158,2803,2644,1698.390673173345,484.97706042776844,747.8356347349189,2648.945711611771,Non-critical,Non-critical
Bearing1_1,159,2803,2643,1767.3713692314734,484.97706042776844,816.8163307930473,2717.9264076698996,Non-critical,Non-critical
Bearing1_1,160,2803,2642,1750.107609237638,484.97706042776844,799.5525707992118,2700.662647676064,Non-critical,Non-critical
Bearing1_1,161,2803,2641,1683.3264638664286,484.97706042776844,732.7714254280025,2633.8815023048546,Non-critical,Non-critical
Bearing1_1,162,2803,2640,1668.0634612108627,484.97706042776844,717.5084227724366,2618.618499649289,Non-critical,Non-critical
Bearing1_1,163,2803,2639,1625.2159580726543,484.97706042776844,674.6609196342282,2575.7709965110803,Non-critical,Non-critical
Bearing1_1,164,2803,2638,1641.7746675203002,484.97706042776844,691.2196290818741,2592.329705958726,Non-critical,Non-critical
Bearing1_1,165,2803,2637,1640.9630303822453,484.97706042776844,690.4079919438192,2591.5180688206715,Non-critical,Non-critical
Bearing1_1,166,2803,2636,1684.202484127013,484.97706042776844,733.6474456885868,2634.757522565439,Non-critical,Non-critical
Bearing1_1,167,2803,2635,1598.1714541052586,484.97706042776844,647.6164156668325,2548.726492543685,Non-critical,Non-critical
Bearing1_1,168,2803,2634,1725.8181652803914,484.97706042776844,775.2631268419653,2676.3732037188174,Non-critical,Non-critical
Bearing1_1,169,2803,2633,1658.420115843964,484.97706042776844,707.8650774055378,2608.97515428239,Non-critical,Non-critical
Bearing1_1,170,2803,2632,1597.3598169672036,484.97706042776844,646.8047785287775,2547.9148554056296,Non-critical,Non-critical
Bearing1_1,171,2803,2631,1658.420115843964,484.97706042776844,707.8650774055378,2608.97515428239,Non-critical,Non-critical
Bearing1_1,172,2803,2630,1646.0617074533664,484.97706042776844,695.5066690149403,2596.6167458917926,Non-critical,Non-critical
Bearing1_1,173,2803,2629,1683.9869748599658,484.97706042776844,733.4319364215397,2634.542013298392,Non-critical,Non-critical
Bearing1_1,174,2803,2628,1656.8631658208835,484.97706042776844,706.3081273824574,2607.4182042593097,Non-critical,Non-critical
Bearing1_1,175,2803,2627,1655.4346246176103,484.97706042776844,704.8795861791842,2605.9896630560365,Non-critical,Non-critical
Bearing1_1,176,2803,2626,1691.2197539869508,484.97706042776844,740.6647155485247,2641.7747924253767,Non-critical,Non-critical
Bearing1_1,177,2803,2625,1655.4346246176103,484.97706042776844,704.8795861791842,2605.9896630560365,Non-critical,Non-critical
Bearing1_1,178,2803,2624,1612.1343665708912,484.97706042776844,661.5793281324651,2562.6894050093174,Non-critical,Non-critical
Bearing1_1,179,2803,2623,1690.1809070280174,484.97706042776844,739.6258685895913,2640.7359454664434,Non-critical,Non-critical
Bearing1_1,180,2803,2622,1679.8605887376434,484.97706042776844,729.3055502992173,2630.4156271760694,Non-critical,Non-critical
Bearing1_1,181,2803,2621,1644.4651536126428,484.97706042776844,693.9101151742167,2595.020192051069,Non-critical,Non-critical
Bearing1_1,182,2803,2620,1648.60163478847,484.97706042776844,698.0465963500438,2599.156673226896,Non-critical,Non-critical
Bearing1_1,183,2803,2619,1716.8113213629524,484.97706042776844,766.2562829245263,2667.3663598013786,Non-critical,Non-critical
Bearing1_1,184,2803,2618,1604.100045359356,484.97706042776844,653.54500692093,2554.655083797782,Non-critical,Non-critical
Bearing1_1,185,2803,2617,1648.60163478847,484.97706042776844,698.0465963500438,2599.156673226896,Non-critical,Non-critical
Bearing1_1,186,2803,2616,1626.9921787898,484.97706042776844,676.4371403513738,2577.547217228226,Non-critical,Non-critical
Bearing1_1,187,2803,2615,1592.0186865585144,484.97706042776844,641.4636481200884,2542.5737249969407,Non-critical,Non-critical
Bearing1_1,188,2803,2614,1592.0186865585144,484.97706042776844,641.4636481200884,2542.5737249969407,Non-critical,Non-critical
Bearing1_1,189,2803,2613,1593.4472277617876,484.97706042776844,642.8921893233615,2544.002266200214,Non-critical,Non-critical
Bearing1_1,190,2803,2612,1628.5848019924244,484.97706042776844,678.0297635539984,2579.1398404308507,Non-critical,Non-critical
Bearing1_1,191,2803,2611,1547.6157529098687,484.97706042776844,597.0607144714426,2498.1707913482946,Non-critical,Non-critical
Bearing1_1,192,2803,2610,1552.8185552993004,484.97706042776844,602.2635168608743,2503.3735937377264,Non-critical,Non-critical
Bearing1_1,193,2803,2609,1548.4273900479236,484.97706042776844,597.8723516094975,2498.98242848635,Non-critical,Non-critical
Bearing1_1,194,2803,2608,1547.9193757136445,484.97706042776844,597.3643372752184,2498.4744141520705,Non-critical,Non-critical
Bearing1_1,195,2803,2607,1567.3707756465947,484.97706042776844,616.8157372081686,2517.9258140850206,Non-critical,Non-critical
Bearing1_1,196,2803,2606,1529.2769149410606,484.97706042776844,578.7218765026345,2479.8319533794865,Non-critical,Non-critical
Bearing1_1,197,2803,2605,1442.8289257913107,484.97706042776844,492.27388735288457,2393.3839642297366,Non-critical,Non-critical
Bearing1_1,198,2803,2604,1442.8289257913107,484.97706042776844,492.27388735288457,2393.3839642297366,Non-critical,Non-critical
Bearing1_1,199,2803,2603,1443.8400565076022,484.97706042776844,493.2850180691761,2394.395094946028,Non-critical,Non-critical
Bearing1_1,200,2803,2602,1470.371386906466,484.97706042776844,519.8163484680398,2420.926425344892,Non-critical,Non-critical
Bearing1_1,201,2803,2601,1469.7221884679595,484.97706042776844,519.1671500295334,2420.2772269063857,Non-critical,Non-critical
Bearing1_1,202,2803,2600,1489.4668468965742,484.97706042776844,538.9118084581481,2440.021885335,Non-critical,Non-critical
Bearing1_1,203,2803,2599,1468.9428457031927,484.97706042776844,518.3878072647666,2419.4978841416187,Non-critical,Non-critical
Bearing1_1,204,2803,2598,1504.7279750725327,484.97706042776844,554.1729366341066,2455.283013510959,Non-critical,Non-critical
Bearing1_1,205,2803,2597,1470.371386906466,484.97706042776844,519.8163484680398,2420.926425344892,Non-critical,Non-critical
Bearing1_1,206,2803,2596,1459.1551833567848,484.97706042776844,508.60014491835875,2409.710221795211,Non-critical,Non-critical
Bearing1_1,207,2803,2595,1493.349332823303,484.97706042776844,542.7942943848769,2443.904371261729,Non-critical,Non-critical
Bearing1_1,208,2803,2594,1459.1551833567848,484.97706042776844,508.60014491835875,2409.710221795211,Non-critical,Non-critical
Bearing1_1,209,2803,2593,1458.375840592018,484.97706042776844,507.8208021535919,2408.930879030444,Non-critical,Non-critical
Bearing1_1,210,2803,2592,1494.160969961358,484.97706042776844,543.6059315229319,2444.716008399784,Non-critical,Non-critical
Bearing1_1,211,2803,2591,1494.160969961358,484.97706042776844,543.6059315229319,2444.716008399784,Non-critical,Non-critical
Bearing1_1,212,2803,2590,1459.8043817952912,484.97706042776844,509.2493433568651,2410.359420233717,Non-critical,Non-critical
Bearing1_1,213,2803,2589,1460.8427758961634,484.97706042776844,510.2877374577373,2411.3978143345894,Non-critical,Non-critical
Bearing1_1,214,2803,2588,1460.8427758961634,484.97706042776844,510.2877374577373,2411.3978143345894,Non-critical,Non-critical
Bearing1_1,215,2803,2587,1478.86563462584,484.97706042776844,528.3105961874138,2429.420673064266,Non-critical,Non-critical
Bearing1_1,216,2803,2586,1495.1993640622302,484.97706042776844,544.6443256238041,2445.7544025006564,Non-critical,Non-critical
Bearing1_1,217,2803,2585,1460.8427758961634,484.97706042776844,510.2877374577373,2411.3978143345894,Non-critical,Non-critical
Bearing1_1,218,2803,2584,1473.0708495302722,484.97706042776844,522.5158110918461,2423.6258879686984,Non-critical,Non-critical
Bearing1_1,219,2803,2583,1442.9053566192783,484.97706042776844,492.35031818085224,2393.4603950577043,Non-critical,Non-critical
Bearing1_1,220,2803,2582,1438.7142613642054,484.97706042776844,488.1592229257793,2389.2692998026314,Non-critical,Non-critical
Bearing1_1,221,2803,2581,1438.7142613642054,484.97706042776844,488.1592229257793,2389.2692998026314,Non-critical,Non-critical
Bearing1_1,222,2803,2580,1438.7142613642054,484.97706042776844,488.1592229257793,2389.2692998026314,Non-critical,Non-critical
Bearing1_1,223,2803,2579,1448.1602933479912,484.97706042776844,497.60525490956513,2398.715331786417,Non-critical,Non-critical
Bearing1_1,224,2803,2578,1450.614062640619,484.97706042776844,500.059024202193,2401.169101079045,Non-critical,Non-critical
Bearing1_1,225,2803,2577,1443.4840167601533,484.97706042776844,492.9289783217272,2394.0390551985793,Non-critical,Non-critical
Bearing1_1,226,2803,2576,1462.5794767502616,484.97706042776844,512.0244383118355,2413.1345151886876,Non-critical,Non-critical
Bearing1_1,227,2803,2575,1439.5840566343659,484.97706042776844,489.0290181959398,2390.139095072792,Non-critical,Non-critical
Bearing1_1,228,2803,2574,1438.772419496311,484.97706042776844,488.21738105788484,2389.327457934737,Non-critical,Non-critical
Bearing1_1,229,2803,2573,1438.1555154310927,484.97706042776844,487.6004769926666,2388.7105538695187,Non-critical,Non-critical
Bearing1_1,230,2803,2572,1476.2738140057133,484.97706042776844,525.7187755672873,2426.8288524441396,Non-critical,Non-critical
Bearing1_1,231,2803,2571,1438.7923529225427,484.97706042776844,488.2373144841166,2389.3473913609687,Non-critical,Non-critical
Bearing1_1,232,2803,2570,1454.2355991675386,484.97706042776844,503.68056072911247,2404.7906376059645,Non-critical,Non-critical
Bearing1_1,233,2803,2569,1452.8070579642654,484.97706042776844,502.2520195258393,2403.3620964026913,Non-critical,Non-critical
Bearing1_1,234,2803,2568,1458.4266944226115,484.97706042776844,507.8716559841854,2408.9817328610375,Non-critical,Non-critical
Bearing1_1,235,2803,2567,1454.2355991675386,484.97706042776844,503.68056072911247,2404.7906376059645,Non-critical,Non-critical
Bearing1_1,236,2803,2566,1453.4239620294836,484.97706042776844,502.8689235910575,2403.97900046791,Non-critical,Non-critical
Bearing1_1,237,2803,2565,1449.0686407149228,484.97706042776844,498.5136022764967,2399.623679153349,Non-critical,Non-critical
Bearing1_1,238,2803,2564,1448.2570035768679,484.97706042776844,497.7019651384418,2398.812042015294,Non-critical,Non-critical
Bearing1_1,239,2803,2563,1423.2828096602698,484.97706042776844,472.7277712218437,2373.8378480986958,Non-critical,Non-critical
Bearing1_1,240,2803,2562,1424.711350863543,484.97706042776844,474.1563124251169,2375.266389301969,Non-critical,Non-critical
Bearing1_1,241,2803,2561,1419.9574199995222,484.97706042776844,469.40238156109615,2370.512458437948,Non-critical,Non-critical
Bearing1_1,242,2803,2560,1421.3859612027954,484.97706042776844,470.83092276436935,2371.9409996412214,Non-critical,Non-critical
Bearing1_1,243,2803,2559,1435.5668125741777,484.97706042776844,485.0117741357516,2386.1218510126037,Non-critical,Non-critical
Bearing1_1,244,2803,2558,1398.1724238569636,484.97706042776844,447.61738541853754,2348.7274622953896,Non-critical,Non-critical
Bearing1_1,245,2803,2557,1398.1724238569636,484.97706042776844,447.61738541853754,2348.7274622953896,Non-critical,Non-critical
Bearing1_1,246,2803,2556,1435.5668125741777,484.97706042776844,485.0117741357516,2386.1218510126037,Non-critical,Non-critical
Bearing1_1,247,2803,2555,1397.5232254184573,484.97706042776844,446.9681869800312,2348.0782638568835,Non-critical,Non-critical
Bearing1_1,248,2803,2554,1398.1724238569636,484.97706042776844,447.61738541853754,2348.7274622953896,Non-critical,Non-critical
Bearing1_1,249,2803,2553,1399.364685838117,484.97706042776844,448.809647399691,2349.919724276543,Non-critical,Non-critical
Bearing1_1,250,2803,2552,1436.0203941953068,484.97706042776844,485.46535575688074,2386.575432633733,Non-critical,Non-critical
Bearing1_1,251,2803,2551,1398.4635667785442,484.97706042776844,447.9085283401181,2349.01860521697,Non-critical,Non-critical
Bearing1_1,252,2803,2550,1399.2752039165991,484.97706042776844,448.72016547817304,2349.8302423550253,Non-critical,Non-critical
Bearing1_1,253,2803,2549,1431.73041681216,484.97706042776844,481.1753783737339,2382.285455250586,Non-critical,Non-critical
Bearing1_1,254,2803,2548,1378.3787222032645,484.97706042776844,427.8236837648384,2328.9337606416907,Non-critical,Non-critical
Bearing1_1,255,2803,2547,1378.3787222032645,484.97706042776844,427.8236837648384,2328.9337606416907,Non-critical,Non-critical
Bearing1_1,256,2803,2546,1398.0328901102073,484.97706042776844,447.4778516717812,2348.5879285486335,Non-critical,Non-critical
Bearing1_1,257,2803,2545,1376.9501809999913,484.97706042776844,426.3951425615652,2327.5052194384175,Non-critical,Non-critical
Bearing1_1,258,2803,2544,1378.3787222032645,484.97706042776844,427.8236837648384,2328.9337606416907,Non-critical,Non-critical
Bearing1_1,259,2803,2543,1415.773110920478,484.97706042776844,465.218072482052,2366.3281493589043,Non-critical,Non-critical
Bearing1_1,260,2803,2542,1413.5420019803912,484.97706042776844,462.9869635419651,2364.0970404188174,Non-critical,Non-critical
Bearing1_1,261,2803,2541,1415.773110920478,484.97706042776844,465.218072482052,2366.3281493589043,Non-critical,Non-critical
Bearing1_1,262,2803,2540,1428.1201113938,484.97706042776844,477.5650729553739,2378.675149832226,Non-critical,Non-critical
Bearing1_1,263,2803,2539,1394.7855747140377,484.97706042776844,444.2305362756116,2345.340613152464,Non-critical,Non-critical
Bearing1_1,264,2803,2538,1420.0026248385145,484.97706042776844,469.4475864000884,2370.5576632769407,Non-critical,Non-critical
Bearing1_1,265,2803,2537,1410.7938913126532,484.97706042776844,460.23885287422706,2361.348929751079,Non-critical,Non-critical
Bearing1_1,266,2803,2536,1383.1380097619779,484.97706042776844,432.58297132355176,2333.693048200404,Non-critical,Non-critical
Bearing1_1,267,2803,2535,1374.8869800184284,484.97706042776844,424.3319415800023,2325.4420184568544,Non-critical,Non-critical
Bearing1_1,268,2803,2534,1407.093204345569,484.97706042776844,456.5381659071428,2357.648242783995,Non-critical,Non-critical
Bearing1_1,269,2803,2533,1377.3997295209265,484.97706042776844,426.8446910825004,2327.9547679593525,Non-critical,Non-critical
Bearing1_1,270,2803,2532,1373.6532975867435,484.97706042776844,423.0982591483174,2324.2083360251695,Non-critical,Non-critical
Bearing1_1,271,2803,2531,1377.3997295209265,484.97706042776844,426.8446910825004,2327.9547679593525,Non-critical,Non-critical
Bearing1_1,272,2803,2530,1355.668498346782,484.97706042776844,405.1134599083558,2306.223536785208,Non-critical,Non-critical
Bearing1_1,273,2803,2529,1414.921832685277,484.97706042776844,464.3667942468509,2365.476871123703,Non-critical,Non-critical
Bearing1_1,274,2803,2528,1357.8732760611201,484.97706042776844,407.318237622694,2308.428314499546,Non-critical,Non-critical
Bearing1_1,275,2803,2527,1407.1935977176327,484.97706042776844,456.63855927920656,2357.7486361560586,Non-critical,Non-critical
Bearing1_1,276,2803,2526,1356.9526179307325,484.97706042776844,406.39757949230636,2307.5076563691587,Non-critical,Non-critical
Bearing1_1,277,2803,2525,1378.5848135600559,484.97706042776844,428.02977512162977,2329.139851998482,Non-critical,Non-critical
Bearing1_1,278,2803,2524,1347.4171345850161,484.97706042776844,396.86209614659003,2297.9721730234423,Non-critical,Non-critical
Bearing1_1,279,2803,2523,1344.3833107570156,484.97706042776844,393.8282723185895,2294.938349195442,Non-critical,Non-critical
Bearing1_1,280,2803,2522,1346.5631612919428,484.97706042776844,396.00812285351674,2297.118199730369,Non-critical,Non-critical
Bearing1_1,281,2803,2521,1345.9462572267246,484.97706042776844,395.3912187882985,2296.501295665151,Non-critical,Non-critical
Bearing1_1,282,2803,2520,1350.3095932261258,484.97706042776844,399.7545547876997,2300.864631664552,Non-critical,Non-critical
Bearing1_1,283,2803,2519,1350.3095932261258,484.97706042776844,399.7545547876997,2300.864631664552,Non-critical,Non-critical
Bearing1_1,284,2803,2518,1346.8669153571122,484.97706042776844,396.31187691868615,2297.4219537955382,Non-critical,Non-critical
Bearing1_1,285,2803,2517,1384.2613040743258,484.97706042776844,433.70626563589974,2334.816342512752,Non-critical,Non-critical
Bearing1_1,286,2803,2516,1346.8669153571122,484.97706042776844,396.31187691868615,2297.4219537955382,Non-critical,Non-critical
Bearing1_1,287,2803,2515,1324.4599683723377,484.97706042776844,373.9049299339116,2275.0150068107637,Non-critical,Non-critical
Bearing1_1,288,2803,2514,1320.20173234878,484.97706042776844,369.646693910354,2270.7567707872063,Non-critical,Non-critical
Bearing1_1,289,2803,2513,1326.9819881109636,484.97706042776844,376.4269496725375,2277.53702654939,Non-critical,Non-critical
Bearing1_1,290,2803,2512,1327.5988921761818,484.97706042776844,377.04385373775574,2278.153930614608,Non-critical,Non-critical
Bearing1_1,291,2803,2511,1327.9026462413512,484.97706042776844,377.34760780292515,2278.4576846797772,Non-critical,Non-critical
Bearing1_1,292,2803,2510,1323.53931024195,484.97706042776844,372.98427180352394,2274.0943486803762,Non-critical,Non-critical
Bearing1_1,293,2803,2509,1329.4809360873498,484.97706042776844,378.92589764892375,2280.035974525776,Non-critical,Non-critical
Bearing1_1,294,2803,2508,1330.8283362023078,484.97706042776844,380.2732977638817,2281.383374640734,Non-critical,Non-critical
Bearing1_1,295,2803,2507,1329.4809360873498,484.97706042776844,378.92589764892375,2280.035974525776,Non-critical,Non-critical
Bearing1_1,296,2803,2506,1332.9236139563634,484.97706042776844,382.3685755179373,2283.4786523947896,Non-critical,Non-critical
Bearing1_1,297,2803,2505,1366.8753248045634,484.97706042776844,416.32028636613734,2317.4303632429896,Non-critical,Non-critical
Bearing1_1,298,2803,2504,1332.9236139563634,484.97706042776844,382.3685755179373,2283.4786523947896,Non-critical,Non-critical
Bearing1_1,299,2803,2503,1365.9546666741758,484.97706042776844,415.3996282357497,2316.5097051126018,Non-critical,Non-critical
Bearing1_1,300,2803,2502,1326.1433581941799,484.97706042776844,375.5883197557538,2276.698396632606,Non-critical,Non-critical
Bearing1_1,301,2803,2501,1326.1433581941799,484.97706042776844,375.5883197557538,2276.698396632606,Non-critical,Non-critical
Bearing1_1,302,2803,2500,1329.4809360873498,484.97706042776844,378.92589764892375,2280.035974525776,Non-critical,Non-critical
Bearing1_1,303,2803,2499,1329.4809360873498,484.97706042776844,378.92589764892375,2280.035974525776,Non-critical,Non-critical
Bearing1_1,304,2803,2498,1324.4095558325323,484.97706042776844,373.8545173941062,2274.9645942709585,Non-critical,Non-critical
Bearing1_1,305,2803,2497,1327.8522337015459,484.97706042776844,377.29719526311976,2278.407272139972,Non-critical,Non-critical
Bearing1_1,306,2803,2496,1324.4095558325323,484.97706042776844,373.8545173941062,2274.9645942709585,Non-critical,Non-critical
Bearing1_1,307,2803,2495,1323.4888977021446,484.97706042776844,372.93385926371855,2274.0439361405706,Non-critical,Non-critical
Bearing1_1,308,2803,2494,1324.4095558325323,484.97706042776844,373.8545173941062,2274.9645942709585,Non-critical,Non-critical
Bearing1_1,309,2803,2493,1324.4095558325323,484.97706042776844,373.8545173941062,2274.9645942709585,Non-critical,Non-critical
Bearing1_1,310,2803,2492,1326.9315755711582,484.97706042776844,376.3765371327321,2277.486614009584,Non-critical,Non-critical
Bearing1_1,311,2803,2491,1324.4095558325323,484.97706042776844,373.8545173941062,2274.9645942709585,Non-critical,Non-critical
Bearing1_1,312,2803,2490,1348.7059478266215,484.97706042776844,398.1509093881954,2299.2609862650474,Non-critical,Non-critical
Bearing1_1,313,2803,2489,1324.4095558325323,484.97706042776844,373.8545173941062,2274.9645942709585,Non-critical,Non-critical
Bearing1_1,314,2803,2488,1325.7569559474903,484.97706042776844,375.2019175090642,2276.3119943859165,Non-critical,Non-critical
Bearing1_1,315,2803,2487,1324.4095558325323,484.97706042776844,373.8545173941062,2274.9645942709585,Non-critical,Non-critical
Bearing1_1,316,2803,2486,1324.9689823775295,484.97706042776844,374.41394393910343,2275.5240208159557,Non-critical,Non-critical
Bearing1_1,317,2803,2485,1325.1314210770781,484.97706042776844,374.57638263865203,2275.6864595155043,Non-critical,Non-critical
Bearing1_1,318,2803,2484,1325.272736442699,484.97706042776844,374.71769800427285,2275.827774881125,Non-critical,Non-critical
Bearing1_1,319,2803,2483,1324.3520783123113,484.97706042776844,373.7970398738852,2274.9071167507373,Non-critical,Non-critical
Bearing1_1,320,2803,2482,1325.272736442699,484.97706042776844,374.71769800427285,2275.827774881125,Non-critical,Non-critical
Bearing1_1,321,2803,2481,1324.3520783123113,484.97706042776844,373.7970398738852,2274.9071167507373,Non-critical,Non-critical
Bearing1_1,322,2803,2480,1327.7947561813248,484.97706042776844,377.23971774289873,2278.349794619751,Non-critical,Non-critical
Bearing1_1,323,2803,2479,1327.7947561813248,484.97706042776844,377.23971774289873,2278.349794619751,Non-critical,Non-critical
Bearing1_1,324,2803,2478,1328.7154143117125,484.97706042776844,378.1603758732864,2279.2704527501387,Non-critical,Non-critical
Bearing1_1,325,2803,2477,1325.3442446772879,484.97706042776844,374.78920623886177,2275.899283115714,Non-critical,Non-critical
Bearing1_1,326,2803,2476,1306.734487266716,484.97706042776844,356.17944882829,2257.2895257051423,Non-critical,Non-critical
Bearing1_1,327,2803,2475,1309.386938785606,484.97706042776844,358.83190034717984,2259.941977224032,Non-critical,Non-critical
Bearing1_1,328,2803,2474,1309.386938785606,484.97706042776844,358.83190034717984,2259.941977224032,Non-critical,Non-critical
Bearing1_1,329,2803,2473,1309.386938785606,484.97706042776844,358.83190034717984,2259.941977224032,Non-critical,Non-critical
Bearing1_1,330,2803,2472,1309.0831847204365,484.97706042776844,358.5281462820104,2259.6382231588627,Non-critical,Non-critical
Bearing1_1,331,2803,2471,1305.9570106318558,484.97706042776844,355.40197219342974,2256.512049070282,Non-critical,Non-critical
Bearing1_1,332,2803,2470,1306.6759632306985,484.97706042776844,356.1209247922724,2257.2310016691245,Non-critical,Non-critical
Bearing1_1,333,2803,2469,1297.9408604878831,484.97706042776844,347.38582204945703,2248.495898926309,Non-critical,Non-critical
Bearing1_1,334,2803,2468,1294.3568672532483,484.97706042776844,343.8018288148222,2244.9119056916743,Non-critical,Non-critical
Bearing1_1,335,2803,2467,1286.2931420653858,484.97706042776844,335.73810362695974,2236.848180503812,Non-critical,Non-critical
Bearing1_1,336,2803,2466,1286.5968961305553,484.97706042776844,336.04185769212916,2237.1519345689812,Non-critical,Non-critical
Bearing1_1,337,2803,2465,1282.9678159979742,484.97706042776844,332.4127775595481,2233.5228544364004,Non-critical,Non-critical
Bearing1_1,338,2803,2464,1281.9131920899727,484.97706042776844,331.35815365154656,2232.4682305283986,Non-critical,Non-critical
Bearing1_1,339,2803,2463,1277.6911714561918,484.97706042776844,327.1361330177657,2228.246209894618,Non-critical,Non-critical
Bearing1_1,340,2803,2462,1278.6118295865795,484.97706042776844,328.05679114815337,2229.1668680250054,Non-critical,Non-critical
Bearing1_1,341,2803,2461,1277.6911714561918,484.97706042776844,327.1361330177657,2228.246209894618,Non-critical,Non-critical
Bearing1_1,342,2803,2460,1278.6118295865795,484.97706042776844,328.05679114815337,2229.1668680250054,Non-critical,Non-critical
Bearing1_1,343,2803,2459,1278.30807552141,484.97706042776844,327.75303708298395,2228.863113959836,Non-critical,Non-critical
Bearing1_1,344,2803,2458,1278.6118295865795,484.97706042776844,328.05679114815337,2229.1668680250054,Non-critical,Non-critical
Bearing1_1,345,2803,2457,1277.6911714561918,484.97706042776844,327.1361330177657,2228.246209894618,Non-critical,Non-critical
Bearing1_1,346,2803,2456,1293.6484773478737,484.97706042776844,343.0934389094476,2244.2035157862997,Non-critical,Non-critical
Bearing1_1,347,2803,2455,1278.4705142209586,484.97706042776844,327.91547578253255,2229.0255526593846,Non-critical,Non-critical
Bearing1_1,348,2803,2454,1231.510961528395,484.97706042776844,280.9559230899689,2182.065999966821,Non-critical,Non-critical
Bearing1_1,349,2803,2453,1231.3485228288464,484.97706042776844,280.7934843904203,2181.9035612672724,Non-critical,Non-critical
Bearing1_1,350,2803,2452,1231.6522768940158,484.97706042776844,281.0972384555897,2182.207315332442,Non-critical,Non-critical
Bearing1_1,351,2803,2451,1343.2442666560733,484.97706042776844,392.68922821764716,2293.7993050944992,Non-critical,Non-critical
Bearing1_1,352,2803,2450,1231.6522768940158,484.97706042776844,281.0972384555897,2182.207315332442,Non-critical,Non-critical
Bearing1_1,353,2803,2449,1235.0949547630298,484.97706042776844,284.5399163246037,2185.649993201456,Non-critical,Non-critical
Bearing1_1,354,2803,2448,1230.7316187636281,484.97706042776844,280.17658032520205,2181.2866572020544,Non-critical,Non-critical
Bearing1_1,355,2803,2447,1231.6522768940158,484.97706042776844,281.0972384555897,2182.207315332442,Non-critical,Non-critical
Bearing1_1,356,2803,2446,1231.6522768940158,484.97706042776844,281.0972384555897,2182.207315332442,Non-critical,Non-critical
Bearing1_1,357,2803,2445,1225.3840489452984,484.97706042776844,274.82901050687235,2175.9390873837247,Non-critical,Non-critical
Bearing1_1,358,2803,2444,1213.5863720879402,484.97706042776844,263.03133364951407,2164.141410526366,Non-critical,Non-critical
Bearing1_1,359,2803,2443,1192.1217074867773,484.97706042776844,241.56666904835117,2142.6767459252032,Non-critical,Non-critical
Bearing1_1,360,2803,2442,1192.7386115519955,484.97706042776844,242.18357311356942,2143.2936499904217,Non-critical,Non-critical
Bearing1_1,361,2803,2441,1190.7743073718193,484.97706042776844,240.2192689333932,2141.3293458102453,Non-critical,Non-critical
Bearing1_1,362,2803,2440,1190.7743073718193,484.97706042776844,240.2192689333932,2141.3293458102453,Non-critical,Non-critical
Bearing1_1,363,2803,2439,1192.7386115519955,484.97706042776844,242.18357311356942,2143.2936499904217,Non-critical,Non-critical
Bearing1_1,364,2803,2438,1209.5078171483744,484.97706042776844,258.95277870994835,2160.0628555868007,Non-critical,Non-critical
Bearing1_1,365,2803,2437,1189.8536492414316,484.97706042776844,239.29861080300554,2140.408687679858,Non-critical,Non-critical
Bearing1_1,366,2803,2436,1208.9996715088469,484.97706042776844,258.44463307042076,2159.554709947273,Non-critical,Non-critical
Bearing1_1,367,2803,2435,1207.3507902278059,484.97706042776844,256.7957517893798,2157.905828666232,Non-critical,Non-critical
Bearing1_1,368,2803,2434,1171.035717669917,484.97706042776844,220.48067923149085,2121.590756108343,Non-critical,Non-critical
Bearing1_1,369,2803,2433,1210.543069787678,484.97706042776844,259.98803134925186,2161.098108226104,Non-critical,Non-critical
Bearing1_1,370,2803,2432,1173.303775915263,484.97706042776844,222.74873747683694,2123.858814353689,Non-critical,Non-critical
Bearing1_1,371,2803,2431,1171.6526217351352,484.97706042776844,221.0975832967091,2122.207660173561,Non-critical,Non-critical
Bearing1_1,372,2803,2430,1171.9563758003046,484.97706042776844,221.40133736187852,2122.5114142387306,Non-critical,Non-critical
Bearing1_1,373,2803,2429,1209.350764517519,484.97706042776844,258.795726079093,2159.905802955945,Non-critical,Non-critical
Bearing1_1,374,2803,2428,1175.3990536693186,484.97706042776844,224.84401523089252,2125.9540921077446,Non-critical,Non-critical
Bearing1_1,375,2803,2427,1171.9563758003046,484.97706042776844,221.40133736187852,2122.5114142387306,Non-critical,Non-critical
Bearing1_1,376,2803,2426,1175.3990536693186,484.97706042776844,224.84401523089252,2125.9540921077446,Non-critical,Non-critical
Bearing1_1,377,2803,2425,1171.9563758003046,484.97706042776844,221.40133736187852,2122.5114142387306,Non-critical,Non-critical
Bearing1_1,378,2803,2424,1171.6526217351352,484.97706042776844,221.0975832967091,2122.207660173561,Non-critical,Non-critical
Bearing1_1,379,2803,2423,1175.3990536693186,484.97706042776844,224.84401523089252,2125.9540921077446,Non-critical,Non-critical
Bearing1_1,380,2803,2422,1174.478395538931,484.97706042776844,223.92335710050486,2125.033433977357,Non-critical,Non-critical
Bearing1_1,381,2803,2421,1171.035717669917,484.97706042776844,220.48067923149085,2121.590756108343,Non-critical,Non-critical
Bearing1_1,382,2803,2420,1175.2577383036978,484.97706042776844,224.7026998652717,2125.812776742124,Non-critical,Non-critical
Bearing1_1,383,2803,2419,1177.6671119146642,484.97706042776844,227.11207347623815,2128.2221503530905,Non-critical,Non-critical
Bearing1_1,384,2803,2418,1175.0952996041492,484.97706042776844,224.5402611657231,2125.650338042575,Non-critical,Non-critical
Bearing1_1,385,2803,2417,1171.9563758003046,484.97706042776844,221.40133736187852,2122.5114142387306,Non-critical,Non-critical
Bearing1_1,386,2803,2416,1175.3990536693186,484.97706042776844,224.84401523089252,2125.9540921077446,Non-critical,Non-critical
Bearing1_1,387,2803,2415,1171.9563758003046,484.97706042776844,221.40133736187852,2122.5114142387306,Non-critical,Non-critical
Bearing1_1,388,2803,2414,1378.3080046380935,484.97706042776844,427.7529661996674,2328.8630430765197,Non-critical,Non-critical
Bearing1_1,389,2803,2413,1171.9563758003046,484.97706042776844,221.40133736187852,2122.5114142387306,Non-critical,Non-critical
Bearing1_1,390,2803,2412,1192.8628124281822,484.97706042776844,242.30777398975613,2143.417850866608,Non-critical,Non-critical
Bearing1_1,391,2803,2411,1171.9563758003046,484.97706042776844,221.40133736187852,2122.5114142387306,Non-critical,Non-critical
Bearing1_1,392,2803,2410,1174.478395538931,484.97706042776844,223.92335710050486,2125.033433977357,Non-critical,Non-critical
Bearing1_1,393,2803,2409,1195.7794356553427,484.97706042776844,245.2243972169166,2146.3344740937687,Non-critical,Non-critical
Bearing1_1,394,2803,2408,1175.849921247983,484.97706042776844,225.29488280955695,2126.4049596864093,Non-critical,Non-critical
Bearing1_1,395,2803,2407,1191.1407531555246,484.97706042776844,240.58571471709854,2141.6957915939506,Non-critical,Non-critical
Bearing1_1,396,2803,2406,1175.3990536693186,484.97706042776844,224.84401523089252,2125.9540921077446,Non-critical,Non-critical
Bearing1_1,397,2803,2405,1198.8964430670164,484.97706042776844,248.34140462859034,2149.4514815054426,Non-critical,Non-critical
Bearing1_1,398,2803,2404,1175.849921247983,484.97706042776844,225.29488280955695,2126.4049596864093,Non-critical,Non-critical
Bearing1_1,399,2803,2403,1181.028294392973,484.97706042776844,230.47325595454697,2131.5833328313993,Non-critical,Non-critical
Bearing1_1,400,2803,2402,1153.040467079319,484.97706042776844,202.4854286408928,2103.595505517745,Non-critical,Non-critical
Bearing1_1,401,2803,2401,1171.2025833918865,484.97706042776844,220.6475449534604,2121.7576218303125,Non-critical,Non-critical
Bearing1_1,402,2803,2400,1384.9986707180249,484.97706042776844,434.4436322795988,2335.553709156451,Non-critical,Non-critical
Bearing1_1,403,2803,2399,1151.38841158669,484.97706042776844,200.83337314826383,2101.943450025116,Non-critical,Non-critical
Bearing1_1,404,2803,2398,1169.0358311141972,484.97706042776844,218.4807926757711,2119.590869552623,Non-critical,Non-critical
Bearing1_1,405,2803,2397,1147.945733717676,484.97706042776844,197.39069527924983,2098.500772156102,Non-critical,Non-critical
Bearing1_1,406,2803,2396,1258.5946438613335,484.97706042776844,308.03960542290736,2209.1496822997597,Non-critical,Non-critical
Bearing1_1,407,2803,2395,1384.2231276442872,484.97706042776844,433.66808920586107,2334.778166082713,Non-critical,Non-critical
Bearing1_1,408,2803,2394,1161.5599769540931,484.97706042776844,211.00493851566705,2112.115015392519,Non-critical,Non-critical
Bearing1_1,409,2803,2393,1184.7478141387473,484.97706042776844,234.19277570032125,2135.3028525771733,Non-critical,Non-critical
Bearing1_1,410,2803,2392,1184.8949276522424,484.97706042776844,234.33988921381626,2135.4499660906686,Non-critical,Non-critical
Bearing1_1,411,2803,2391,1185.1986817174118,484.97706042776844,234.64364327898568,2135.753720155838,Non-critical,Non-critical
Bearing1_1,412,2803,2390,1161.7070904675882,484.97706042776844,211.15205202916206,2112.2621289060144,Non-critical,Non-critical
Bearing1_1,413,2803,2389,1388.1794948169602,484.97706042776844,437.6244563785341,2338.7345332553864,Non-critical,Non-critical
Bearing1_1,414,2803,2388,1182.7673340657766,484.97706042776844,232.2122956273505,2133.3223725042026,Non-critical,Non-critical
Bearing1_1,415,2803,2387,1161.4186615884723,484.97706042776844,210.86362315004624,2111.9737000268983,Non-critical,Non-critical
Bearing1_1,416,2803,2386,1182.7673340657766,484.97706042776844,232.2122956273505,2133.3223725042026,Non-critical,Non-critical
Bearing1_1,417,2803,2385,1182.7673340657766,484.97706042776844,232.2122956273505,2133.3223725042026,Non-critical,Non-critical
Bearing1_1,418,2803,2384,1158.1172990850791,484.97706042776844,207.56226064665304,2108.672337523505,Non-critical,Non-critical
Bearing1_1,419,2803,2383,1162.7296161567385,484.97706042776844,212.17457771831243,2113.2846545951647,Non-critical,Non-critical
Bearing1_1,420,2803,2382,1374.4233036618102,484.97706042776844,423.8682652233841,2324.978342100236,Non-critical,Non-critical
Bearing1_1,421,2803,2381,1381.4267950819549,484.97706042776844,430.8717566435288,2331.981833520381,Non-critical,Non-critical
Bearing1_1,422,2803,2380,1161.5968159779068,484.97706042776844,211.04177753948068,2112.1518544163328,Non-critical,Non-critical
Bearing1_1,423,2803,2379,1164.013735740689,484.97706042776844,213.45869730226298,2114.5687741791153,Non-critical,Non-critical
Bearing1_1,424,2803,2378,1162.5515379446458,484.97706042776844,211.99649950621972,2113.106576383072,Non-critical,Non-critical
Bearing1_1,425,2803,2377,1161.4917160020627,484.97706042776844,210.93667756363664,2112.0467544404887,Non-critical,Non-critical
Bearing1_1,426,2803,2376,1143.4232826942243,484.97706042776844,192.86824425579823,2093.9783211326503,Non-critical,Non-critical
Bearing1_1,427,2803,2375,1160.3335609477474,484.97706042776844,209.7785225093213,2110.8885993861736,Non-critical,Non-critical
Bearing1_1,428,2803,2374,1164.793078505456,484.97706042776844,214.23804006702983,2115.348116943882,Non-critical,Non-critical
Bearing1_1,429,2803,2373,1200.1220229439377,484.97706042776844,249.56698450551164,2150.6770613823637,Non-critical,Non-critical
Bearing1_1,430,2803,2372,1140.2843588903797,484.97706042776844,189.72932045195364,2090.8393973288057,Non-critical,Non-critical
Bearing1_1,431,2803,2371,1138.1129612073196,484.97706042776844,187.5579227688935,2088.6679996457456,Non-critical,Non-critical
Bearing1_1,432,2803,2370,1137.0714578699021,484.97706042776844,186.51641943147604,2087.626496308328,Non-critical,Non-critical
Bearing1_1,433,2803,2369,1138.2753999068682,484.97706042776844,187.7203614684421,2088.830438345294,Non-critical,Non-critical
Bearing1_1,434,2803,2368,1137.9921160002898,484.97706042776844,187.4370775618637,2088.547154438716,Non-critical,Non-critical
Bearing1_1,435,2803,2367,1137.9921160002898,484.97706042776844,187.4370775618637,2088.547154438716,Non-critical,Non-critical
Bearing1_1,436,2803,2366,1140.9387350111153,484.97706042776844,190.38369657268925,2091.4937734495415,Non-critical,Non-critical
Bearing1_1,437,2803,2365,1137.9921160002898,484.97706042776844,187.4370775618637,2088.547154438716,Non-critical,Non-critical
Bearing1_1,438,2803,2364,1138.416715272489,484.97706042776844,187.8616768340629,2088.971753710915,Non-critical,Non-critical
Bearing1_1,439,2803,2363,1134.5494381312758,484.97706042776844,183.9943996928497,2085.104476569702,Non-critical,Non-critical
Bearing1_1,440,2803,2362,1135.278080145203,484.97706042776844,184.72304170677683,2085.833118583629,Non-critical,Non-critical
Bearing1_1,441,2803,2361,1137.9921160002898,484.97706042776844,187.4370775618637,2088.547154438716,Non-critical,Non-critical
Bearing1_1,442,2803,2360,1174.0067201988097,484.97706042776844,223.45168176038362,2124.561758637236,Non-critical,Non-critical
Bearing1_1,443,2803,2359,1194.3871021848338,484.97706042776844,243.8320637464077,2144.94214062326,Non-critical,Non-critical
Bearing1_1,444,2803,2358,1343.0519003153515,484.97706042776844,392.49686187692544,2293.6069387537777,Non-critical,Non-critical
Bearing1_1,445,2803,2357,1141.5556390763336,484.97706042776844,191.0006006379075,2092.1106775147596,Non-critical,Non-critical
Bearing1_1,446,2803,2356,1158.0708831794313,484.97706042776844,207.51584474100525,2108.6259216178573,Non-critical,Non-critical
Bearing1_1,447,2803,2355,1153.8998519730487,484.97706042776844,203.34481353462263,2104.454890411475,Non-critical,Non-critical
Bearing1_1,448,2803,2354,1141.5556390763336,484.97706042776844,191.0006006379075,2092.1106775147596,Non-critical,Non-critical
Bearing1_1,449,2803,2353,1104.9594087034052,484.97706042776844,154.4043702649791,2055.514447141831,Non-critical,Non-critical
Bearing1_1,450,2803,2352,1108.4020865724187,484.97706042776844,157.84704813399264,2058.9571250108447,Non-critical,Non-critical
Bearing1_1,451,2803,2351,1102.151953504775,484.97706042776844,151.59691506634897,2052.706991943201,Non-critical,Non-critical
Bearing1_1,452,2803,2350,1105.5946313737886,484.97706042776844,155.03959293536252,2056.1496698122146,Non-critical,Non-critical
Bearing1_1,453,2803,2349,1107.481428442031,484.97706042776844,156.92639000360498,2058.0364668804573,Non-critical,Non-critical
Bearing1_1,454,2803,2348,1108.4020865724187,484.97706042776844,157.84704813399264,2058.9571250108447,Non-critical,Non-critical
Bearing1_1,455,2803,2347,1108.4020865724187,484.97706042776844,157.84704813399264,2058.9571250108447,Non-critical,Non-critical
Bearing1_1,456,2803,2346,1108.4020865724187,484.97706042776844,157.84704813399264,2058.9571250108447,Non-critical,Non-critical
Bearing1_1,457,2803,2345,1106.939888776376,484.97706042776844,156.38485033794984,2057.494927214802,Non-critical,Non-critical
Bearing1_1,458,2803,2344,1106.0192306459883,484.97706042776844,155.46419220756218,2056.5742690844145,Non-critical,Non-critical
Bearing1_1,459,2803,2343,1083.934712741702,484.97706042776844,133.37967430327592,2034.4897511801282,Non-critical,Non-critical
Bearing1_1,460,2803,2342,1105.5946313737886,484.97706042776844,155.03959293536252,2056.1496698122146,Non-critical,Non-critical
Bearing1_1,461,2803,2341,1108.4020865724187,484.97706042776844,157.84704813399264,2058.9571250108447,Non-critical,Non-critical
Bearing1_1,462,2803,2340,1123.6929184799599,484.97706042776844,173.13788004153378,2074.247956918386,Non-critical,Non-critical
Bearing1_1,463,2803,2339,1106.2115354390069,484.97706042776844,155.65649700058077,2056.766573877433,Non-critical,Non-critical
Bearing1_1,464,2803,2338,1108.4020865724187,484.97706042776844,157.84704813399264,2058.9571250108447,Non-critical,Non-critical
Bearing1_1,465,2803,2337,1110.3825666453895,484.97706042776844,159.8275282069634,2060.9376050838155,Non-critical,Non-critical
Bearing1_1,466,2803,2336,1109.4619085150018,484.97706042776844,158.90687007657573,2060.016946953428,Non-critical,Non-critical
Bearing1_1,467,2803,2335,1110.07881258022,484.97706042776844,159.52377414179398,2060.633851018646,Non-critical,Non-critical
Bearing1_1,468,2803,2334,1110.3825666453895,484.97706042776844,159.8275282069634,2060.9376050838155,Non-critical,Non-critical
Bearing1_1,469,2803,2333,1126.666211551741,484.97706042776844,176.11117311331498,2077.221249990167,Non-critical,Non-critical
Bearing1_1,470,2803,2332,1125.7455534213534,484.97706042776844,175.1905149829273,2076.3005918597796,Non-critical,Non-critical
Bearing1_1,471,2803,2331,1108.4020865724187,484.97706042776844,157.84704813399264,2058.9571250108447,Non-critical,Non-critical
Bearing1_1,472,2803,2330,1106.2115354390069,484.97706042776844,155.65649700058077,2056.766573877433,Non-critical,Non-critical
Bearing1_1,473,2803,2329,1125.2158541733102,484.97706042776844,174.66081573488407,2075.770892611736,Non-critical,Non-critical
Bearing1_1,474,2803,2328,1107.9318265594652,484.97706042776844,157.3767881210391,2058.486864997891,Non-critical,Non-critical
Bearing1_1,475,2803,2327,1123.6857722177735,484.97706042776844,173.13073377934745,2074.2408106561998,Non-critical,Non-critical
Bearing1_1,476,2803,2326,1103.9232340526312,484.97706042776844,153.3681956142051,2054.4782724910574,Non-critical,Non-critical
Bearing1_1,477,2803,2325,1103.9232340526312,484.97706042776844,153.3681956142051,2054.4782724910574,Non-critical,Non-critical
Bearing1_1,478,2803,2324,1120.8956514873164,484.97706042776844,170.3406130488903,2071.4506899257426,Non-critical,Non-critical
Bearing1_1,479,2803,2323,1121.1994055524858,484.97706042776844,170.64436711405972,2071.754443990912,Non-critical,Non-critical
Bearing1_1,480,2803,2322,1125.8619577446755,484.97706042776844,175.30691930624937,2076.4169961831017,Non-critical,Non-critical
Bearing1_1,481,2803,2321,1121.1994055524858,484.97706042776844,170.64436711405972,2071.754443990912,Non-critical,Non-critical
Bearing1_1,482,2803,2320,1122.1655444903406,484.97706042776844,171.6105060519145,2072.720582928767,Non-critical,Non-critical
Bearing1_1,483,2803,2319,1121.1994055524858,484.97706042776844,170.64436711405972,2071.754443990912,Non-critical,Non-critical
Bearing1_1,484,2803,2318,1121.1994055524858,484.97706042776844,170.64436711405972,2071.754443990912,Non-critical,Non-critical
Bearing1_1,485,2803,2317,1120.8956514873164,484.97706042776844,170.3406130488903,2071.4506899257426,Non-critical,Non-critical
Bearing1_1,486,2803,2316,1121.1994055524858,484.97706042776844,170.64436711405972,2071.754443990912,Non-critical,Non-critical
Bearing1_1,487,2803,2315,1101.5781827529643,484.97706042776844,151.02314431453817,2052.1332211913905,Non-critical,Non-critical
Bearing1_1,488,2803,2314,1101.5781827529643,484.97706042776844,151.02314431453817,2052.1332211913905,Non-critical,Non-critical
Bearing1_1,489,2803,2313,1125.0826149799086,484.97706042776844,174.52757654148252,2075.6376534183346,Non-critical,Non-critical
Bearing1_1,490,2803,2312,1123.0862026207283,484.97706042776844,172.53116418230218,2073.6412410591543,Non-critical,Non-critical
Bearing1_1,491,2803,2311,1316.0229518268968,484.97706042776844,365.4679133884707,2266.577990265323,Non-critical,Non-critical
Bearing1_1,492,2803,2310,1103.4649798212067,484.97706042776844,152.90994138278063,2054.0200182596327,Non-critical,Non-critical
Bearing1_1,493,2803,2309,1206.6928520356087,484.97706042776844,256.13781359718257,2157.2478904740346,Non-critical,Non-critical
Bearing1_1,494,2803,2308,1103.4649798212067,484.97706042776844,152.90994138278063,2054.0200182596327,Non-critical,Non-critical
Bearing1_1,495,2803,2307,1102.544321690819,484.97706042776844,151.98928325239297,2053.0993601292453,Non-critical,Non-critical
Bearing1_1,496,2803,2306,1111.7813866604422,484.97706042776844,161.2263482220161,2062.3364250988684,Non-critical,Non-critical
Bearing1_1,497,2803,2305,1307.4054074841488,484.97706042776844,356.8503690457227,2257.9604459225748,Non-critical,Non-critical
Bearing1_1,498,2803,2304,1103.1612257560373,484.97706042776844,152.60618731761122,2053.7162641944633,Non-critical,Non-critical
Bearing1_1,499,2803,2303,1104.5248017637898,484.97706042776844,153.96976332536372,2055.079840202216,Non-critical,Non-critical
Bearing1_1,500,2803,2302,1249.8938600261558,484.97706042776844,299.33882158772974,2200.448898464582,Non-critical,Non-critical
Bearing1_1,501,2803,2301,1294.5968279972094,484.97706042776844,344.0417895587833,2245.1518664356354,Non-critical,Non-critical
Bearing1_1,502,2803,2300,1310.851733336368,484.97706042776844,360.29669489794185,2261.406771774794,Non-critical,Non-critical
Bearing1_1,503,2803,2299,1101.5781827529643,484.97706042776844,151.02314431453817,2052.1332211913905,Non-critical,Non-critical
Bearing1_1,504,2803,2298,1094.6018356062393,484.97706042776844,144.04679716781322,2045.1568740446655,Non-critical,Non-critical
Bearing1_1,505,2803,2297,1103.4649798212067,484.97706042776844,152.90994138278063,2054.0200182596327,Non-critical,Non-critical
Bearing1_1,506,2803,2296,1098.7726991760053,484.97706042776844,148.2176607375792,2049.3277376144315,Non-critical,Non-critical
Bearing1_1,507,2803,2295,1160.2084267545501,484.97706042776844,209.65338831612405,2110.763465192976,Non-critical,Non-critical
Bearing1_1,508,2803,2294,1102.6399763172185,484.97706042776844,152.0849378787924,2053.1950147556445,Non-critical,Non-critical
Bearing1_1,509,2803,2293,1140.025160084057,484.97706042776844,189.4701216456309,2090.580198522483,Non-critical,Non-critical
Bearing1_1,510,2803,2292,1120.1518879004748,484.97706042776844,169.59684946204868,2070.7069263389008,Non-critical,Non-critical
Bearing1_1,511,2803,2291,1121.7349309035478,484.97706042776844,171.17989246512172,2072.289969341974,Non-critical,Non-critical
Bearing1_1,512,2803,2290,1119.231229770087,484.97706042776844,168.67619133166102,2069.7862682085133,Non-critical,Non-critical
Bearing1_1,513,2803,2289,1112.7488719678702,484.97706042776844,162.19383352944408,2063.3039104062964,Non-critical,Non-critical
Bearing1_1,514,2803,2288,1131.2626404639161,484.97706042776844,180.70760202549002,2081.8176789023423,Non-critical,Non-critical
Bearing1_1,515,2803,2287,1107.976207412383,484.97706042776844,157.42116897395692,2058.5312458508092,Non-critical,Non-critical
Bearing1_1,516,2803,2286,1129.32430443864,484.97706042776844,178.76926600021386,2079.879342877066,Non-critical,Non-critical
Bearing1_1,517,2803,2285,1103.5229410073086,484.97706042776844,152.96790256888255,2054.077979445735,Non-critical,Non-critical
Bearing1_1,518,2803,2284,1106.9656188763224,484.97706042776844,156.41058043789633,2057.5206573147484,Non-critical,Non-critical
Bearing1_1,519,2803,2283,1106.661864811153,484.97706042776844,156.1068263727269,2057.216903249579,Non-critical,Non-critical
Bearing1_1,520,2803,2282,1106.9656188763224,484.97706042776844,156.41058043789633,2057.5206573147484,Non-critical,Non-critical
Bearing1_1,521,2803,2281,1103.3816256416878,484.97706042776844,152.82658720326174,2053.936664080114,Non-critical,Non-critical
Bearing1_1,522,2803,2280,1126.7721103927072,484.97706042776844,176.2170719542811,2077.3271488311334,Non-critical,Non-critical
Bearing1_1,523,2803,2279,1317.5289625075388,484.97706042776844,366.97392406911274,2268.084000945965,Non-critical,Non-critical
Bearing1_1,524,2803,2278,1106.0449607459348,484.97706042776844,155.48992230750866,2056.599999184361,Non-critical,Non-critical
Bearing1_1,525,2803,2277,1105.409738075551,484.97706042776844,154.854699637125,2055.964776513977,Non-critical,Non-critical
Bearing1_1,526,2803,2276,1120.6744381619767,484.97706042776844,170.1193997235506,2071.229476600403,Non-critical,Non-critical
Bearing1_1,527,2803,2275,1122.2564507838638,484.97706042776844,171.7014123454377,2072.8114892222898,Non-critical,Non-critical
Bearing1_1,528,2803,2274,1079.577791574993,484.97706042776844,129.02275313656685,2030.1328300134192,Non-critical,Non-critical
Bearing1_1,529,2803,2273,1079.577791574993,484.97706042776844,129.02275313656685,2030.1328300134192,Non-critical,Non-critical
Bearing1_1,530,2803,2272,1097.4721401477793,484.97706042776844,146.91710170935323,2048.0271785862055,Non-critical,Non-critical
Bearing1_1,531,2803,2271,1081.4645886432354,484.97706042776844,130.9095502048093,2032.0196270816614,Non-critical,Non-critical
Bearing1_1,532,2803,2270,1081.4645886432354,484.97706042776844,130.9095502048093,2032.0196270816614,Non-critical,Non-critical
Bearing1_1,533,2803,2269,1081.3232732776146,484.97706042776844,130.7682348391885,2031.8783117160406,Non-critical,Non-critical
Bearing1_1,534,2803,2268,1081.4645886432354,484.97706042776844,130.9095502048093,2032.0196270816614,Non-critical,Non-critical
Bearing1_1,535,2803,2267,1081.4645886432354,484.97706042776844,130.9095502048093,2032.0196270816614,Non-critical,Non-critical
Bearing1_1,536,2803,2266,1080.5439305128477,484.97706042776844,129.98889207442164,2031.098968951274,Non-critical,Non-critical
Bearing1_1,537,2803,2265,1098.278356244127,484.97706042776844,147.72331780570096,2048.8333946825533,Non-critical,Non-critical
Bearing1_1,538,2803,2264,1079.577791574993,484.97706042776844,129.02275313656685,2030.1328300134192,Non-critical,Non-critical
Bearing1_1,539,2803,2263,1099.1990143745147,484.97706042776844,148.64397593608862,2049.7540528129407,Non-critical,Non-critical
Bearing1_1,540,2803,2262,1081.4645886432354,484.97706042776844,130.9095502048093,2032.0196270816614,Non-critical,Non-critical
Bearing1_1,541,2803,2261,1079.577791574993,484.97706042776844,129.02275313656685,2030.1328300134192,Non-critical,Non-critical
Bearing1_1,542,2803,2260,1081.3232732776146,484.97706042776844,130.7682348391885,2031.8783117160406,Non-critical,Non-critical
Bearing1_1,543,2803,2259,1079.577791574993,484.97706042776844,129.02275313656685,2030.1328300134192,Non-critical,Non-critical
Bearing1_1,544,2803,2258,1099.1990143745147,484.97706042776844,148.64397593608862,2049.7540528129407,Non-critical,Non-critical
Bearing1_1,545,2803,2257,1079.577791574993,484.97706042776844,129.02275313656685,2030.1328300134192,Non-critical,Non-critical
Bearing1_1,546,2803,2256,1095.9425525432011,484.97706042776844,145.38751410477505,2046.4975909816271,Non-critical,Non-critical
Bearing1_1,547,2803,2255,1096.20888511762,484.97706042776844,145.65384667919386,2046.763923556046,Non-critical,Non-critical
Bearing1_1,548,2803,2254,1076.93025921787,484.97706042776844,126.3752207794438,2027.485297656296,Non-critical,Non-critical
Bearing1_1,549,2803,2253,1080.5439305128477,484.97706042776844,129.98889207442164,2031.098968951274,Non-critical,Non-critical
Bearing1_1,550,2803,2252,1081.4645886432354,484.97706042776844,130.9095502048093,2032.0196270816614,Non-critical,Non-critical
Bearing1_1,551,2803,2251,1101.0858114427572,484.97706042776844,150.53077300433108,2051.6408498811834,Non-critical,Non-critical
Bearing1_1,552,2803,2250,1078.6571334446053,484.97706042776844,128.10209500617918,2029.2121718830313,Non-critical,Non-critical
Bearing1_1,553,2803,2249,1099.1990143745147,484.97706042776844,148.64397593608862,2049.7540528129407,Non-critical,Non-critical
Bearing1_1,554,2803,2248,1081.4645886432354,484.97706042776844,130.9095502048093,2032.0196270816614,Non-critical,Non-critical
Bearing1_1,555,2803,2247,1087.3097016703207,484.97706042776844,136.7546632318946,2037.864740108747,Non-critical,Non-critical
Bearing1_1,556,2803,2246,1065.942997168177,484.97706042776844,115.38795872975095,2016.498035606603,Non-critical,Non-critical
Bearing1_1,557,2803,2245,1065.942997168177,484.97706042776844,115.38795872975095,2016.498035606603,Non-critical,Non-critical
Bearing1_1,558,2803,2244,1065.942997168177,484.97706042776844,115.38795872975095,2016.498035606603,Non-critical,Non-critical
Bearing1_1,559,2803,2243,1305.5087245239133,484.97706042776844,354.9536860854872,2256.0637629623393,Non-critical,Non-critical
Bearing1_1,560,2803,2242,1306.518608668674,484.97706042776844,355.9635702302479,2257.0736471071,Non-critical,Non-critical
Bearing1_1,561,2803,2241,1064.2161229414417,484.97706042776844,113.66108450301556,2014.7711613798679,Non-critical,Non-critical
Bearing1_1,562,2803,2240,1067.8297942364195,484.97706042776844,117.27475579799341,2018.3848326748457,Non-critical,Non-critical
Bearing1_1,563,2803,2239,1085.564219967699,484.97706042776844,135.00918152927295,2036.119258406125,Non-critical,Non-critical
Bearing1_1,564,2803,2238,1085.564219967699,484.97706042776844,135.00918152927295,2036.119258406125,Non-critical,Non-critical
Bearing1_1,565,2803,2237,1065.0223390377894,484.97706042776844,114.46730059936328,2015.5773774762156,Non-critical,Non-critical
Bearing1_1,566,2803,2236,1084.6435618373114,484.97706042776844,134.0885233988853,2035.1986002757376,Non-critical,Non-critical
Bearing1_1,567,2803,2235,1065.942997168177,484.97706042776844,115.38795872975095,2016.498035606603,Non-critical,Non-critical
Bearing1_1,568,2803,2234,1085.564219967699,484.97706042776844,135.00918152927295,2036.119258406125,Non-critical,Non-critical
Bearing1_1,569,2803,2233,1067.52604017125,484.97706042776844,116.97100173282399,2018.0810786096763,Non-critical,Non-critical
Bearing1_1,570,2803,2232,1086.5303589055538,484.97706042776844,135.97532046712774,2037.0853973439798,Non-critical,Non-critical
Bearing1_1,571,2803,2231,1065.942997168177,484.97706042776844,115.38795872975095,2016.498035606603,Non-critical,Non-critical
Bearing1_1,572,2803,2230,1085.564219967699,484.97706042776844,135.00918152927295,2036.119258406125,Non-critical,Non-critical
Bearing1_1,573,2803,2229,1065.942997168177,484.97706042776844,115.38795872975095,2016.498035606603,Non-critical,Non-critical
Bearing1_1,574,2803,2228,1065.942997168177,484.97706042776844,115.38795872975095,2016.498035606603,Non-critical,Non-critical
Bearing1_1,575,2803,2227,1065.942997168177,484.97706042776844,115.38795872975095,2016.498035606603,Non-critical,Non-critical
Bearing1_1,576,2803,2226,1067.8297942364195,484.97706042776844,117.27475579799341,2018.3848326748457,Non-critical,Non-critical
Bearing1_1,577,2803,2225,1087.4510170359415,484.97706042776844,136.8959785975154,2038.0060554743677,Non-critical,Non-critical
Bearing1_1,578,2803,2224,1065.6392431030076,484.97706042776844,115.08420466458153,2016.1942815414336,Non-critical,Non-critical
Bearing1_1,579,2803,2223,1085.4229046020782,484.97706042776844,134.86786616365214,2035.9779430405042,Non-critical,Non-critical
Bearing1_1,580,2803,2222,1082.6795753439017,484.97706042776844,132.12453690547557,2033.2346137823279,Non-critical,Non-critical
Bearing1_1,581,2803,2221,1084.5663724121441,484.97706042776844,134.01133397371802,2035.12141085057,Non-critical,Non-critical
Bearing1_1,582,2803,2220,1080.2359815201637,484.97706042776844,129.6809430817376,2030.79101995859,Non-critical,Non-critical
Bearing1_1,583,2803,2219,1056.5224172079636,484.97706042776844,105.9673787695375,2007.0774556463898,Non-critical,Non-critical
Bearing1_1,584,2803,2218,1076.1436400074856,484.97706042776844,125.5886015690595,2026.6986784459118,Non-critical,Non-critical
Bearing1_1,585,2803,2217,1056.5224172079636,484.97706042776844,105.9673787695375,2007.0774556463898,Non-critical,Non-critical
Bearing1_1,586,2803,2216,1056.5224172079636,484.97706042776844,105.9673787695375,2007.0774556463898,Non-critical,Non-critical
Bearing1_1,587,2803,2215,1073.190932241341,484.97706042776844,122.6358938029149,2023.7459706797672,Non-critical,Non-critical
Bearing1_1,588,2803,2214,1048.5909248618866,484.97706042776844,98.03588642346051,1999.1459633003128,Non-critical,Non-critical
Bearing1_1,589,2803,2213,1065.2408595570532,484.97706042776844,114.68582111862713,2015.7958979954792,Non-critical,Non-critical
Bearing1_1,590,2803,2212,1068.2121476614082,484.97706042776844,117.65710922298206,2018.7671860998344,Non-critical,Non-critical
Bearing1_1,591,2803,2211,1048.5909248618866,484.97706042776844,98.03588642346051,1999.1459633003128,Non-critical,Non-critical
Bearing1_1,592,2803,2210,1063.8817567694277,484.97706042776844,113.32671833100164,2014.4367952078537,Non-critical,Non-critical
Bearing1_1,593,2803,2209,1049.5570637997414,484.97706042776844,99.0020253613153,2000.1121022381676,Non-critical,Non-critical
Bearing1_1,594,2803,2208,1069.178286599263,484.97706042776844,118.62324816083685,2019.7333250376892,Non-critical,Non-critical
Bearing1_1,595,2803,2207,1044.052627662203,484.97706042776844,93.4975892237768,1994.607666100629,Non-critical,Non-critical
Bearing1_1,596,2803,2206,1068.2121476614082,484.97706042776844,117.65710922298206,2018.7671860998344,Non-critical,Non-critical
Bearing1_1,597,2803,2205,1063.9776045268939,484.97706042776844,113.42256608846776,2014.53264296532,Non-critical,Non-critical
Bearing1_1,598,2803,2204,1081.2974249089793,484.97706042776844,130.74238647055324,2031.8524633474053,Non-critical,Non-critical
Bearing1_1,599,2803,2203,1165.0390921777748,484.97706042776844,214.48405373934872,2115.594130616201,Non-critical,Non-critical
Bearing1_1,600,2803,2202,1057.3341285886963,484.97706042776844,106.77909015027024,2007.8891670271223,Non-critical,Non-critical
Bearing1_1,601,2803,2201,1062.1855757884289,484.97706042776844,111.63053735000278,2012.740614226855,Non-critical,Non-critical
Bearing1_1,602,2803,2200,1064.3761269218408,484.97706042776844,113.82108848341466,2014.9311653602667,Non-critical,Non-critical
Bearing1_1,603,2803,2199,1088.927552960606,484.97706042776844,138.3725145221798,2039.4825913990321,Non-critical,Non-critical
Bearing1_1,604,2803,2198,1062.1855757884289,484.97706042776844,111.63053735000278,2012.740614226855,Non-critical,Non-critical
Bearing1_1,605,2803,2197,1054.8450539574912,484.97706042776844,104.29001551906515,2005.4000923959175,Non-critical,Non-critical
Bearing1_1,606,2803,2196,1060.9291168678399,484.97706042776844,110.37407842941377,2011.484155306266,Non-critical,Non-critical
Bearing1_1,607,2803,2195,1041.307894068318,484.97706042776844,90.752855629892,1991.862932506744,Non-critical,Non-critical
Bearing1_1,608,2803,2194,1011.0438738368532,484.97706042776844,60.48883539842711,1961.5989122752794,Non-critical,Non-critical
Bearing1_1,609,2803,2193,1009.1570767686108,484.97706042776844,58.602038330184655,1959.7121152070367,Non-critical,Non-critical
Bearing1_1,610,2803,2192,1010.3069542649243,484.97706042776844,59.75191582649825,1960.8619927033506,Non-critical,Non-critical
Bearing1_1,611,2803,2191,1008.2364186382231,484.97706042776844,57.68138019979699,1958.7914570766493,Non-critical,Non-critical
Bearing1_1,612,2803,2190,1028.778299568132,484.97706042776844,78.22326112970597,1979.3333380065583,Non-critical,Non-critical
Bearing1_1,613,2803,2189,1027.8576414377444,484.97706042776844,77.30260299931831,1978.4126798761704,Non-critical,Non-critical
Bearing1_1,614,2803,2188,1028.778299568132,484.97706042776844,78.22326112970597,1979.3333380065583,Non-critical,Non-critical
Bearing1_1,615,2803,2187,1028.778299568132,484.97706042776844,78.22326112970597,1979.3333380065583,Non-critical,Non-critical
Bearing1_1,616,2803,2186,1028.778299568132,484.97706042776844,78.22326112970597,1979.3333380065583,Non-critical,Non-critical
Bearing1_1,617,2803,2185,1008.2364186382231,484.97706042776844,57.68138019979699,1958.7914570766493,Non-critical,Non-critical
Bearing1_1,618,2803,2184,1030.0694924300665,484.97706042776844,79.51445399164038,1980.6245308684925,Non-critical,Non-critical
Bearing1_1,619,2803,2183,990.8823911862756,484.97706042776844,40.327352747849545,1941.4374296247017,Non-critical,Non-critical
Bearing1_1,620,2803,2182,990.8823911862756,484.97706042776844,40.327352747849545,1941.4374296247017,Non-critical,Non-critical
Bearing1_1,621,2803,2181,990.7410758206549,484.97706042776844,40.18603738222885,1941.2961142590812,Non-critical,Non-critical
Bearing1_1,622,2803,2180,969.7052875859827,484.97706042776844,19.150249147556565,1920.2603260244086,Non-critical,Non-critical
Bearing1_1,623,2803,2179,971.2611683867542,484.97706042776844,20.706129948328112,1921.8162068251804,Non-critical,Non-critical
Bearing1_1,624,2803,2178,989.961733055888,484.97706042776844,39.40669461746188,1940.516771494314,Non-critical,Non-critical
Bearing1_1,625,2803,2177,979.4467041966105,484.97706042776844,28.891665758184445,1930.0017426350366,Non-critical,Non-critical
Bearing1_1,626,2803,2176,979.1429501314411,484.97706042776844,28.58791169301503,1929.6979885698672,Non-critical,Non-critical
Bearing1_1,627,2803,2175,998.9149502024671,484.97706042776844,48.359911764041044,1949.4699886408932,Non-critical,Non-critical
Bearing1_1,628,2803,2174,960.7916203349439,484.97706042776844,10.236581896517805,1911.34665877337,Non-critical,Non-critical
Bearing1_1,629,2803,2173,979.1429501314411,484.97706042776844,28.58791169301503,1929.6979885698672,Non-critical,Non-critical
Bearing1_1,630,2803,2172,980.4128431344653,484.97706042776844,29.85780469603924,1930.9678815728914,Non-critical,Non-critical
Bearing1_1,631,2803,2171,979.1429501314411,484.97706042776844,28.58791169301503,1929.6979885698672,Non-critical,Non-critical
Bearing1_1,632,2803,2170,976.4123435586602,484.97706042776844,25.85730512023406,1926.9673819970862,Non-critical,Non-critical
Bearing1_1,633,2803,2169,971.4315233586526,484.97706042776844,20.876484920226517,1921.9865617970786,Non-critical,Non-critical
Bearing1_1,634,2803,2168,973.60488836003,484.97706042776844,23.049849921603936,1924.1599267984561,Non-critical,Non-critical
Bearing1_1,635,2803,2167,956.649805393518,484.97706042776844,6.094766955091927,1907.2048438319441,Non-critical,Non-critical
Bearing1_1,636,2803,2166,974.5255464904177,484.97706042776844,23.9705080519916,1925.0805849288438,Non-critical,Non-critical
Bearing1_1,637,2803,2165,974.5255464904177,484.97706042776844,23.9705080519916,1925.0805849288438,Non-critical,Non-critical
Bearing1_1,638,2803,2164,973.1182361486262,484.97706042776844,22.563197710200143,1923.6732745870522,Non-critical,Non-critical
Bearing1_1,639,2803,2163,972.9769207830055,484.97706042776844,22.421882344579444,1923.5319592214316,Non-critical,Non-critical
Bearing1_1,640,2803,2162,973.1182361486262,484.97706042776844,22.563197710200143,1923.6732745870522,Non-critical,Non-critical
Bearing1_1,641,2803,2161,1059.4009156190114,484.97706042776844,108.84587718058526,2009.9559540574373,Non-critical,Non-critical
Bearing1_1,642,2803,2160,972.9769207830055,484.97706042776844,22.421882344579444,1923.5319592214316,Non-critical,Non-critical
Bearing1_1,643,2803,2159,975.0050332168687,484.97706042776844,24.4499947784426,1925.560071655295,Non-critical,Non-critical
Bearing1_1,644,2803,2158,974.084375086481,484.97706042776844,23.529336648054937,1924.639413524907,Non-critical,Non-critical
Bearing1_1,645,2803,2157,974.7012791516993,484.97706042776844,24.146240713273187,1925.2563175901255,Non-critical,Non-critical
Bearing1_1,646,2803,2156,972.1975780182386,484.97706042776844,21.642539579812478,1922.7526164566648,Non-critical,Non-critical
Bearing1_1,647,2803,2155,973.1182361486262,484.97706042776844,22.563197710200143,1923.6732745870522,Non-critical,Non-critical
Bearing1_1,648,2803,2154,972.8144820834568,484.97706042776844,22.25944364503073,1923.3695205218828,Non-critical,Non-critical
Bearing1_1,649,2803,2153,953.4970133491048,484.97706042776844,2.9419749106787094,1904.052051787531,Non-critical,Non-critical
Bearing1_1,650,2803,2152,1015.5806585492908,484.97706042776844,65.02562011086468,1966.135696987717,Non-critical,Non-critical
Bearing1_1,651,2803,2151,955.3838104173473,484.97706042776844,4.828771978921168,1905.9388488557734,Non-critical,Non-critical
Bearing1_1,652,2803,2150,975.0050332168687,484.97706042776844,24.4499947784426,1925.560071655295,Non-critical,Non-critical
Bearing1_1,653,2803,2149,974.863717851248,484.97706042776844,24.308679412821903,1925.418756289674,Non-critical,Non-critical
Bearing1_1,654,2803,2148,974.7012791516993,484.97706042776844,24.146240713273187,1925.2563175901255,Non-critical,Non-critical
Bearing1_1,655,2803,2147,1059.975723554914,484.97706042776844,109.42068511648802,2010.53076199334,Non-critical,Non-critical
Bearing1_1,656,2803,2146,954.4631522869596,484.97706042776844,3.908113848533503,1905.0181907253857,Non-critical,Non-critical
Bearing1_1,657,2803,2145,975.0050332168687,484.97706042776844,24.4499947784426,1925.560071655295,Non-critical,Non-critical
Bearing1_1,658,2803,2144,1168.5061234435661,484.97706042776844,217.95108500514004,2119.061161881992,Non-critical,Non-critical
Bearing1_1,659,2803,2143,948.2595408782743,484.97706042776844,-2.29549756015183,1898.8145793167005,Non-critical,Non-critical
Bearing1_1,660,2803,2142,970.0578807287721,484.97706042776844,19.502842290346052,1920.6129191671982,Non-critical,Non-critical
Bearing1_1,661,2803,2141,972.248431862184,484.97706042776844,21.693393423757925,1922.8034703006101,Non-critical,Non-critical
Bearing1_1,662,2803,2140,952.0316048563544,484.97706042776844,1.4765664179283249,1902.5866432947805,Non-critical,Non-critical
Bearing1_1,663,2803,2139,972.248431862184,484.97706042776844,21.693393423757925,1922.8034703006101,Non-critical,Non-critical
Bearing1_1,664,2803,2138,970.2203194283209,484.97706042776844,19.665280989894768,1920.775357866747,Non-critical,Non-critical
Bearing1_1,665,2803,2137,972.248431862184,484.97706042776844,21.693393423757925,1922.8034703006101,Non-critical,Non-critical
Bearing1_1,666,2803,2136,971.9446777970146,484.97706042776844,21.38963935858851,1922.4997162354407,Non-critical,Non-critical
Bearing1_1,667,2803,2135,972.248431862184,484.97706042776844,21.693393423757925,1922.8034703006101,Non-critical,Non-critical
Bearing1_1,668,2803,2134,952.6272090626626,484.97706042776844,2.0721706242364917,1903.1822475010886,Non-critical,Non-critical
Bearing1_1,669,2803,2133,972.886409727871,484.97706042776844,22.33137128944486,1923.441448166297,Non-critical,Non-critical
Bearing1_1,670,2803,2132,970.3616347939416,484.97706042776844,19.806596355515467,1920.9166732323677,Non-critical,Non-critical
Bearing1_1,671,2803,2131,970.3616347939416,484.97706042776844,19.806596355515467,1920.9166732323677,Non-critical,Non-critical
Bearing1_1,672,2803,2130,952.6272090626626,484.97706042776844,2.0721706242364917,1903.1822475010886,Non-critical,Non-critical
Bearing1_1,673,2803,2129,972.248431862184,484.97706042776844,21.693393423757925,1922.8034703006101,Non-critical,Non-critical
Bearing1_1,674,2803,2128,972.248431862184,484.97706042776844,21.693393423757925,1922.8034703006101,Non-critical,Non-critical
Bearing1_1,675,2803,2127,1105.606647172236,484.97706042776844,155.05160873380999,2056.161685610662,Non-critical,Non-critical
Bearing1_1,676,2803,2126,966.2163056995666,484.97706042776844,15.661267261140551,1916.7713441379929,Non-critical,Non-critical
Bearing1_1,677,2803,2125,962.769295645566,484.97706042776844,12.214257207139894,1913.3243340839922,Non-critical,Non-critical
Bearing1_1,678,2803,2124,944.7082858318028,484.97706042776844,-5.84675260662334,1895.2633242702288,Non-critical,Non-critical
Bearing1_1,679,2803,2123,963.4088505009365,484.97706042776844,12.853812062510428,1913.9638889393627,Non-critical,Non-critical
Bearing1_1,680,2803,2122,964.1881932657035,484.97706042776844,13.633154827277394,1914.7432317041296,Non-critical,Non-critical
Bearing1_1,681,2803,2121,944.7082858318028,484.97706042776844,-5.84675260662334,1895.2633242702288,Non-critical,Non-critical
Bearing1_1,682,2803,2120,966.2163056995666,484.97706042776844,15.661267261140551,1916.7713441379929,Non-critical,Non-critical
Bearing1_1,683,2803,2119,941.7369977274479,484.97706042776844,-8.818040710978153,1892.292036165874,Non-critical,Non-critical
Bearing1_1,684,2803,2118,1054.6886999561023,484.97706042776844,104.13366151767616,2005.2437383945285,Non-critical,Non-critical
Bearing1_1,685,2803,2117,946.2913288348758,484.97706042776844,-4.263709603550296,1896.846367273302,Non-critical,Non-critical
Bearing1_1,686,2803,2116,943.0067574804239,484.97706042776844,-7.548280958002238,1893.5617959188498,Non-critical,Non-critical
Bearing1_1,687,2803,2115,966.2163056995666,484.97706042776844,15.661267261140551,1916.7713441379929,Non-critical,Non-critical
Bearing1_1,688,2803,2114,945.6744247696575,484.97706042776844,-4.880613668768547,1896.2294632080836,Non-critical,Non-critical
Bearing1_1,689,2803,2113,964.3295086313242,484.97706042776844,13.774470192898093,1914.8845470697502,Non-critical,Non-critical
Bearing1_1,690,2803,2112,966.2163056995666,484.97706042776844,15.661267261140551,1916.7713441379929,Non-critical,Non-critical
Bearing1_1,691,2803,2111,943.7876277014151,484.97706042776844,-6.767410737011005,1894.3426661398412,Non-critical,Non-critical
Bearing1_1,692,2803,2110,964.3295086313242,484.97706042776844,13.774470192898093,1914.8845470697502,Non-critical,Non-critical
Bearing1_1,693,2803,2109,966.2163056995666,484.97706042776844,15.661267261140551,1916.7713441379929,Non-critical,Non-critical
Bearing1_1,694,2803,2108,944.7082858318028,484.97706042776844,-5.84675260662334,1895.2633242702288,Non-critical,Non-critical
Bearing1_1,695,2803,2107,967.4711876304718,484.97706042776844,16.916149192045737,1918.0262260688978,Non-critical,Non-critical
Bearing1_1,696,2803,2106,965.9125516343972,484.97706042776844,15.357513195971137,1916.4675900728234,Non-critical,Non-critical
Bearing1_1,697,2803,2105,965.295647569179,484.97706042776844,14.740609130752887,1915.850686007605,Non-critical,Non-critical
Bearing1_1,698,2803,2104,945.0280738047167,484.97706042776844,-5.52696463370944,1895.5831122431428,Non-critical,Non-critical
Bearing1_1,699,2803,2103,1023.7470139985007,484.97706042776844,73.19197556007464,1974.3020524369267,Non-critical,Non-critical
Bearing1_1,700,2803,2102,964.3295086313242,484.97706042776844,13.774470192898093,1914.8845470697502,Non-critical,Non-critical
Bearing1_1,701,2803,2101,966.2163056995666,484.97706042776844,15.661267261140551,1916.7713441379929,Non-critical,Non-critical
Bearing1_1,702,2803,2100,963.4088505009365,484.97706042776844,12.853812062510428,1913.9638889393627,Non-critical,Non-critical
Bearing1_1,703,2803,2099,894.0821618211579,484.97706042776844,-56.472876617268184,1844.637200259584,Non-critical,Non-critical
Bearing1_1,704,2803,2098,893.4652577559397,484.97706042776844,-57.089780682486435,1844.0202961943658,Non-critical,Non-critical
Bearing1_1,705,2803,2097,914.0071386858488,484.97706042776844,-36.54789975257734,1864.562177124275,Non-critical,Non-critical
Bearing1_1,706,2803,2096,915.8939357540912,484.97706042776844,-34.66110268433488,1866.4489741925172,Non-critical,Non-critical
Bearing1_1,707,2803,2095,894.3859158863273,484.97706042776844,-56.16912255209877,1844.9409543247534,Non-critical,Non-critical
Bearing1_1,708,2803,2094,914.0350765176239,484.97706042776844,-36.51996192080219,1864.59011495605,Non-critical,Non-critical
Bearing1_1,709,2803,2093,913.8658233202281,484.97706042776844,-36.689215118198035,1864.4208617586542,Non-critical,Non-critical
Bearing1_1,710,2803,2092,894.2446005207066,484.97706042776844,-56.31043791771947,1844.7996389591326,Non-critical,Non-critical
Bearing1_1,711,2803,2091,915.8939357540912,484.97706042776844,-34.66110268433488,1866.4489741925172,Non-critical,Non-critical
Bearing1_1,712,2803,2090,1121.7709135575312,484.97706042776844,171.21587511910514,2072.3259519959574,Non-critical,Non-critical
Bearing1_1,713,2803,2089,915.8939357540912,484.97706042776844,-34.66110268433488,1866.4489741925172,Non-critical,Non-critical
Bearing1_1,714,2803,2088,896.2727129545698,484.97706042776844,-54.28232548385631,1846.8277513929959,Non-critical,Non-critical
Bearing1_1,715,2803,2087,914.0071386858488,484.97706042776844,-36.54789975257734,1864.562177124275,Non-critical,Non-critical
Bearing1_1,716,2803,2086,896.2727129545698,484.97706042776844,-54.28232548385631,1846.8277513929959,Non-critical,Non-critical
Bearing1_1,717,2803,2085,913.0864805554611,484.97706042776844,-37.468557882965,1863.641518993887,Non-critical,Non-critical
Bearing1_1,718,2803,2084,915.8939357540912,484.97706042776844,-34.66110268433488,1866.4489741925172,Non-critical,Non-critical
Bearing1_1,719,2803,2083,915.8939357540912,484.97706042776844,-34.66110268433488,1866.4489741925172,Non-critical,Non-critical
Bearing1_1,720,2803,2082,896.2727129545698,484.97706042776844,-54.28232548385631,1846.8277513929959,Non-critical,Non-critical
Bearing1_1,721,2803,2081,895.3520548241821,484.97706042776844,-55.202983614243976,1845.9070932626082,Non-critical,Non-critical
Bearing1_1,722,2803,2080,914.0071386858488,484.97706042776844,-36.54789975257734,1864.562177124275,Non-critical,Non-critical
Bearing1_1,723,2803,2079,914.0071386858488,484.97706042776844,-36.54789975257734,1864.562177124275,Non-critical,Non-critical
Bearing1_1,724,2803,2078,895.3520548241821,484.97706042776844,-55.202983614243976,1845.9070932626082,Non-critical,Non-critical
Bearing1_1,725,2803,2077,896.2727129545698,484.97706042776844,-54.28232548385631,1846.8277513929959,Non-critical,Non-critical
Bearing1_1,726,2803,2076,913.7033846206793,484.97706042776844,-36.85165381774675,1864.2584230591056,Non-critical,Non-critical
Bearing1_1,727,2803,2075,915.5901816889218,484.97706042776844,-34.96485674950429,1866.1452201273478,Non-critical,Non-critical
Bearing1_1,728,2803,2074,914.5199036366605,484.97706042776844,-36.035134801765594,1865.0749420750867,Non-critical,Non-critical
Bearing1_1,729,2803,2073,912.633106568418,484.97706042776844,-37.92193187000805,1863.188145006844,Non-critical,Non-critical
Bearing1_1,730,2803,2072,911.7124484380304,484.97706042776844,-38.84259000039572,1862.2674868764566,Non-critical,Non-critical
Bearing1_1,731,2803,2071,893.0118837688966,484.97706042776844,-57.543154669529486,1843.5669222073227,Non-critical,Non-critical
Bearing1_1,732,2803,2070,914.5199036366605,484.97706042776844,-36.035134801765594,1865.0749420750867,Non-critical,Non-critical
Bearing1_1,733,2803,2069,893.0118837688966,484.97706042776844,-57.543154669529486,1843.5669222073227,Non-critical,Non-critical
Bearing1_1,734,2803,2068,912.633106568418,484.97706042776844,-37.92193187000805,1863.188145006844,Non-critical,Non-critical
Bearing1_1,735,2803,2067,912.3293525032486,484.97706042776844,-38.22568593517747,1862.8843909416746,Non-critical,Non-critical
Bearing1_1,736,2803,2066,914.5199036366605,484.97706042776844,-36.035134801765594,1865.0749420750867,Non-critical,Non-critical
Bearing1_1,737,2803,2065,892.091225638509,484.97706042776844,-58.46381279991715,1842.646264076935,Non-critical,Non-critical
Bearing1_1,738,2803,2064,892.091225638509,484.97706042776844,-58.46381279991715,1842.646264076935,Non-critical,Non-critical
Bearing1_1,739,2803,2063,914.5199036366605,484.97706042776844,-36.035134801765594,1865.0749420750867,Non-critical,Non-critical
Bearing1_1,740,2803,2062,880.4054997448729,484.97706042776844,-70.14953869355315,1830.960538183299,Non-critical,Non-critical
Bearing1_1,741,2803,2061,901.9135196126368,484.97706042776844,-48.64151882578926,1852.468558051063,Non-critical,Non-critical
Bearing1_1,742,2803,2060,880.4054997448729,484.97706042776844,-70.14953869355315,1830.960538183299,Non-critical,Non-critical
Bearing1_1,743,2803,2059,880.4054997448729,484.97706042776844,-70.14953869355315,1830.960538183299,Non-critical,Non-critical
Bearing1_1,744,2803,2058,900.0267225443944,484.97706042776844,-50.52831589403172,1850.5817609828205,Non-critical,Non-critical
Bearing1_1,745,2803,2057,899.1340022457819,484.97706042776844,-51.42103619264424,1849.689040684208,Non-critical,Non-critical
Bearing1_1,746,2803,2056,899.1060644140067,484.97706042776844,-51.448974024419385,1849.6611028524328,Non-critical,Non-critical
Bearing1_1,747,2803,2055,879.4848416144853,484.97706042776844,-71.07019682394082,1830.0398800529115,Non-critical,Non-critical
Bearing1_1,748,2803,2054,901.9135196126368,484.97706042776844,-48.64151882578926,1852.468558051063,Non-critical,Non-critical
Bearing1_1,749,2803,2053,881.988542747946,484.97706042776844,-68.56649569048011,1832.5435811863722,Non-critical,Non-critical
Bearing1_1,750,2803,2052,900.0267225443944,484.97706042776844,-50.52831589403172,1850.5817609828205,Non-critical,Non-critical
Bearing1_1,751,2803,2051,899.1060644140067,484.97706042776844,-51.448974024419385,1849.6611028524328,Non-critical,Non-critical
Bearing1_1,752,2803,2050,901.9135196126368,484.97706042776844,-48.64151882578926,1852.468558051063,Non-critical,Non-critical
Bearing1_1,753,2803,2049,900.0267225443944,484.97706042776844,-50.52831589403172,1850.5817609828205,Non-critical,Non-critical
Bearing1_1,754,2803,2048,909.5704165157836,484.97706042776844,-40.98462192264253,1860.1254549542095,Non-critical,Non-critical
Bearing1_1,755,2803,2047,899.8854071787737,484.97706042776844,-50.66963125965242,1850.4404456171997,Non-critical,Non-critical
Bearing1_1,756,2803,2046,882.2922968131154,484.97706042776844,-68.2627416253107,1832.8473352515416,Non-critical,Non-critical
Bearing1_1,757,2803,2045,1112.7755543646754,484.97706042776844,162.22051592624928,2063.3305928031014,Non-critical,Non-critical
Bearing1_1,758,2803,2044,899.722968479225,484.97706042776844,-50.832069959201135,1850.278006917651,Non-critical,Non-critical
Bearing1_1,759,2803,2043,899.1060644140067,484.97706042776844,-51.448974024419385,1849.6611028524328,Non-critical,Non-critical
Bearing1_1,760,2803,2042,920.965365805761,484.97706042776844,-29.589672632665042,1871.5204042441871,Non-critical,Non-critical
Bearing1_1,761,2803,2041,893.6064845683663,484.97706042776844,-56.948553870059754,1844.1615230067923,Non-critical,Non-critical
Bearing1_1,762,2803,2040,873.4264972916679,484.97706042776844,-77.12854114675815,1823.981535730094,Non-critical,Non-critical
Bearing1_1,763,2803,2039,868.6810840290813,484.97706042776844,-81.87395440934483,1819.2361224675074,Non-critical,Non-critical
Bearing1_1,764,2803,2038,903.3270496580672,484.97706042776844,-47.22798878035894,1853.8820880964931,Non-critical,Non-critical
Bearing1_1,765,2803,2037,861.3321493880861,484.97706042776844,-89.22288905033997,1811.8871878265122,Non-critical,Non-critical
Bearing1_1,766,2803,2036,865.538361513021,484.97706042776844,-85.01667692540514,1816.093399951447,Non-critical,Non-critical
Bearing1_1,767,2803,2035,863.522700521498,484.97706042776844,-87.0323379169281,1814.077738959924,Non-critical,Non-critical
Bearing1_1,768,2803,2034,888.0741265602626,484.97706042776844,-62.48091187816351,1838.6291649986888,Non-critical,Non-critical
Bearing1_1,769,2803,2033,841.7109265885647,484.97706042776844,-108.8441118498614,1792.2659650269907,Non-critical,Non-critical
Bearing1_1,770,2803,2032,858.6646153489007,484.97706042776844,-91.89042308952537,1809.219653787327,Non-critical,Non-critical
Bearing1_1,771,2803,2031,843.9014777219766,484.97706042776844,-106.65356071644953,1794.4565161604028,Non-critical,Non-critical
Bearing1_1,772,2803,2030,862.6020423911103,484.97706042776844,-87.95299604731576,1813.1570808295364,Non-critical,Non-critical
Bearing1_1,773,2803,2029,863.522700521498,484.97706042776844,-87.0323379169281,1814.077738959924,Non-critical,Non-critical
Bearing1_1,774,2803,2028,862.6020423911103,484.97706042776844,-87.95299604731576,1813.1570808295364,Non-critical,Non-critical
Bearing1_1,775,2803,2027,863.522700521498,484.97706042776844,-87.0323379169281,1814.077738959924,Non-critical,Non-critical
Bearing1_1,776,2803,2026,861.6359034532555,484.97706042776844,-88.91913498517056,1812.1909418916816,Non-critical,Non-critical
Bearing1_1,777,2803,2025,861.3321493880861,484.97706042776844,-89.22288905033997,1811.8871878265122,Non-critical,Non-critical
Bearing1_1,778,2803,2024,947.9185829236401,484.97706042776844,-2.6364555147860074,1898.4736213620663,Non-critical,Non-critical
Bearing1_1,779,2803,2023,888.6910306254808,484.97706042776844,-61.86400781294526,1839.2460690639068,Non-critical,Non-critical
Bearing1_1,780,2803,2022,889.960923628505,484.97706042776844,-60.59411480992105,1840.515962066931,Non-critical,Non-critical
Bearing1_1,781,2803,2021,1060.911780013812,484.97706042776844,110.35674157538585,2011.466818452238,Non-critical,Non-critical
Bearing1_1,782,2803,2020,861.6359034532555,484.97706042776844,-88.91913498517056,1812.1909418916816,Non-critical,Non-critical
Bearing1_1,783,2803,2019,1058.093662910576,484.97706042776844,107.53862447214999,2008.6487013490023,Non-critical,Non-critical
Bearing1_1,784,2803,2018,940.6159434857715,484.97706042776844,-9.939094952654614,1891.1709819241976,Non-critical,Non-critical
Bearing1_1,785,2803,2017,858.2481735174925,484.97706042776844,-92.30686492093355,1808.8032119559186,Non-critical,Non-critical
Bearing1_1,786,2803,2016,856.3613764492501,484.97706042776844,-94.19366198917601,1806.9164148876762,Non-critical,Non-critical
Bearing1_1,787,2803,2015,961.094604952437,484.97706042776844,10.539566514010858,1911.649643390863,Non-critical,Non-critical
Bearing1_1,788,2803,2014,856.3613764492501,484.97706042776844,-94.19366198917601,1806.9164148876762,Non-critical,Non-critical
Bearing1_1,789,2803,2013,918.5863370150568,484.97706042776844,-31.96870142336934,1869.1413754534829,Non-critical,Non-critical
Bearing1_1,790,2803,2012,858.2481735174925,484.97706042776844,-92.30686492093355,1808.8032119559186,Non-critical,Non-critical
Bearing1_1,791,2803,2011,858.2481735174925,484.97706042776844,-92.30686492093355,1808.8032119559186,Non-critical,Non-critical
Bearing1_1,792,2803,2010,1092.300429173716,484.97706042776844,141.74539073529002,2042.855467612142,Non-critical,Non-critical
Bearing1_1,793,2803,2009,898.9651142155353,484.97706042776844,-51.58992422289077,1849.5201526539613,Non-critical,Non-critical
Bearing1_1,794,2803,2008,858.2481735174925,484.97706042776844,-92.30686492093355,1808.8032119559186,Non-critical,Non-critical
Bearing1_1,795,2803,2007,832.9702612666806,484.97706042776844,-117.58477717174549,1783.5252997051066,Non-critical,Non-critical
Bearing1_1,796,2803,2006,1041.2094022785964,484.97706042776844,90.65436384017028,1991.7644407170224,Non-critical,Non-critical
Bearing1_1,797,2803,2005,833.6082391323675,484.97706042776844,-116.94679930605855,1784.1632775707935,Non-critical,Non-critical
Bearing1_1,798,2803,2004,861.1671570187947,484.97706042776844,-89.38788141963141,1811.7221954572208,Non-critical,Non-critical
Bearing1_1,799,2803,2003,827.5060685578409,484.97706042776844,-123.04896988058522,1778.061106996267,Non-critical,Non-critical
Bearing1_1,800,2803,2002,831.1047725524369,484.97706042776844,-119.45026588598921,1781.659810990863,Non-critical,Non-critical
Bearing1_1,801,2803,2001,862.7382847710504,484.97706042776844,-87.81675366737568,1813.2933232094765,Non-critical,Non-critical
Bearing1_1,802,2803,2000,838.5422187127027,484.97706042776844,-112.01281972572338,1789.0972571511288,Non-critical,Non-critical
Bearing1_1,803,2803,1999,811.2500731632782,484.97706042776844,-139.30496527514788,1761.8051116017043,Non-critical,Non-critical
Bearing1_1,804,2803,1998,812.216212101133,484.97706042776844,-138.33882633729309,1762.771250539559,Non-critical,Non-critical
Bearing1_1,805,2803,1997,811.2500731632782,484.97706042776844,-139.30496527514788,1761.8051116017043,Non-critical,Non-critical
Bearing1_1,806,2803,1996,823.6795710594168,484.97706042776844,-126.87546737900925,1774.234609497843,Non-critical,Non-critical
Bearing1_1,807,2803,1995,820.4430286971135,484.97706042776844,-130.1120097413126,1770.9980671355397,Non-critical,Non-critical
Bearing1_1,808,2803,1994,817.890315931409,484.97706042776844,-132.66472250701713,1768.445354369835,Non-critical,Non-critical
Bearing1_1,809,2803,1993,1060.8653719106862,484.97706042776844,110.31033347226014,2011.4204103491124,Non-critical,Non-critical
Bearing1_1,810,2803,1992,817.1873931142859,484.97706042776844,-133.3676453241402,1767.7424315527119,Non-critical,Non-critical
Bearing1_1,811,2803,1991,1015.3318817639096,484.97706042776844,64.77684332548347,1965.8869202023357,Non-critical,Non-critical
Bearing1_1,812,2803,1990,818.1535320521407,484.97706042776844,-132.4015063862854,1768.7085704905667,Non-critical,Non-critical
Bearing1_1,813,2803,1989,832.8868288598984,484.97706042776844,-117.6682095785277,1783.4418672983245,Non-critical,Non-critical
Bearing1_1,814,2803,1988,819.0741901825284,484.97706042776844,-131.48084825589774,1769.6292286209546,Non-critical,Non-critical
Bearing1_1,815,2803,1987,817.1873931142859,484.97706042776844,-133.3676453241402,1767.7424315527119,Non-critical,Non-critical
Bearing1_1,816,2803,1986,833.5037329251167,484.97706042776844,-117.05130551330944,1784.0587713635427,Non-critical,Non-critical
Bearing1_1,817,2803,1985,833.8074869902861,484.97706042776844,-116.74755144814003,1784.3625254287122,Non-critical,Non-critical
Bearing1_1,818,2803,1984,835.6942840585285,484.97706042776844,-114.86075437989757,1786.2493224969546,Non-critical,Non-critical
Bearing1_1,819,2803,1983,817.1873931142859,484.97706042776844,-133.3676453241402,1767.7424315527119,Non-critical,Non-critical
Bearing1_1,820,2803,1982,835.6942840585285,484.97706042776844,-114.86075437989757,1786.2493224969546,Non-critical,Non-critical
Bearing1_1,821,2803,1981,816.2667349838982,484.97706042776844,-134.28830345452786,1766.8217734223244,Non-critical,Non-critical
Bearing1_1,822,2803,1980,800.7357871456873,484.97706042776844,-149.81925129273884,1751.2908255841135,Non-critical,Non-critical
Bearing1_1,823,2803,1979,817.1873931142859,484.97706042776844,-133.3676453241402,1767.7424315527119,Non-critical,Non-critical
Bearing1_1,824,2803,1978,816.8836390491165,484.97706042776844,-133.6713993893096,1767.4386774875425,Non-critical,Non-critical
Bearing1_1,825,2803,1977,1030.4475337068054,484.97706042776844,79.89249526837932,1981.0025721452316,Non-critical,Non-critical
Bearing1_1,826,2803,1976,818.4785859762202,484.97706042776844,-132.0764524622059,1769.0336244146463,Non-critical,Non-critical
Bearing1_1,827,2803,1975,835.3905299933591,484.97706042776844,-115.16450844506699,1785.9455684317852,Non-critical,Non-critical
Bearing1_1,828,2803,1974,818.1535320521407,484.97706042776844,-132.4015063862854,1768.7085704905667,Non-critical,Non-critical
Bearing1_1,829,2803,1973,835.6942840585285,484.97706042776844,-114.86075437989757,1786.2493224969546,Non-critical,Non-critical
Bearing1_1,830,2803,1972,814.2161050099311,484.97706042776844,-136.338933428495,1764.7711434483572,Non-critical,Non-critical
Bearing1_1,831,2803,1971,819.0741901825284,484.97706042776844,-131.48084825589774,1769.6292286209546,Non-critical,Non-critical
Bearing1_1,832,2803,1970,818.4785859762202,484.97706042776844,-132.0764524622059,1769.0336244146463,Non-critical,Non-critical
Bearing1_1,833,2803,1969,1043.410674800021,484.97706042776844,92.85563636159497,1993.9657132384473,Non-critical,Non-critical
Bearing1_1,834,2803,1968,817.1873931142859,484.97706042776844,-133.3676453241402,1767.7424315527119,Non-critical,Non-critical
Bearing1_1,835,2803,1967,860.5072541820945,484.97706042776844,-90.04778425633162,1811.0622926205206,Non-critical,Non-critical
Bearing1_1,836,2803,1966,817.1873931142859,484.97706042776844,-133.3676453241402,1767.7424315527119,Non-critical,Non-critical
Bearing1_1,837,2803,1965,851.8256086365275,484.97706042776844,-98.72942980189862,1802.3806470749537,Non-critical,Non-critical
Bearing1_1,838,2803,1964,914.8074167307317,484.97706042776844,-35.74762170769441,1865.3624551691578,Non-critical,Non-critical
Bearing1_1,839,2803,1963,805.9241597875568,484.97706042776844,-144.63087865086925,1756.479198225983,Non-critical,Non-critical
Bearing1_1,840,2803,1962,816.7042169556304,484.97706042776844,-133.8508214827957,1767.2592553940565,Non-critical,Non-critical
Bearing1_1,841,2803,1961,815.6053611503072,484.97706042776844,-134.9496772881189,1766.1603995887333,Non-critical,Non-critical
Bearing1_1,842,2803,1960,805.9241597875568,484.97706042776844,-144.63087865086925,1756.479198225983,Non-critical,Non-critical
Bearing1_1,843,2803,1959,809.8161060222993,484.97706042776844,-140.73893241612677,1760.3711444607254,Non-critical,Non-critical
Bearing1_1,844,2803,1958,811.7029030905418,484.97706042776844,-138.8521353478843,1762.2579415289679,Non-critical,Non-critical
Bearing1_1,845,2803,1957,809.8161060222993,484.97706042776844,-140.73893241612677,1760.3711444607254,Non-critical,Non-critical
Bearing1_1,846,2803,1956,811.5615877249211,484.97706042776844,-138.993450713505,1762.116626163347,Non-critical,Non-critical
Bearing1_1,847,2803,1955,810.7822449601541,484.97706042776844,-139.77279347827198,1761.3372833985802,Non-critical,Non-critical
Bearing1_1,848,2803,1954,811.3991490253724,484.97706042776844,-139.15588941305373,1761.9541874637985,Non-critical,Non-critical
Bearing1_1,849,2803,1953,809.8161060222993,484.97706042776844,-140.73893241612677,1760.3711444607254,Non-critical,Non-critical
Bearing1_1,850,2803,1952,811.1072988842336,484.97706042776844,-139.44773955419248,1761.6623373226598,Non-critical,Non-critical
Bearing1_1,851,2803,1951,791.1610221606327,484.97706042776844,-159.3940162777934,1741.716060599059,Non-critical,Non-critical
Bearing1_1,852,2803,1950,839.5827062712327,484.97706042776844,-110.97233216719337,1790.1377447096588,Non-critical,Non-critical
Bearing1_1,853,2803,1949,811.3991490253724,484.97706042776844,-139.15588941305373,1761.9541874637985,Non-critical,Non-critical
Bearing1_1,854,2803,1948,918.3309952308852,484.97706042776844,-32.224043207540944,1868.8860336693112,Non-critical,Non-critical
Bearing1_1,855,2803,1947,768.9609732098637,484.97706042776844,-181.59406522856239,1719.5160116482898,Non-critical,Non-critical
Bearing1_1,856,2803,1946,772.9627298151246,484.97706042776844,-177.5923086233015,1723.5177682535507,Non-critical,Non-critical
Bearing1_1,857,2803,1945,769.5565774161719,484.97706042776844,-180.99846102225422,1720.1116158545979,Non-critical,Non-critical
Bearing1_1,858,2803,1944,767.36602628276,484.97706042776844,-183.1890121556661,1717.9210647211862,Non-critical,Non-critical
Bearing1_1,859,2803,1943,831.4858504857232,484.97706042776844,-119.06918795270292,1782.0408889241494,Non-critical,Non-critical
Bearing1_1,860,2803,1942,766.7491222175418,484.97706042776844,-183.80591622088434,1717.3041606559677,Non-critical,Non-critical
Bearing1_1,861,2803,1941,769.5565774161719,484.97706042776844,-180.99846102225422,1720.1116158545979,Non-critical,Non-critical
Bearing1_1,862,2803,1940,769.5565774161719,484.97706042776844,-180.99846102225422,1720.1116158545979,Non-critical,Non-critical
Bearing1_1,863,2803,1939,769.5565774161719,484.97706042776844,-180.99846102225422,1720.1116158545979,Non-critical,Non-critical
Bearing1_1,864,2803,1938,767.6697803479294,484.97706042776844,-182.88525809049668,1718.2248187863556,Non-critical,Non-critical
Bearing1_1,865,2803,1937,757.3143680265382,484.97706042776844,-193.2406704118879,1707.8694064649644,Non-critical,Non-critical
Bearing1_1,866,2803,1936,755.4275709582957,484.97706042776844,-195.12746748013035,1705.9826093967217,Non-critical,Non-critical
Bearing1_1,867,2803,1935,757.3143680265382,484.97706042776844,-193.2406704118879,1707.8694064649644,Non-critical,Non-critical
Bearing1_1,868,2803,1934,757.3143680265382,484.97706042776844,-193.2406704118879,1707.8694064649644,Non-critical,Non-critical
Bearing1_1,869,2803,1933,754.8334969103923,484.97706042776844,-195.72154152803375,1705.3885353488186,Non-critical,Non-critical
Bearing1_1,870,2803,1932,757.3143680265382,484.97706042776844,-193.2406704118879,1707.8694064649644,Non-critical,Non-critical
Bearing1_1,871,2803,1931,757.3143680265382,484.97706042776844,-193.2406704118879,1707.8694064649644,Non-critical,Non-critical
Bearing1_1,872,2803,1930,755.4275709582957,484.97706042776844,-195.12746748013035,1705.9826093967217,Non-critical,Non-critical
Bearing1_1,873,2803,1929,819.5473951612589,484.97706042776844,-131.00764327716718,1770.102433599685,Non-critical,Non-critical
Bearing1_1,874,2803,1928,760.7598010908553,484.97706042776844,-189.79523734757083,1711.3148395292815,Non-critical,Non-critical
Bearing1_1,875,2803,1927,737.6931452270168,484.97706042776844,-212.86189321140932,1688.2481836654429,Non-critical,Non-critical
Bearing1_1,876,2803,1926,758.8606709925265,484.97706042776844,-191.69436744589962,1709.4157094309526,Non-critical,Non-critical
Bearing1_1,877,2803,1925,819.5473951612589,484.97706042776844,-131.00764327716718,1770.102433599685,Non-critical,Non-critical
Bearing1_1,878,2803,1924,752.4562828539409,484.97706042776844,-198.09875558448516,1703.011321292367,Non-critical,Non-critical
Bearing1_1,879,2803,1923,756.0080255925388,484.97706042776844,-194.54701284588725,1706.563064030965,Non-critical,Non-critical
Bearing1_1,880,2803,1922,756.3117796577083,484.97706042776844,-194.24325878071784,1706.8668180961345,Non-critical,Non-critical
Bearing1_1,881,2803,1921,736.6905568581868,484.97706042776844,-213.86448158023927,1687.245595296613,Non-critical,Non-critical
Bearing1_1,882,2803,1920,752.4562828539409,484.97706042776844,-198.09875558448516,1703.011321292367,Non-critical,Non-critical
Bearing1_1,883,2803,1919,751.5356247235533,484.97706042776844,-199.01941371487283,1702.0906631619794,Non-critical,Non-critical
Bearing1_1,884,2803,1918,756.3117796577083,484.97706042776844,-194.24325878071784,1706.8668180961345,Non-critical,Non-critical
Bearing1_1,885,2803,1917,756.3117796577083,484.97706042776844,-194.24325878071784,1706.8668180961345,Non-critical,Non-critical
Bearing1_1,886,2803,1916,756.3117796577083,484.97706042776844,-194.24325878071784,1706.8668180961345,Non-critical,Non-critical
Bearing1_1,887,2803,1915,756.3117796577083,484.97706042776844,-194.24325878071784,1706.8668180961345,Non-critical,Non-critical
Bearing1_1,888,2803,1914,760.2142377174737,484.97706042776844,-190.34080072095242,1710.7692761558997,Non-critical,Non-critical
Bearing1_1,889,2803,1913,754.2836672238451,484.97706042776844,-196.271371214581,1704.8387056622712,Non-critical,Non-critical
Bearing1_1,890,2803,1912,752.8375980932469,484.97706042776844,-197.71744034517917,1703.392636531673,Non-critical,Non-critical
Bearing1_1,891,2803,1911,759.4534586568559,484.97706042776844,-191.1015797815702,1710.008497095282,Non-critical,Non-critical
Bearing1_1,892,2803,1910,755.3911215273206,484.97706042776844,-195.1639169111055,1705.9461599657466,Non-critical,Non-critical
Bearing1_1,893,2803,1909,788.3977949633339,484.97706042776844,-162.15724347509217,1738.95283340176,Non-critical,Non-critical
Bearing1_1,894,2803,1908,754.4249825894658,484.97706042776844,-196.1300558489603,1704.9800210278918,Non-critical,Non-critical
Bearing1_1,895,2803,1907,756.3117796577083,484.97706042776844,-194.24325878071784,1706.8668180961345,Non-critical,Non-critical
Bearing1_1,896,2803,1906,759.7572127220253,484.97706042776844,-190.79782571640078,1710.3122511604515,Non-critical,Non-critical
Bearing1_1,897,2803,1905,736.3868027930174,484.97706042776844,-214.16823564540869,1686.9418412314435,Non-critical,Non-critical
Bearing1_1,898,2803,1904,756.3117796577083,484.97706042776844,-194.24325878071784,1706.8668180961345,Non-critical,Non-critical
Bearing1_1,899,2803,1903,754.4249825894658,484.97706042776844,-196.1300558489603,1704.9800210278918,Non-critical,Non-critical
Bearing1_1,900,2803,1902,756.0080255925388,484.97706042776844,-194.54701284588725,1706.563064030965,Non-critical,Non-critical
Bearing1_1,901,2803,1901,755.3911215273206,484.97706042776844,-195.1639169111055,1705.9461599657466,Non-critical,Non-critical
Bearing1_1,902,2803,1900,755.3911215273206,484.97706042776844,-195.1639169111055,1705.9461599657466,Non-critical,Non-critical
Bearing1_1,903,2803,1899,756.0080255925388,484.97706042776844,-194.54701284588725,1706.563064030965,Non-critical,Non-critical
Bearing1_1,904,2803,1898,756.0080255925388,484.97706042776844,-194.54701284588725,1706.563064030965,Non-critical,Non-critical
Bearing1_1,905,2803,1897,755.3911215273206,484.97706042776844,-195.1639169111055,1705.9461599657466,Non-critical,Non-critical
Bearing1_1,906,2803,1896,755.3911215273206,484.97706042776844,-195.1639169111055,1705.9461599657466,Non-critical,Non-critical
Bearing1_1,907,2803,1895,760.2142377174737,484.97706042776844,-190.34080072095242,1710.7692761558997,Non-critical,Non-critical
Bearing1_1,908,2803,1894,756.3117796577083,484.97706042776844,-194.24325878071784,1706.8668180961345,Non-critical,Non-critical
Bearing1_1,909,2803,1893,754.4249825894658,484.97706042776844,-196.1300558489603,1704.9800210278918,Non-critical,Non-critical
Bearing1_1,910,2803,1892,756.3117796577083,484.97706042776844,-194.24325878071784,1706.8668180961345,Non-critical,Non-critical
Bearing1_1,911,2803,1891,818.544806792429,484.97706042776844,-132.01023164599712,1769.099845230855,Non-critical,Non-critical
Bearing1_1,912,2803,1890,756.3117796577083,484.97706042776844,-194.24325878071784,1706.8668180961345,Non-critical,Non-critical
Bearing1_1,913,2803,1889,756.3117796577083,484.97706042776844,-194.24325878071784,1706.8668180961345,Non-critical,Non-critical
Bearing1_1,914,2803,1888,735.7698987277992,484.97706042776844,-214.78513971062694,1686.3249371662253,Non-critical,Non-critical
Bearing1_1,915,2803,1887,766.2795037000508,484.97706042776844,-184.2755347383753,1716.834542138477,Non-critical,Non-critical
Bearing1_1,916,2803,1886,729.9578056104401,484.97706042776844,-220.59723282798598,1680.512844048866,Non-critical,Non-critical
Bearing1_1,917,2803,1885,741.3396601535945,484.97706042776844,-209.21537828483156,1691.8946985920206,Non-critical,Non-critical
Bearing1_1,918,2803,1884,737.9335077546418,484.97706042776844,-212.62153068378427,1688.488546193068,Non-critical,Non-critical
Bearing1_1,919,2803,1883,897.4944474457893,484.97706042776844,-53.060590992636776,1848.0494858842153,Non-critical,Non-critical
Bearing1_1,920,2803,1882,738.2372618198112,484.97706042776844,-212.31777661861486,1688.7923002582374,Non-critical,Non-critical
Bearing1_1,921,2803,1881,735.5423906517506,484.97706042776844,-215.01264778667553,1686.0974290901768,Non-critical,Non-critical
Bearing1_1,922,2803,1880,737.3166036894236,484.97706042776844,-213.23843474900252,1687.8716421278496,Non-critical,Non-critical
Bearing1_1,923,2803,1879,736.3504647515688,484.97706042776844,-214.20457368685732,1686.9055031899948,Non-critical,Non-critical
Bearing1_1,924,2803,1878,737.3166036894236,484.97706042776844,-213.23843474900252,1687.8716421278496,Non-critical,Non-critical
Bearing1_1,925,2803,1877,737.543569472575,484.97706042776844,-213.01146896585112,1688.0986079110012,Non-critical,Non-critical
Bearing1_1,926,2803,1876,731.0995111750278,484.97706042776844,-219.45552726339827,1681.654549613454,Non-critical,Non-critical
Bearing1_1,927,2803,1875,734.0981364082579,484.97706042776844,-216.45690203016818,1684.6531748466841,Non-critical,Non-critical
Bearing1_1,928,2803,1874,734.0981364082579,484.97706042776844,-216.45690203016818,1684.6531748466841,Non-critical,Non-critical
Bearing1_1,929,2803,1873,789.5319153801702,484.97706042776844,-161.02312305825592,1740.0869538185962,Non-critical,Non-critical
Bearing1_1,930,2803,1872,726.3782301150618,484.97706042776844,-224.1768083233643,1676.9332685534878,Non-critical,Non-critical
Bearing1_1,931,2803,1871,727.2988882454495,484.97706042776844,-223.25615019297663,1677.8539266838757,Non-critical,Non-critical
Bearing1_1,932,2803,1870,727.2988882454495,484.97706042776844,-223.25615019297663,1677.8539266838757,Non-critical,Non-critical
Bearing1_1,933,2803,1869,727.2988882454495,484.97706042776844,-223.25615019297663,1677.8539266838757,Non-critical,Non-critical
Bearing1_1,934,2803,1868,727.1575728798288,484.97706042776844,-223.39746555859733,1677.7126113182549,Non-critical,Non-critical
Bearing1_1,935,2803,1867,727.2988882454495,484.97706042776844,-223.25615019297663,1677.8539266838757,Non-critical,Non-critical
Bearing1_1,936,2803,1866,799.4382612572942,484.97706042776844,-151.11677718113185,1749.9932996957205,Non-critical,Non-critical
Bearing1_1,937,2803,1865,727.2988882454495,484.97706042776844,-223.25615019297663,1677.8539266838757,Non-critical,Non-critical
Bearing1_1,938,2803,1864,727.2988882454495,484.97706042776844,-223.25615019297663,1677.8539266838757,Non-critical,Non-critical
Bearing1_1,939,2803,1863,721.6528783600382,484.97706042776844,-228.90216007838785,1672.2079167984643,Non-critical,Non-critical
Bearing1_1,940,2803,1862,782.9652473643713,484.97706042776844,-167.5897910740548,1733.5202858027974,Non-critical,Non-critical
Bearing1_1,941,2803,1861,719.7832723134031,484.97706042776844,-230.77176612502296,1670.3383107518293,Non-critical,Non-critical
Bearing1_1,942,2803,1860,923.3744756412788,484.97706042776844,-27.18056279714733,1873.9295140797049,Non-critical,Non-critical
Bearing1_1,943,2803,1859,744.1200412253388,484.97706042776844,-206.43499721308729,1694.6750796637648,Non-critical,Non-critical
Bearing1_1,944,2803,1858,719.331975045455,484.97706042776844,-231.22306339297108,1669.8870134838812,Non-critical,Non-critical
Bearing1_1,945,2803,1857,718.7743504285268,484.97706042776844,-231.78068800989934,1669.3293888669527,Non-critical,Non-critical
Bearing1_1,946,2803,1856,718.7212715523199,484.97706042776844,-231.83376688610622,1669.276309990746,Non-critical,Non-critical
Bearing1_1,947,2803,1855,719.5006143170868,484.97706042776844,-231.05442412133925,1670.055652755513,Non-critical,Non-critical
Bearing1_1,948,2803,1854,718.7212715523199,484.97706042776844,-231.83376688610622,1669.276309990746,Non-critical,Non-critical
Bearing1_1,949,2803,1853,722.1667046166369,484.97706042776844,-228.38833382178916,1672.7217430550631,Non-critical,Non-critical
Bearing1_1,950,2803,1852,718.7212715523199,484.97706042776844,-231.83376688610622,1669.276309990746,Non-critical,Non-critical
Bearing1_1,951,2803,1851,719.3381756175381,484.97706042776844,-231.21686282088797,1669.893214055964,Non-critical,Non-critical
Bearing1_1,952,2803,1850,807.6243341708001,484.97706042776844,-142.93070426762597,1758.1793726092262,Non-critical,Non-critical
Bearing1_1,953,2803,1849,717.2874374941937,484.97706042776844,-233.2676009442324,1667.84247593262,Non-critical,Non-critical
Bearing1_1,954,2803,1848,717.2874374941937,484.97706042776844,-233.2676009442324,1667.84247593262,Non-critical,Non-critical
Bearing1_1,955,2803,1847,717.2874374941937,484.97706042776844,-233.2676009442324,1667.84247593262,Non-critical,Non-critical
Bearing1_1,956,2803,1846,717.2874374941937,484.97706042776844,-233.2676009442324,1667.84247593262,Non-critical,Non-critical
Bearing1_1,957,2803,1845,717.2874374941937,484.97706042776844,-233.2676009442324,1667.84247593262,Non-critical,Non-critical
Bearing1_1,958,2803,1844,717.2874374941937,484.97706042776844,-233.2676009442324,1667.84247593262,Non-critical,Non-critical
Bearing1_1,959,2803,1843,716.6767340010585,484.97706042776844,-233.87830443736755,1667.2317724394848,Non-critical,Non-critical
Bearing1_1,960,2803,1842,714.9308107492453,484.97706042776844,-235.62422768918077,1665.4858491876714,Non-critical,Non-critical
Bearing1_1,961,2803,1841,778.5134568409443,484.97706042776844,-172.0415815974818,1729.0684952793704,Non-critical,Non-critical
Bearing1_1,962,2803,1840,717.2936380662768,484.97706042776844,-233.2614003721493,1667.8486765047028,Non-critical,Non-critical
Bearing1_1,963,2803,1839,720.579192060824,484.97706042776844,-229.97584637760212,1671.13423049925,Non-critical,Non-critical
Bearing1_1,964,2803,1838,717.1665817125065,484.97706042776844,-233.38845672591958,1667.7216201509327,Non-critical,Non-critical
Bearing1_1,965,2803,1837,711.0538744045903,484.97706042776844,-239.50116403383583,1661.6089128430162,Non-critical,Non-critical
Bearing1_1,966,2803,1836,713.257923080658,484.97706042776844,-237.29711535776812,1663.8129615190842,Non-critical,Non-critical
Bearing1_1,967,2803,1835,711.5119998288448,484.97706042776844,-239.04303860958134,1662.0670382672708,Non-critical,Non-critical
Bearing1_1,968,2803,1834,713.2641236527411,484.97706042776844,-237.290914785685,1663.819162091167,Non-critical,Non-critical
Bearing1_1,969,2803,1833,703.4955156795011,484.97706042776844,-247.05952275892503,1654.0505541179273,Non-critical,Non-critical
Bearing1_1,970,2803,1832,713.257923080658,484.97706042776844,-237.29711535776812,1663.8129615190842,Non-critical,Non-critical
Bearing1_1,971,2803,1831,713.257923080658,484.97706042776844,-237.29711535776812,1663.8129615190842,Non-critical,Non-critical
Bearing1_1,972,2803,1830,713.257923080658,484.97706042776844,-237.29711535776812,1663.8129615190842,Non-critical,Non-critical
Bearing1_1,973,2803,1829,711.0538744045903,484.97706042776844,-239.50116403383583,1661.6089128430162,Non-critical,Non-critical
Bearing1_1,974,2803,1828,713.257923080658,484.97706042776844,-237.29711535776812,1663.8129615190842,Non-critical,Non-critical
Bearing1_1,975,2803,1827,712.6472195875228,484.97706042776844,-237.90781885090325,1663.202258025949,Non-critical,Non-critical
Bearing1_1,976,2803,1826,741.4414803265182,484.97706042776844,-209.11355811190788,1691.9965187649443,Non-critical,Non-critical
Bearing1_1,977,2803,1825,712.7002984637297,484.97706042776844,-237.85473997469637,1663.2553369021557,Non-critical,Non-critical
Bearing1_1,978,2803,1824,712.6472195875228,484.97706042776844,-237.90781885090325,1663.202258025949,Non-critical,Non-critical
Bearing1_1,979,2803,1823,713.257923080658,484.97706042776844,-237.29711535776812,1663.8129615190842,Non-critical,Non-critical
Bearing1_1,980,2803,1822,693.4541712574617,484.97706042776844,-257.1008671809644,1644.0092096958879,Non-critical,Non-critical
Bearing1_1,981,2803,1821,696.8996043217787,484.97706042776844,-253.65543411664737,1647.454642760205,Non-critical,Non-critical
Bearing1_1,982,2803,1820,696.8996043217787,484.97706042776844,-253.65543411664737,1647.454642760205,Non-critical,Non-critical
Bearing1_1,983,2803,1819,696.8603236564144,484.97706042776844,-253.69471478201172,1647.4153620948405,Non-critical,Non-critical
Bearing1_1,984,2803,1818,693.4603718295448,484.97706042776844,-257.0946666088813,1644.0154102679708,Non-critical,Non-critical
Bearing1_1,985,2803,1817,692.8434677643265,484.97706042776844,-257.71157067409956,1643.3985062027527,Non-critical,Non-critical
Bearing1_1,986,2803,1816,693.4541712574617,484.97706042776844,-257.1008671809644,1644.0092096958879,Non-critical,Non-critical
Bearing1_1,987,2803,1815,721.0270250101868,484.97706042776844,-229.52801342823932,1671.5820634486129,Non-critical,Non-critical
Bearing1_1,988,2803,1814,691.7082480056484,484.97706042776844,-258.84679043277765,1642.2632864440745,Non-critical,Non-critical
Bearing1_1,989,2803,1813,693.4603718295448,484.97706042776844,-257.0946666088813,1644.0154102679708,Non-critical,Non-critical
Bearing1_1,990,2803,1812,693.4541712574617,484.97706042776844,-257.1008671809644,1644.0092096958879,Non-critical,Non-critical
Bearing1_1,991,2803,1811,693.4541712574617,484.97706042776844,-257.1008671809644,1644.0092096958879,Non-critical,Non-critical
Bearing1_1,992,2803,1810,690.6394190882588,484.97706042776844,-259.9156193501673,1641.1944575266848,Non-critical,Non-critical
Bearing1_1,993,2803,1809,692.8434677643265,484.97706042776844,-257.71157067409956,1643.3985062027527,Non-critical,Non-critical
Bearing1_1,994,2803,1808,693.4541712574617,484.97706042776844,-257.1008671809644,1644.0092096958879,Non-critical,Non-critical
Bearing1_1,995,2803,1807,693.4541712574617,484.97706042776844,-257.1008671809644,1644.0092096958879,Non-critical,Non-critical
Bearing1_1,996,2803,1806,693.4541712574617,484.97706042776844,-257.1008671809644,1644.0092096958879,Non-critical,Non-critical
Bearing1_1,997,2803,1805,691.7082480056484,484.97706042776844,-258.84679043277765,1642.2632864440745,Non-critical,Non-critical
Bearing1_1,998,2803,1804,689.646464167334,484.97706042776844,-260.9085742710921,1640.2015026057602,Non-critical,Non-critical
Bearing1_1,999,2803,1803,679.001285689434,484.97706042776844,-271.5537527489921,1629.55632412786,Non-critical,Non-critical
Bearing1_1,1000,2803,1802,694.1596257202345,484.97706042776844,-256.39541271819155,1644.7146641586605,Non-critical,Non-critical
Bearing1_1,1001,2803,1801,690.2571676604691,484.97706042776844,-260.297870777957,1640.8122060988953,Non-critical,Non-critical
Bearing1_1,1002,2803,1800,690.2571676604691,484.97706042776844,-260.297870777957,1640.8122060988953,Non-critical,Non-critical
Bearing1_1,1003,2803,1799,690.2633682325522,484.97706042776844,-260.29167020587386,1640.8184066709782,Non-critical,Non-critical
Bearing1_1,1004,2803,1798,688.5112444086559,484.97706042776844,-262.0437940297702,1639.066282847082,Non-critical,Non-critical
Bearing1_1,1005,2803,1797,689.646464167334,484.97706042776844,-260.9085742710921,1640.2015026057602,Non-critical,Non-critical
Bearing1_1,1006,2803,1796,687.6353198745783,484.97706042776844,-262.9197185638478,1638.1903583130043,Non-critical,Non-critical
Bearing1_1,1007,2803,1795,690.425806932101,484.97706042776844,-260.12923150632514,1640.980845370527,Non-critical,Non-critical
Bearing1_1,1008,2803,1794,690.2571676604691,484.97706042776844,-260.297870777957,1640.8122060988953,Non-critical,Non-critical
Bearing1_1,1009,2803,1793,815.8552857875504,484.97706042776844,-134.69975265087567,1766.4103242259766,Non-critical,Non-critical
Bearing1_1,1010,2803,1792,689.646464167334,484.97706042776844,-260.9085742710921,1640.2015026057602,Non-critical,Non-critical
Bearing1_1,1011,2803,1791,690.2571676604691,484.97706042776844,-260.297870777957,1640.8122060988953,Non-critical,Non-critical
Bearing1_1,1012,2803,1790,690.2633682325522,484.97706042776844,-260.29167020587386,1640.8184066709782,Non-critical,Non-critical
Bearing1_1,1013,2803,1789,668.3706618885585,484.97706042776844,-282.1843765498676,1618.9257003269845,Non-critical,Non-critical
Bearing1_1,1014,2803,1788,668.3706618885585,484.97706042776844,-282.1843765498676,1618.9257003269845,Non-critical,Non-critical
Bearing1_1,1015,2803,1787,668.5393011601903,484.97706042776844,-282.01573727823575,1619.0943395986164,Non-critical,Non-critical
Bearing1_1,1016,2803,1786,694.4243991877141,484.97706042776844,-256.13063925071197,1644.9794376261402,Non-critical,Non-critical
Bearing1_1,1017,2803,1785,668.3706618885585,484.97706042776844,-282.1843765498676,1618.9257003269845,Non-critical,Non-critical
Bearing1_1,1018,2803,1784,822.146136689417,484.97706042776844,-128.40890174900915,1772.701175127843,Non-critical,Non-critical
Bearing1_1,1019,2803,1783,667.7599583954234,484.97706042776844,-282.7950800430027,1618.3149968338494,Non-critical,Non-critical
Bearing1_1,1020,2803,1782,668.3706618885585,484.97706042776844,-282.1843765498676,1618.9257003269845,Non-critical,Non-critical
Bearing1_1,1021,2803,1781,672.279320520407,484.97706042776844,-278.27571791801904,1622.834358958833,Non-critical,Non-critical
Bearing1_1,1022,2803,1780,667.7599583954234,484.97706042776844,-282.7950800430027,1618.3149968338494,Non-critical,Non-critical
Bearing1_1,1023,2803,1779,670.1363108440862,484.97706042776844,-280.4187275943399,1620.6913492825124,Non-critical,Non-critical
Bearing1_1,1024,2803,1778,792.1423421957006,484.97706042776844,-158.41269624272547,1742.6973806341266,Non-critical,Non-critical
Bearing1_1,1025,2803,1777,792.7530456888358,484.97706042776844,-157.80199274959034,1743.3080841272617,Non-critical,Non-critical
Bearing1_1,1026,2803,1776,793.9625794435567,484.97706042776844,-156.5924589948694,1744.517617881983,Non-critical,Non-critical
Bearing1_1,1027,2803,1775,713.9678306170662,484.97706042776844,-236.58720782135993,1664.5228690554923,Non-critical,Non-critical
Bearing1_1,1028,2803,1774,666.1666132124908,484.97706042776844,-284.3884252259353,1616.721651650917,Non-critical,Non-critical
Bearing1_1,1029,2803,1773,671.7830148595943,484.97706042776844,-278.77202357883175,1622.3380532980204,Non-critical,Non-critical
Bearing1_1,1030,2803,1772,668.3706618885585,484.97706042776844,-282.1843765498676,1618.9257003269845,Non-critical,Non-critical
Bearing1_1,1031,2803,1771,793.9625794435567,484.97706042776844,-156.5924589948694,1744.517617881983,Non-critical,Non-critical
Bearing1_1,1032,2803,1770,668.3706618885585,484.97706042776844,-282.1843765498676,1618.9257003269845,Non-critical,Non-critical
Bearing1_1,1033,2803,1769,792.7530456888358,484.97706042776844,-157.80199274959034,1743.3080841272617,Non-critical,Non-critical
Bearing1_1,1034,2803,1768,666.4838648203161,484.97706042776844,-284.07117361811004,1617.0389032587423,Non-critical,Non-critical
Bearing1_1,1035,2803,1767,790.8724491926764,484.97706042776844,-159.68258924574968,1741.4274876311024,Non-critical,Non-critical
Bearing1_1,1036,2803,1766,668.3706618885585,484.97706042776844,-282.1843765498676,1618.9257003269845,Non-critical,Non-critical
Bearing1_1,1037,2803,1765,668.3706618885585,484.97706042776844,-282.1843765498676,1618.9257003269845,Non-critical,Non-critical
Bearing1_1,1038,2803,1764,695.9435156412836,484.97706042776844,-254.61152279714247,1646.4985540797097,Non-critical,Non-critical
Bearing1_1,1039,2803,1763,696.5542191344188,484.97706042776844,-254.00081930400734,1647.1092575728449,Non-critical,Non-critical
Bearing1_1,1040,2803,1762,647.6406206070142,484.97706042776844,-302.9144178314119,1598.1956590454402,Non-critical,Non-critical
Bearing1_1,1041,2803,1761,651.5430786667796,484.97706042776844,-299.0119597716465,1602.0981171052058,Non-critical,Non-critical
Bearing1_1,1042,2803,1760,772.6218346688772,484.97706042776844,-177.93320376954887,1723.1768731073034,Non-critical,Non-critical
Bearing1_1,1043,2803,1759,647.6406206070142,484.97706042776844,-302.9144178314119,1598.1956590454402,Non-critical,Non-critical
Bearing1_1,1044,2803,1758,682.7122887862055,484.97706042776844,-267.8427496522206,1633.2673272246316,Non-critical,Non-critical
Bearing1_1,1045,2803,1757,685.6132990101129,484.97706042776844,-264.9417394283132,1636.168337448539,Non-critical,Non-critical
Bearing1_1,1046,2803,1756,647.6406206070142,484.97706042776844,-302.9144178314119,1598.1956590454402,Non-critical,Non-critical
Bearing1_1,1047,2803,1755,798.076741706447,484.97706042776844,-152.47829673197907,1748.6317801448731,Non-critical,Non-critical
Bearing1_1,1048,2803,1754,647.6406206070142,484.97706042776844,-302.9144178314119,1598.1956590454402,Non-critical,Non-critical
Bearing1_1,1049,2803,1753,772.0292049793745,484.97706042776844,-178.52583345905157,1722.5842434178007,Non-critical,Non-critical
Bearing1_1,1050,2803,1752,650.9323751736445,484.97706042776844,-299.62266326478164,1601.4874136120707,Non-critical,Non-critical
Bearing1_1,1051,2803,1751,647.029917113879,484.97706042776844,-303.52512132454706,1597.584955552305,Non-critical,Non-critical
Bearing1_1,1052,2803,1750,647.6406206070142,484.97706042776844,-302.9144178314119,1598.1956590454402,Non-critical,Non-critical
Bearing1_1,1053,2803,1749,772.0230044072914,484.97706042776844,-178.53203403113469,1722.5780428457174,Non-critical,Non-critical
Bearing1_1,1054,2803,1748,647.6406206070142,484.97706042776844,-302.9144178314119,1598.1956590454402,Non-critical,Non-critical
Bearing1_1,1055,2803,1747,647.029917113879,484.97706042776844,-303.52512132454706,1597.584955552305,Non-critical,Non-critical
Bearing1_1,1056,2803,1746,647.6406206070142,484.97706042776844,-302.9144178314119,1598.1956590454402,Non-critical,Non-critical
Bearing1_1,1057,2803,1745,773.2325381620124,484.97706042776844,-177.32250027641373,1723.7875766004386,Non-critical,Non-critical
Bearing1_1,1058,2803,1744,773.2325381620124,484.97706042776844,-177.32250027641373,1723.7875766004386,Non-critical,Non-critical
Bearing1_1,1059,2803,1743,772.0230044072914,484.97706042776844,-178.53203403113469,1722.5780428457174,Non-critical,Non-critical
Bearing1_1,1060,2803,1742,651.05297357805,484.97706042776844,-299.5020648603761,1601.608012016476,Non-critical,Non-critical
Bearing1_1,1061,2803,1741,647.029917113879,484.97706042776844,-303.52512132454706,1597.584955552305,Non-critical,Non-critical
Bearing1_1,1062,2803,1740,645.7538235387717,484.97706042776844,-304.8012148996544,1596.308861977198,Non-critical,Non-critical
Bearing1_1,1063,2803,1739,772.0230044072914,484.97706042776844,-178.53203403113469,1722.5780428457174,Non-critical,Non-critical
Bearing1_1,1064,2803,1738,654.5287315403452,484.97706042776844,-296.02630689808086,1605.0837699787712,Non-critical,Non-critical
Bearing1_1,1065,2803,1737,772.0230044072914,484.97706042776844,-178.53203403113469,1722.5780428457174,Non-critical,Non-critical
Bearing1_1,1066,2803,1736,772.0230044072914,484.97706042776844,-178.53203403113469,1722.5780428457174,Non-critical,Non-critical
Bearing1_1,1067,2803,1735,771.4123009141563,484.97706042776844,-179.14273752426982,1721.9673393525823,Non-critical,Non-critical
Bearing1_1,1068,2803,1734,647.6406206070142,484.97706042776844,-302.9144178314119,1598.1956590454402,Non-critical,Non-critical
Bearing1_1,1069,2803,1733,772.0230044072914,484.97706042776844,-178.53203403113469,1722.5780428457174,Non-critical,Non-critical
Bearing1_1,1070,2803,1732,647.6406206070142,484.97706042776844,-302.9144178314119,1598.1956590454402,Non-critical,Non-critical
Bearing1_1,1071,2803,1731,773.2325381620124,484.97706042776844,-177.32250027641373,1723.7875766004386,Non-critical,Non-critical
Bearing1_1,1072,2803,1730,772.0230044072914,484.97706042776844,-178.53203403113469,1722.5780428457174,Non-critical,Non-critical
Bearing1_1,1073,2803,1729,739.405026975627,484.97706042776844,-211.15001146279906,1689.9600654140531,Non-critical,Non-critical
Bearing1_1,1074,2803,1728,747.5692314840654,484.97706042776844,-202.98580695436067,1698.1242699224915,Non-critical,Non-critical
Bearing1_1,1075,2803,1727,654.8837335378754,484.97706042776844,-295.6713049005507,1605.4387719763015,Non-critical,Non-critical
Bearing1_1,1076,2803,1726,745.1942821036349,484.97706042776844,-205.36075633479118,1695.749320542061,Non-critical,Non-critical
Bearing1_1,1077,2803,1725,659.396895090776,484.97706042776844,-291.15814334765014,1609.951933529202,Non-critical,Non-critical
Bearing1_1,1078,2803,1724,739.0939759398849,484.97706042776844,-211.4610624985412,1689.649014378311,Non-critical,Non-critical
Bearing1_1,1079,2803,1723,655.5006376030937,484.97706042776844,-295.05440083533244,1606.0556760415197,Non-critical,Non-critical
Bearing1_1,1080,2803,1722,655.5006376030937,484.97706042776844,-295.05440083533244,1606.0556760415197,Non-critical,Non-critical
Bearing1_1,1081,2803,1721,659.396895090776,484.97706042776844,-291.15814334765014,1609.951933529202,Non-critical,Non-critical
Bearing1_1,1082,2803,1720,768.5550950977462,484.97706042776844,-181.99994334067992,1719.1101335361723,Non-critical,Non-critical
Bearing1_1,1083,2803,1719,659.6167127314866,484.97706042776844,-290.9383257069395,1610.1717511699126,Non-critical,Non-critical
Bearing1_1,1084,2803,1718,770.9899903548893,484.97706042776844,-179.5650480835368,1721.5450287933154,Non-critical,Non-critical
Bearing1_1,1085,2803,1717,655.4944370310105,484.97706042776844,-295.06060140741556,1606.0494754694366,Non-critical,Non-critical
Bearing1_1,1086,2803,1716,773.3528176719208,484.97706042776844,-177.20222076650532,1723.907856110347,Non-critical,Non-critical
Bearing1_1,1087,2803,1715,655.4944370310105,484.97706042776844,-295.06060140741556,1606.0494754694366,Non-critical,Non-critical
Bearing1_1,1088,2803,1714,715.523152137338,484.97706042776844,-235.0318863010881,1666.078190575764,Non-critical,Non-critical
Bearing1_1,1089,2803,1713,771.6006938480244,484.97706042776844,-178.95434459040166,1722.1557322864505,Non-critical,Non-critical
Bearing1_1,1090,2803,1712,665.127899826562,484.97706042776844,-285.42713861186405,1615.682938264988,Non-critical,Non-critical
Bearing1_1,1091,2803,1711,742.5013577985904,484.97706042776844,-208.05368063983565,1693.0563962370165,Non-critical,Non-critical
Bearing1_1,1092,2803,1710,741.2980246159526,484.97706042776844,-209.25701382247348,1691.8530630543787,Non-critical,Non-critical
Bearing1_1,1093,2803,1709,711.2974548267857,484.97706042776844,-239.25758361164037,1661.8524932652117,Non-critical,Non-critical
Bearing1_1,1094,2803,1708,652.5851295833492,484.97706042776844,-297.96990885507694,1603.1401680217753,Non-critical,Non-critical
Bearing1_1,1095,2803,1707,651.974426090214,484.97706042776844,-298.58061234821207,1602.5294645286401,Non-critical,Non-critical
Bearing1_1,1096,2803,1706,738.3825165962081,484.97706042776844,-212.17252184221798,1688.9375550346342,Non-critical,Non-critical
Bearing1_1,1097,2803,1705,654.2066675145101,484.97706042776844,-296.34837092391604,1604.7617059529362,Non-critical,Non-critical
Bearing1_1,1098,2803,1704,653.5959640213749,484.97706042776844,-296.95907441705117,1604.151002459801,Non-critical,Non-critical
Bearing1_1,1099,2803,1703,659.7083786322397,484.97706042776844,-290.8466598061864,1610.2634170706658,Non-critical,Non-critical
Bearing1_1,1100,2803,1702,645.3074122884233,484.97706042776844,-305.2476261500028,1595.8624507268494,Non-critical,Non-critical
Bearing1_1,1101,2803,1701,651.257411080059,484.97706042776844,-299.2976273583671,1601.8124495184852,Non-critical,Non-critical
Bearing1_1,1102,2803,1700,652.4607442626968,484.97706042776844,-298.09429417572926,1603.015782701123,Non-critical,Non-critical
Bearing1_1,1103,2803,1699,741.21358828209,484.97706042776844,-209.34145015633612,1691.768626720516,Non-critical,Non-critical
Bearing1_1,1104,2803,1698,654.2066675145101,484.97706042776844,-296.34837092391604,1604.7617059529362,Non-critical,Non-critical
Bearing1_1,1105,2803,1697,740.004054527369,484.97706042776844,-210.55098391105707,1690.5590929657951,Non-critical,Non-critical
Bearing1_1,1106,2803,1696,659.4554116844957,484.97706042776844,-291.09962675393035,1610.0104501229218,Non-critical,Non-critical
Bearing1_1,1107,2803,1695,657.7815313560897,484.97706042776844,-292.77350708233644,1608.3365697945158,Non-critical,Non-critical
Bearing1_1,1108,2803,1694,741.21358828209,484.97706042776844,-209.34145015633612,1691.768626720516,Non-critical,Non-critical
Bearing1_1,1109,2803,1693,659.2513536367914,484.97706042776844,-291.30368480163474,1609.8063920752174,Non-critical,Non-critical
Bearing1_1,1110,2803,1692,649.8198874733017,484.97706042776844,-300.7351509651244,1600.3749259117278,Non-critical,Non-critical
Bearing1_1,1111,2803,1691,736.2279779792958,484.97706042776844,-214.32706045913028,1686.783016417722,Non-critical,Non-critical
Bearing1_1,1112,2803,1690,650.4305909664369,484.97706042776844,-300.12444747198924,1600.985629404863,Non-critical,Non-critical
Bearing1_1,1113,2803,1689,735.2396636300322,484.97706042776844,-215.31537480839393,1685.7947020684583,Non-critical,Non-critical
Bearing1_1,1114,2803,1688,736.2279779792958,484.97706042776844,-214.32706045913028,1686.783016417722,Non-critical,Non-critical
Bearing1_1,1115,2803,1687,734.4820547274826,484.97706042776844,-216.0729837109435,1685.0370931659086,Non-critical,Non-critical
Bearing1_1,1116,2803,1686,649.8198874733017,484.97706042776844,-300.7351509651244,1600.3749259117278,Non-critical,Non-critical
Bearing1_1,1117,2803,1685,649.8198874733017,484.97706042776844,-300.7351509651244,1600.3749259117278,Non-critical,Non-critical
Bearing1_1,1118,2803,1684,736.2279779792958,484.97706042776844,-214.32706045913028,1686.783016417722,Non-critical,Non-critical
Bearing1_1,1119,2803,1683,736.2279779792958,484.97706042776844,-214.32706045913028,1686.783016417722,Non-critical,Non-critical
Bearing1_1,1120,2803,1682,729.4134229117508,484.97706042776844,-221.1416155266753,1679.9684613501768,Non-critical,Non-critical
Bearing1_1,1121,2803,1681,650.43679153852,484.97706042776844,-300.1182468999061,1600.991829976946,Non-critical,Non-critical
Bearing1_1,1122,2803,1680,769.2515256198468,484.97706042776844,-181.3035128185793,1719.806564058273,Non-critical,Non-critical
Bearing1_1,1123,2803,1679,650.4305909664369,484.97706042776844,-300.12444747198924,1600.985629404863,Non-critical,Non-critical
Bearing1_1,1124,2803,1678,735.6172744861607,484.97706042776844,-214.9377639522654,1686.1723129245868,Non-critical,Non-critical
Bearing1_1,1125,2803,1677,650.4305909664369,484.97706042776844,-300.12444747198924,1600.985629404863,Non-critical,Non-critical
Bearing1_1,1126,2803,1676,736.2279779792958,484.97706042776844,-214.32706045913028,1686.783016417722,Non-critical,Non-critical
Bearing1_1,1127,2803,1675,736.2341785513789,484.97706042776844,-214.32085988704716,1686.789216989805,Non-critical,Non-critical
Bearing1_1,1128,2803,1674,735.6915884822035,484.97706042776844,-214.86344995622255,1686.2466269206298,Non-critical,Non-critical
Bearing1_1,1129,2803,1673,769.2577261919299,484.97706042776844,-181.29731224649618,1719.812764630356,Non-critical,Non-critical
Bearing1_1,1130,2803,1672,765.6210689798771,484.97706042776844,-184.93396945854897,1716.1761074183032,Non-critical,Non-critical
Bearing1_1,1131,2803,1671,650.43679153852,484.97706042776844,-300.1182468999061,1600.991829976946,Non-critical,Non-critical
Bearing1_1,1132,2803,1670,702.3801772808672,484.97706042776844,-248.1748611575589,1652.9352157192934,Non-critical,Non-critical
Bearing1_1,1133,2803,1669,702.979007542453,484.97706042776844,-247.57603089597308,1653.534045980879,Non-critical,Non-critical
Bearing1_1,1134,2803,1668,658.0304987737137,484.97706042776844,-292.5245396647124,1608.5855372121398,Non-critical,Non-critical
Bearing1_1,1135,2803,1667,736.9467032850132,484.97706042776844,-213.6083351534129,1687.5017417234394,Non-critical,Non-critical
Bearing1_1,1136,2803,1666,734.9437418550361,484.97706042776844,-215.61129658338996,1685.4987802934622,Non-critical,Non-critical
Bearing1_1,1137,2803,1665,655.6262793667976,484.97706042776844,-294.9287590716285,1606.1813178052237,Non-critical,Non-critical
Bearing1_1,1138,2803,1664,657.4197952805786,484.97706042776844,-293.1352431578475,1607.9748337190047,Non-critical,Non-critical
Bearing1_1,1139,2803,1663,702.3801772808672,484.97706042776844,-248.1748611575589,1652.9352157192934,Non-critical,Non-critical
Bearing1_1,1140,2803,1662,703.5897110355882,484.97706042776844,-246.96532740283794,1654.1447494740141,Non-critical,Non-critical
Bearing1_1,1141,2803,1661,700.1761286047995,484.97706042776844,-250.3789098336266,1650.7311670432255,Non-critical,Non-critical
Bearing1_1,1142,2803,1660,664.5255345928844,484.97706042776844,-286.02950384554174,1615.0805730313105,Non-critical,Non-critical
Bearing1_1,1143,2803,1659,664.9186097070448,484.97706042776844,-285.63642873138133,1615.4736481454709,Non-critical,Non-critical
Bearing1_1,1144,2803,1658,701.3856623595204,484.97706042776844,-249.16937607890566,1651.9407007979466,Non-critical,Non-critical
Bearing1_1,1145,2803,1657,662.1320489460524,484.97706042776844,-288.42298949237374,1612.6870873844784,Non-critical,Non-critical
Bearing1_1,1146,2803,1656,702.3863778529503,484.97706042776844,-248.16866058547578,1652.9414162913763,Non-critical,Non-critical
Bearing1_1,1147,2803,1655,735.4037249214182,484.97706042776844,-215.1513135170079,1685.9587633598444,Non-critical,Non-critical
Bearing1_1,1148,2803,1654,664.9186097070448,484.97706042776844,-285.63642873138133,1615.4736481454709,Non-critical,Non-critical
Bearing1_1,1149,2803,1653,703.5897110355882,484.97706042776844,-246.96532740283794,1654.1447494740141,Non-critical,Non-critical
Bearing1_1,1150,2803,1652,655.6738720287653,484.97706042776844,-294.88116640966075,1606.2289104671913,Non-critical,Non-critical
Bearing1_1,1151,2803,1651,666.9974607065561,484.97706042776844,-283.55757773186997,1617.5524991449822,Non-critical,Non-critical
Bearing1_1,1152,2803,1650,655.2157466045109,484.97706042776844,-295.33929183391524,1605.770785042937,Non-critical,Non-critical
Bearing1_1,1153,2803,1649,658.0304987737137,484.97706042776844,-292.5245396647124,1608.5855372121398,Non-critical,Non-critical
Bearing1_1,1154,2803,1648,686.2140560195741,484.97706042776844,-264.34098241885204,1636.7690944580002,Non-critical,Non-critical
Bearing1_1,1155,2803,1647,664.9186097070448,484.97706042776844,-285.63642873138133,1615.4736481454709,Non-critical,Non-critical
Bearing1_1,1156,2803,1646,658.0366993457968,484.97706042776844,-292.5183390926293,1608.591737784223,Non-critical,Non-critical
Bearing1_1,1157,2803,1645,738.8784531032524,484.97706042776844,-211.67658533517374,1689.4334915416784,Non-critical,Non-critical
Bearing1_1,1158,2803,1644,673.1810069222902,484.97706042776844,-277.3740315161359,1623.7360453607162,Non-critical,Non-critical
Bearing1_1,1159,2803,1643,709.8409639580779,484.97706042776844,-240.71407448034824,1660.396002396504,Non-critical,Non-critical
Bearing1_1,1160,2803,1642,713.3080520341822,484.97706042776844,-237.2469864042439,1663.8630904726083,Non-critical,Non-critical
Bearing1_1,1161,2803,1641,656.0119140545199,484.97706042776844,-294.54312438390616,1606.566952492946,Non-critical,Non-critical
Bearing1_1,1162,2803,1640,656.0119140545199,484.97706042776844,-294.54312438390616,1606.566952492946,Non-critical,Non-critical
Bearing1_1,1163,2803,1639,664.3503746847404,484.97706042776844,-286.20466375368574,1614.9054131231665,Non-critical,Non-critical
Bearing1_1,1164,2803,1638,759.43887750138,484.97706042776844,-191.11616093704606,1709.9939159398061,Non-critical,Non-critical
Bearing1_1,1165,2803,1637,661.1530013072316,484.97706042776844,-289.40203713119445,1611.7080397456577,Non-critical,Non-critical
Bearing1_1,1166,2803,1636,653.1971618853171,484.97706042776844,-297.357876553109,1603.7522003237432,Non-critical,Non-critical
Bearing1_1,1167,2803,1635,684.1954713003803,484.97706042776844,-266.3595671380458,1634.7505097388064,Non-critical,Non-critical
Bearing1_1,1168,2803,1634,662.2631669770096,484.97706042776844,-288.29187146141646,1612.8182054154358,Non-critical,Non-critical
Bearing1_1,1169,2803,1633,655.4012105613848,484.97706042776844,-295.1538278770413,1605.956248999811,Non-critical,Non-critical
Bearing1_1,1170,2803,1632,671.1624222030964,484.97706042776844,-279.3926162353297,1621.7174606415224,Non-critical,Non-critical
Bearing1_1,1171,2803,1631,668.2863086196433,484.97706042776844,-282.26872981878284,1618.8413470580695,Non-critical,Non-critical
Bearing1_1,1172,2803,1630,726.2266608410088,484.97706042776844,-224.32837759741733,1676.7816992794349,Non-critical,Non-critical
Bearing1_1,1173,2803,1629,668.6444941045476,484.97706042776844,-281.91054433387853,1619.1995325429737,Non-critical,Non-critical
Bearing1_1,1174,2803,1628,653.4939859559711,484.97706042776844,-297.061052482455,1604.0490243943973,Non-critical,Non-critical
Bearing1_1,1175,2803,1627,668.370208629979,484.97706042776844,-282.18482980844715,1618.925247068405,Non-critical,Non-critical
Bearing1_1,1176,2803,1626,653.2197004814025,484.97706042776844,-297.3353379570236,1603.7747389198285,Non-critical,Non-critical
Bearing1_1,1177,2803,1625,710.9739638853192,484.97706042776844,-239.58107455310687,1661.5290023237453,Non-critical,Non-critical
Bearing1_1,1178,2803,1624,724.4332589128707,484.97706042776844,-226.12177952555544,1674.9882973512968,Non-critical,Non-critical
Bearing1_1,1179,2803,1623,661.9050120930376,484.97706042776844,-288.6500263453885,1612.4600505314638,Non-critical,Non-critical
Bearing1_1,1180,2803,1622,641.9385729626116,484.97706042776844,-308.6164654758145,1592.4936114010377,Non-critical,Non-critical
Bearing1_1,1181,2803,1621,659.6543533138628,484.97706042776844,-290.9006851245633,1610.2093917522889,Non-critical,Non-critical
Bearing1_1,1182,2803,1620,685.2507889307547,484.97706042776844,-265.30424950767144,1635.8058273691809,Non-critical,Non-critical
Bearing1_1,1183,2803,1619,667.9167505291082,484.97706042776844,-282.6382879093179,1618.4717889675344,Non-critical,Non-critical
Bearing1_1,1184,2803,1618,652.7662423805317,484.97706042776844,-297.7887960578944,1603.3212808189578,Non-critical,Non-critical
Bearing1_1,1185,2803,1617,676.3393969400908,484.97706042776844,-274.21564149833534,1626.8944353785168,Non-critical,Non-critical
Bearing1_1,1186,2803,1616,652.7662423805317,484.97706042776844,-297.7887960578944,1603.3212808189578,Non-critical,Non-critical
Bearing1_1,1187,2803,1615,652.1555388873966,484.97706042776844,-298.3994995510295,1602.7105773258227,Non-critical,Non-critical
Bearing1_1,1188,2803,1614,643.8669871544449,484.97706042776844,-306.68805128398117,1594.422025592871,Non-critical,Non-critical
Bearing1_1,1189,2803,1613,648.5452205415711,484.97706042776844,-302.009817896855,1599.1002589799973,Non-critical,Non-critical
Bearing1_1,1190,2803,1612,660.1113783093111,484.97706042776844,-290.44366012911496,1610.6664167477372,Non-critical,Non-critical
Bearing1_1,1191,2803,1611,658.6234529347668,484.97706042776844,-291.93158550365933,1609.1784913731929,Non-critical,Non-critical
Bearing1_1,1192,2803,1610,642.7876100306553,484.97706042776844,-307.7674284077708,1593.3426484690813,Non-critical,Non-critical
Bearing1_1,1193,2803,1609,653.2789433899649,484.97706042776844,-297.27609504846123,1603.833981828391,Non-critical,Non-critical
Bearing1_1,1194,2803,1608,654.4472715000283,484.97706042776844,-296.10776693839784,1605.0023099384543,Non-critical,Non-critical
Bearing1_1,1195,2803,1607,698.7969500071817,484.97706042776844,-251.75808843124435,1649.3519884456077,Non-critical,Non-critical
Bearing1_1,1196,2803,1606,637.5508400996385,484.97706042776844,-313.00419833878755,1588.1058785380646,Non-critical,Non-critical
Bearing1_1,1197,2803,1605,654.4534720721114,484.97706042776844,-296.1015663663147,1605.0085105105375,Non-critical,Non-critical
Bearing1_1,1198,2803,1604,639.2967633514518,484.97706042776844,-311.2582750869743,1589.8518017898778,Non-critical,Non-critical
Bearing1_1,1199,2803,1603,697.6498570169543,484.97706042776844,-252.90518142147175,1648.2048954553804,Non-critical,Non-critical
Bearing1_1,1200,2803,1602,698.2605605100895,484.97706042776844,-252.29447792833662,1648.8155989485156,Non-critical,Non-critical
Bearing1_1,1201,2803,1601,646.612799627196,484.97706042776844,-303.94223881123014,1597.1678380656222,Non-critical,Non-critical
Bearing1_1,1202,2803,1600,639.2967633514518,484.97706042776844,-311.2582750869743,1589.8518017898778,Non-critical,Non-critical
Bearing1_1,1203,2803,1599,648.4355330639577,484.97706042776844,-302.1195053744684,1598.9905715023838,Non-critical,Non-critical
Bearing1_1,1204,2803,1598,639.2967633514518,484.97706042776844,-311.2582750869743,1589.8518017898778,Non-critical,Non-critical
Bearing1_1,1205,2803,1597,644.4389510329696,484.97706042776844,-306.1160874054565,1594.9939894713957,Non-critical,Non-critical
Bearing1_1,1206,2803,1596,639.3029639235349,484.97706042776844,-311.2520745148912,1589.858002361961,Non-critical,Non-critical
Bearing1_1,1207,2803,1595,638.6860598583166,484.97706042776844,-311.86897858010946,1589.2410982967426,Non-critical,Non-critical
Bearing1_1,1208,2803,1594,643.3983135237904,484.97706042776844,-307.1567249146357,1593.9533519622164,Non-critical,Non-critical
Bearing1_1,1209,2803,1593,657.3505430908236,484.97706042776844,-293.20449534760246,1607.9055815292497,Non-critical,Non-critical
Bearing1_1,1210,2803,1592,639.2967633514518,484.97706042776844,-311.2582750869743,1589.8518017898778,Non-critical,Non-critical
Bearing1_1,1211,2803,1591,645.5741707916477,484.97706042776844,-304.9808676467784,1596.1292092300737,Non-critical,Non-critical
Bearing1_1,1212,2803,1590,646.5785379216376,484.97706042776844,-303.9765005167885,1597.1335763600637,Non-critical,Non-critical
Bearing1_1,1213,2803,1589,654.4472715000283,484.97706042776844,-296.10776693839784,1605.0023099384543,Non-critical,Non-critical
Bearing1_1,1214,2803,1588,680.7004479312078,484.97706042776844,-269.8545905072183,1631.255486369634,Non-critical,Non-critical
Bearing1_1,1215,2803,1587,619.2237029292295,484.97706042776844,-331.3313355091966,1569.7787413676556,Non-critical,Non-critical
Bearing1_1,1216,2803,1586,626.1118138625606,484.97706042776844,-324.44322457586554,1576.6668523009866,Non-critical,Non-critical
Bearing1_1,1217,2803,1585,632.1701624017383,484.97706042776844,-318.38487603668784,1582.7252008401642,Non-critical,Non-critical
Bearing1_1,1218,2803,1584,648.2174028002488,484.97706042776844,-302.3376356381773,1598.772441238675,Non-critical,Non-critical
Bearing1_1,1219,2803,1583,619.2237029292295,484.97706042776844,-331.3313355091966,1569.7787413676556,Non-critical,Non-critical
Bearing1_1,1220,2803,1582,615.7834302842037,484.97706042776844,-334.77160815422235,1566.3384687226298,Non-critical,Non-critical
Bearing1_1,1221,2803,1581,630.9339384327802,484.97706042776844,-319.62110000564587,1581.4889768712064,Non-critical,Non-critical
Bearing1_1,1222,2803,1580,615.7834302842037,484.97706042776844,-334.77160815422235,1566.3384687226298,Non-critical,Non-critical
Bearing1_1,1223,2803,1579,615.7834302842037,484.97706042776844,-334.77160815422235,1566.3384687226298,Non-critical,Non-critical
Bearing1_1,1224,2803,1578,657.9352606873726,484.97706042776844,-292.61977775105345,1608.4902991257986,Non-critical,Non-critical
Bearing1_1,1225,2803,1577,619.8849804565424,484.97706042776844,-330.6700579818837,1570.4400188949685,Non-critical,Non-critical
Bearing1_1,1226,2803,1576,606.2734715649818,484.97706042776844,-344.28156687344426,1556.828510003408,Non-critical,Non-critical
Bearing1_1,1227,2803,1575,660.7319390529431,484.97706042776844,-289.82309938548303,1611.2869774913693,Non-critical,Non-critical
Bearing1_1,1228,2803,1574,630.9339384327802,484.97706042776844,-319.62110000564587,1581.4889768712064,Non-critical,Non-critical
Bearing1_1,1229,2803,1573,615.7834302842037,484.97706042776844,-334.77160815422235,1566.3384687226298,Non-critical,Non-critical
Bearing1_1,1230,2803,1572,611.5624084452431,484.97706042776844,-338.99262999318296,1562.1174468836693,Non-critical,Non-critical
Bearing1_1,1231,2803,1571,615.7834302842037,484.97706042776844,-334.77160815422235,1566.3384687226298,Non-critical,Non-critical
Bearing1_1,1232,2803,1570,613.5855821802191,484.97706042776844,-336.96945625820695,1564.1406206186452,Non-critical,Non-critical
Bearing1_1,1233,2803,1569,615.7834302842037,484.97706042776844,-334.77160815422235,1566.3384687226298,Non-critical,Non-critical
Bearing1_1,1234,2803,1568,661.3426425460782,484.97706042776844,-289.2123958923479,1611.8976809845044,Non-critical,Non-critical
Bearing1_1,1235,2803,1567,649.9893861508943,484.97706042776844,-300.56565228753175,1600.5444245893204,Non-critical,Non-critical
Bearing1_1,1236,2803,1566,642.6473102085184,484.97706042776844,-307.90772822990766,1593.2023486469445,Non-critical,Non-critical
Bearing1_1,1237,2803,1565,615.7834302842037,484.97706042776844,-334.77160815422235,1566.3384687226298,Non-critical,Non-critical
Bearing1_1,1238,2803,1564,615.7834302842037,484.97706042776844,-334.77160815422235,1566.3384687226298,Non-critical,Non-critical
Bearing1_1,1239,2803,1563,660.1393093634404,484.97706042776844,-290.41572907498573,1610.6943478018666,Non-critical,Non-critical
Bearing1_1,1240,2803,1562,628.7360903287956,484.97706042776844,-321.81894810963047,1579.2911287672218,Non-critical,Non-critical
Bearing1_1,1241,2803,1561,630.9339384327802,484.97706042776844,-319.62110000564587,1581.4889768712064,Non-critical,Non-critical
Bearing1_1,1242,2803,1560,700.9319448727135,484.97706042776844,-249.62309356571257,1651.4869833111397,Non-critical,Non-critical
Bearing1_1,1243,2803,1559,660.1331087913572,484.97706042776844,-290.42192964706885,1610.6881472297832,Non-critical,Non-critical
Bearing1_1,1244,2803,1558,615.1727267910686,484.97706042776844,-335.3823116473575,1565.7277652294947,Non-critical,Non-critical
Bearing1_1,1245,2803,1557,657.7978183570949,484.97706042776844,-292.7572200813312,1608.352856795521,Non-critical,Non-critical
Bearing1_1,1246,2803,1556,648.8786803275617,484.97706042776844,-301.6763581108644,1599.4337187659878,Non-critical,Non-critical
Bearing1_1,1247,2803,1555,658.76850077885,484.97706042776844,-291.7865376595761,1609.323539217276,Non-critical,Non-critical
Bearing1_1,1248,2803,1554,617.6809317804747,484.97706042776844,-332.8741066579514,1568.2359702189008,Non-critical,Non-critical
Bearing1_1,1249,2803,1553,619.8849804565424,484.97706042776844,-330.6700579818837,1570.4400188949685,Non-critical,Non-critical
Bearing1_1,1250,2803,1552,655.9948054425663,484.97706042776844,-294.5602329958598,1606.5498438809923,Non-critical,Non-critical
Bearing1_1,1251,2803,1551,691.3382004592215,484.97706042776844,-259.21683797920457,1641.8932388976477,Non-critical,Non-critical
Bearing1_1,1252,2803,1550,634.8535134980232,484.97706042776844,-315.7015249404029,1585.4085519364494,Non-critical,Non-critical
Bearing1_1,1253,2803,1549,620.8500983396741,484.97706042776844,-329.704940098752,1571.4051367781003,Non-critical,Non-critical
Bearing1_1,1254,2803,1548,637.2101402429715,484.97706042776844,-313.34489819545456,1587.7651786813976,Non-critical,Non-critical
Bearing1_1,1255,2803,1547,621.0187376113059,484.97706042776844,-329.53630082712016,1571.573776049732,Non-critical,Non-critical
Bearing1_1,1256,2803,1546,637.2101402429715,484.97706042776844,-313.34489819545456,1587.7651786813976,Non-critical,Non-critical
Bearing1_1,1257,2803,1545,651.6695973041574,484.97706042776844,-298.8854411342687,1602.2246357425834,Non-critical,Non-critical
Bearing1_1,1258,2803,1544,637.2101402429715,484.97706042776844,-313.34489819545456,1587.7651786813976,Non-critical,Non-critical
Bearing1_1,1259,2803,1543,678.7099742621889,484.97706042776844,-271.8450641762372,1629.265012700615,Non-critical,Non-critical
Bearing1_1,1260,2803,1542,636.5994367498364,484.97706042776844,-313.9556016885897,1587.1544751882625,Non-critical,Non-critical
Bearing1_1,1261,2803,1541,637.2101402429715,484.97706042776844,-313.34489819545456,1587.7651786813976,Non-critical,Non-critical
Bearing1_1,1262,2803,1540,636.1692457598824,484.97706042776844,-314.3857926785437,1586.7242841983084,Non-critical,Non-critical
Bearing1_1,1263,2803,1539,628.9477430277261,484.97706042776844,-321.6072954107,1579.502781466152,Non-critical,Non-critical
Bearing1_1,1264,2803,1538,637.2101402429715,484.97706042776844,-313.34489819545456,1587.7651786813976,Non-critical,Non-critical
Bearing1_1,1265,2803,1537,620.8500983396741,484.97706042776844,-329.704940098752,1571.4051367781003,Non-critical,Non-critical
Bearing1_1,1266,2803,1536,622.059632094395,484.97706042776844,-328.49540634403104,1572.614670532821,Non-critical,Non-critical
Bearing1_1,1267,2803,1535,632.8010432223946,484.97706042776844,-317.7539952160315,1583.3560816608206,Non-critical,Non-critical
Bearing1_1,1268,2803,1534,631.9162806492394,484.97706042776844,-318.6387577891867,1582.4713190876655,Non-critical,Non-critical
Bearing1_1,1269,2803,1533,629.4047680231745,484.97706042776844,-321.1502704152516,1579.9598064616007,Non-critical,Non-critical
Bearing1_1,1270,2803,1532,637.3787795146034,484.97706042776844,-313.17625892382273,1587.9338179530296,Non-critical,Non-critical
Bearing1_1,1271,2803,1531,662.9487626204773,484.97706042776844,-287.6062758179488,1613.5038010589033,Non-critical,Non-critical
Bearing1_1,1272,2803,1530,636.5994367498364,484.97706042776844,-313.9556016885897,1587.1544751882625,Non-critical,Non-critical
Bearing1_1,1273,2803,1529,635.0060915669038,484.97706042776844,-315.5489468715223,1585.56113000533,Non-critical,Non-critical
Bearing1_1,1274,2803,1528,635.9927925036325,484.97706042776844,-314.5622459347936,1586.5478309420587,Non-critical,Non-critical
Bearing1_1,1275,2803,1527,664.2792074513379,484.97706042776844,-286.27583098708817,1614.8342458897641,Non-critical,Non-critical
Bearing1_1,1276,2803,1526,622.059632094395,484.97706042776844,-328.49540634403104,1572.614670532821,Non-critical,Non-critical
Bearing1_1,1277,2803,1525,620.8500983396741,484.97706042776844,-329.704940098752,1571.4051367781003,Non-critical,Non-critical
Bearing1_1,1278,2803,1524,622.059632094395,484.97706042776844,-328.49540634403104,1572.614670532821,Non-critical,Non-critical
Bearing1_1,1279,2803,1523,620.319909414665,484.97706042776844,-330.23512902376115,1570.874947853091,Non-critical,Non-critical
Bearing1_1,1280,2803,1522,659.3384442746518,484.97706042776844,-291.2165941637743,1609.893482713078,Non-critical,Non-critical
Bearing1_1,1281,2803,1521,622.059632094395,484.97706042776844,-328.49540634403104,1572.614670532821,Non-critical,Non-critical
Bearing1_1,1282,2803,1520,630.5740077658812,484.97706042776844,-319.9810306725449,1581.1290462043073,Non-critical,Non-critical
Bearing1_1,1283,2803,1519,618.0353461704713,484.97706042776844,-332.51969226795484,1568.5903846088972,Non-critical,Non-critical
Bearing1_1,1284,2803,1518,644.555276171751,484.97706042776844,-305.99976226667513,1595.110314610177,Non-critical,Non-critical
Bearing1_1,1285,2803,1517,616.7043024237187,484.97706042776844,-333.8507360147074,1567.2593408621447,Non-critical,Non-critical
Bearing1_1,1286,2803,1516,620.8562989117572,484.97706042776844,-329.6987395266689,1571.4113373501832,Non-critical,Non-critical
Bearing1_1,1287,2803,1515,626.7436943516584,484.97706042776844,-323.8113440867677,1577.2987327900846,Non-critical,Non-critical
Bearing1_1,1288,2803,1514,668.4134506356664,484.97706042776844,-282.14158780275966,1618.9684890740925,Non-critical,Non-critical
Bearing1_1,1289,2803,1513,653.2302494751001,484.97706042776844,-297.324788963326,1603.7852879135262,Non-critical,Non-critical
Bearing1_1,1290,2803,1512,622.3266032647882,484.97706042776844,-328.2284351736379,1572.8816417032144,Non-critical,Non-critical
Bearing1_1,1291,2803,1511,615.5921708291439,484.97706042776844,-334.96286760928217,1566.14720926757,Non-critical,Non-critical
Bearing1_1,1292,2803,1510,630.7426789777204,484.97706042776844,-319.8123594607057,1581.2977174161465,Non-critical,Non-critical
Bearing1_1,1293,2803,1509,614.382637074423,484.97706042776844,-336.1724013640031,1564.9376755128492,Non-critical,Non-critical
Bearing1_1,1294,2803,1508,628.5386303016527,484.97706042776844,-322.0164081367734,1579.0936687400788,Non-critical,Non-critical
Bearing1_1,1295,2803,1507,619.6937210014826,484.97706042776844,-330.8613174369435,1570.2487594399086,Non-critical,Non-critical
Bearing1_1,1296,2803,1506,609.098875680832,484.97706042776844,-341.45616275759414,1559.653914119258,Non-critical,Non-critical
Bearing1_1,1297,2803,1505,609.7095791739671,484.97706042776844,-340.845459264459,1560.264617612393,Non-critical,Non-critical
Bearing1_1,1298,2803,1504,611.1823198516557,484.97706042776844,-339.37271858677036,1561.7373582900818,Non-critical,Non-critical
Bearing1_1,1299,2803,1503,590.360941937541,484.97706042776844,-360.19409650088505,1540.9159803759671,Non-critical,Non-critical
Bearing1_1,1300,2803,1502,609.0727899382175,484.97706042776844,-341.4822485002086,1559.6278283766437,Non-critical,Non-critical
Bearing1_1,1301,2803,1501,609.0727899382175,484.97706042776844,-341.4822485002086,1559.6278283766437,Non-critical,Non-critical
Bearing1_1,1302,2803,1500,609.0727899382175,484.97706042776844,-341.4822485002086,1559.6278283766437,Non-critical,Non-critical
Bearing1_1,1303,2803,1499,605.5791862905262,484.97706042776844,-344.9758521478999,1556.1342247289522,Non-critical,Non-critical
Bearing1_1,1304,2803,1498,613.1743401105562,484.97706042776844,-337.38069832786994,1563.7293785489824,Non-critical,Non-critical
Bearing1_1,1305,2803,1497,622.6853483544442,484.97706042776844,-327.86969008398194,1573.2403867928701,Non-critical,Non-critical
Bearing1_1,1306,2803,1496,622.6915489265273,484.97706042776844,-327.8634895118988,1573.2465873649535,Non-critical,Non-critical
Bearing1_1,1307,2803,1495,622.6915489265273,484.97706042776844,-327.8634895118988,1573.2465873649535,Non-critical,Non-critical
Bearing1_1,1308,2803,1494,645.1479455579349,484.97706042776844,-305.4070928804912,1595.7029839963611,Non-critical,Non-critical
Bearing1_1,1309,2803,1493,603.6456837589996,484.97706042776844,-346.90935467942654,1554.2007221974256,Non-critical,Non-critical
Bearing1_1,1310,2803,1492,600.0745912987993,484.97706042776844,-350.4804471396268,1550.6296297372255,Non-critical,Non-critical
Bearing1_1,1311,2803,1491,619.4461212863364,484.97706042776844,-331.1089171520897,1570.0011597247626,Non-critical,Non-critical
Bearing1_1,1312,2803,1490,619.2543173318305,484.97706042776844,-331.3007211065956,1569.8093557702566,Non-critical,Non-critical
Bearing1_1,1313,2803,1489,610.0033951255542,484.97706042776844,-340.5516433128719,1560.5584335639803,Non-critical,Non-critical
Bearing1_1,1314,2803,1488,600.3575144778808,484.97706042776844,-350.19752396054525,1550.912552916307,Non-critical,Non-critical
Bearing1_1,1315,2803,1487,594.8528869769777,484.97706042776844,-355.70215146144835,1545.407925415404,Non-critical,Non-critical
Bearing1_1,1316,2803,1486,615.7063809899116,484.97706042776844,-334.8486574485145,1566.2614194283378,Non-critical,Non-critical
Bearing1_1,1317,2803,1485,598.05056860869,484.97706042776844,-352.5044698297361,1548.605607047116,Non-critical,Non-critical
Bearing1_1,1318,2803,1484,644.6056056862282,484.97706042776844,-305.94943275219794,1595.1606441246543,Non-critical,Non-critical
Bearing1_1,1319,2803,1483,577.9865778921027,484.97706042776844,-372.5684605463234,1528.5416163305288,Non-critical,Non-critical
Bearing1_1,1320,2803,1482,578.6790386211529,484.97706042776844,-371.87599981727317,1529.234077059579,Non-critical,Non-critical
Bearing1_1,1321,2803,1481,607.7472339313382,484.97706042776844,-342.8078045070879,1558.3022723697643,Non-critical,Non-critical
Bearing1_1,1322,2803,1480,611.8155038704397,484.97706042776844,-338.7395345679864,1562.3705423088659,Non-critical,Non-critical
Bearing1_1,1323,2803,1479,621.9576339124013,484.97706042776844,-328.5974045260248,1572.5126723508274,Non-critical,Non-critical
Bearing1_1,1324,2803,1478,595.3748034890621,484.97706042776844,-355.18023494936403,1545.9298419274883,Non-critical,Non-critical
Bearing1_1,1325,2803,1477,633.5566477099903,484.97706042776844,-316.99839072843577,1584.1116861484165,Non-critical,Non-critical
Bearing1_1,1326,2803,1476,593.2485384707828,484.97706042776844,-357.3064999676433,1543.803576909209,Non-critical,Non-critical
Bearing1_1,1327,2803,1475,609.3405791142708,484.97706042776844,-341.2144593241553,1559.8956175526969,Non-critical,Non-critical
Bearing1_1,1328,2803,1474,627.2776480238397,484.97706042776844,-323.2773904145864,1577.8326864622659,Non-critical,Non-critical
Bearing1_1,1329,2803,1473,609.9512826074059,484.97706042776844,-340.6037558310202,1560.506321045832,Non-critical,Non-critical
Bearing1_1,1330,2803,1472,599.807559966943,484.97706042776844,-350.7474784714831,1550.3625984053692,Non-critical,Non-critical
Bearing1_1,1331,2803,1471,586.5010951986412,484.97706042776844,-364.05394323978487,1537.0561336370674,Non-critical,Non-critical
Bearing1_1,1332,2803,1470,628.9039127619948,484.97706042776844,-321.6511256764313,1579.4589512004209,Non-critical,Non-critical
Bearing1_1,1333,2803,1469,610.7360067831778,484.97706042776844,-339.8190316552483,1561.2910452216038,Non-critical,Non-critical
Bearing1_1,1334,2803,1468,595.5792980625182,484.97706042776844,-354.9757403759079,1546.1343365009443,Non-critical,Non-critical
Bearing1_1,1335,2803,1467,601.3203445867902,484.97706042776844,-349.23469385163594,1551.8753830252163,Non-critical,Non-critical
Bearing1_1,1336,2803,1466,618.0749421398741,484.97706042776844,-332.480096298552,1568.6299805783,Non-critical,Non-critical
Bearing1_1,1337,2803,1465,589.537125594394,484.97706042776844,-361.01791284403214,1540.0921640328202,Non-critical,Non-critical
Bearing1_1,1338,2803,1464,607.0259841636363,484.97706042776844,-343.5290542747898,1557.5810226020624,Non-critical,Non-critical
Bearing1_1,1339,2803,1463,602.5040660944832,484.97706042776844,-348.05097234394293,1553.0591045329093,Non-critical,Non-critical
Bearing1_1,1340,2803,1462,599.0701447417217,484.97706042776844,-351.4848936967044,1549.6251831801478,Non-critical,Non-critical
Bearing1_1,1341,2803,1461,610.7298062110947,484.97706042776844,-339.8252322273314,1561.284844649521,Non-critical,Non-critical
Bearing1_1,1342,2803,1460,594.9685945693831,484.97706042776844,-355.586443869043,1545.5236330078092,Non-critical,Non-critical
Bearing1_1,1343,2803,1459,595.5792980625182,484.97706042776844,-354.9757403759079,1546.1343365009443,Non-critical,Non-critical
Bearing1_1,1344,2803,1458,595.5792980625182,484.97706042776844,-354.9757403759079,1546.1343365009443,Non-critical,Non-critical
Bearing1_1,1345,2803,1457,595.5792980625182,484.97706042776844,-354.9757403759079,1546.1343365009443,Non-critical,Non-critical
Bearing1_1,1346,2803,1456,603.1147695876183,484.97706042776844,-347.4402688508078,1553.6698080260444,Non-critical,Non-critical
Bearing1_1,1347,2803,1455,610.7298062110947,484.97706042776844,-339.8252322273314,1561.284844649521,Non-critical,Non-critical
Bearing1_1,1348,2803,1454,595.5792980625182,484.97706042776844,-354.9757403759079,1546.1343365009443,Non-critical,Non-critical
Bearing1_1,1349,2803,1453,610.1191027179595,484.97706042776844,-340.43593572046655,1560.6741411563858,Non-critical,Non-critical
Bearing1_1,1350,2803,1452,608.525757535027,484.97706042776844,-342.0292809033991,1559.080795973453,Non-critical,Non-critical
Bearing1_1,1351,2803,1451,599.6808482348569,484.97706042776844,-350.87419020356924,1550.235886673283,Non-critical,Non-critical
Bearing1_1,1352,2803,1450,592.0856944148269,484.97706042776844,-358.4693440235992,1542.640732853253,Non-critical,Non-critical
Bearing1_1,1353,2803,1449,599.6808482348569,484.97706042776844,-350.87419020356924,1550.235886673283,Non-critical,Non-critical
Bearing1_1,1354,2803,1448,599.6808482348569,484.97706042776844,-350.87419020356924,1550.235886673283,Non-critical,Non-critical
Bearing1_1,1355,2803,1447,601.8305509850079,484.97706042776844,-348.7244874534182,1552.3855894234339,Non-critical,Non-critical
Bearing1_1,1356,2803,1446,611.0793067779392,484.97706042776844,-339.4757316604869,1561.6343452163653,Non-critical,Non-critical
Bearing1_1,1357,2803,1445,601.8305509850079,484.97706042776844,-348.7244874534182,1552.3855894234339,Non-critical,Non-critical
Bearing1_1,1358,2803,1444,610.1191027179595,484.97706042776844,-340.43593572046655,1560.6741411563858,Non-critical,Non-critical
Bearing1_1,1359,2803,1443,599.6808482348569,484.97706042776844,-350.87419020356924,1550.235886673283,Non-critical,Non-critical
Bearing1_1,1360,2803,1442,599.6808482348569,484.97706042776844,-350.87419020356924,1550.235886673283,Non-critical,Non-critical
Bearing1_1,1361,2803,1441,607.0321847357194,484.97706042776844,-343.5228537027067,1557.5872231741455,Non-critical,Non-critical
Bearing1_1,1362,2803,1440,595.7024554376607,484.97706042776844,-354.85258300076543,1546.2574938760868,Non-critical,Non-critical
Bearing1_1,1363,2803,1439,611.7030413417367,484.97706042776844,-338.8519970966894,1562.258079780163,Non-critical,Non-critical
Bearing1_1,1364,2803,1438,591.0183931803973,484.97706042776844,-359.5366452580288,1541.5734316188234,Non-critical,Non-critical
Bearing1_1,1365,2803,1437,604.9686089060924,484.97706042776844,-345.5864295323337,1555.5236473445184,Non-critical,Non-critical
Bearing1_1,1366,2803,1436,599.68704880694,484.97706042776844,-350.8679896314861,1550.242087245366,Non-critical,Non-critical
Bearing1_1,1367,2803,1435,597.4767995587891,484.97706042776844,-353.07823887963696,1548.0318379972152,Non-critical,Non-critical
Bearing1_1,1368,2803,1434,599.6808482348569,484.97706042776844,-350.87419020356924,1550.235886673283,Non-critical,Non-critical
Bearing1_1,1369,2803,1433,614.7310163072493,484.97706042776844,-335.8240221311768,1565.2860547456753,Non-critical,Non-critical
Bearing1_1,1370,2803,1432,599.6808482348569,484.97706042776844,-350.87419020356924,1550.235886673283,Non-critical,Non-critical
Bearing1_1,1371,2803,1431,606.5689591681879,484.97706042776844,-343.9860792702382,1557.123997606614,Non-critical,Non-critical
Bearing1_1,1372,2803,1430,608.3814307591286,484.97706042776844,-342.17360767929745,1558.9364691975547,Non-critical,Non-critical
Bearing1_1,1373,2803,1429,608.3814307591286,484.97706042776844,-342.17360767929745,1558.9364691975547,Non-critical,Non-critical
Bearing1_1,1374,2803,1428,621.2275501554534,484.97706042776844,-329.3274882829727,1571.7825885938796,Non-critical,Non-critical
Bearing1_1,1375,2803,1427,598.8714720399067,484.97706042776844,-351.68356639851936,1549.4265104783328,Non-critical,Non-critical
Bearing1_1,1376,2803,1426,590.8197204785823,484.97706042776844,-359.73531795984377,1541.3747589170084,Non-critical,Non-critical
Bearing1_1,1377,2803,1425,599.108272211534,484.97706042776844,-351.4467662268921,1549.66331064996,Non-critical,Non-critical
Bearing1_1,1378,2803,1424,621.611361583665,484.97706042776844,-328.94367685476107,1572.1664000220912,Non-critical,Non-critical
Bearing1_1,1379,2803,1423,623.4315988315211,484.97706042776844,-327.123439606905,1573.986637269947,Non-critical,Non-critical
Bearing1_1,1380,2803,1422,608.3814307591286,484.97706042776844,-342.17360767929745,1558.9364691975547,Non-critical,Non-critical
Bearing1_1,1381,2803,1421,630.1660312671654,484.97706042776844,-320.3890071712607,1580.7210697055916,Non-critical,Non-critical
Bearing1_1,1382,2803,1420,617.6844654835533,484.97706042776844,-332.87057295487284,1568.2395039219793,Non-critical,Non-critical
Bearing1_1,1383,2803,1419,613.5225180118404,484.97706042776844,-337.03252042658573,1564.0775564502665,Non-critical,Non-critical
Bearing1_1,1384,2803,1418,606.1773820830609,484.97706042776844,-344.37765635536516,1556.732420521487,Non-critical,Non-critical
Bearing1_1,1385,2803,1417,607.0168227466214,484.97706042776844,-343.5382156918047,1557.5718611850475,Non-critical,Non-critical
Bearing1_1,1386,2803,1416,613.2940767631413,484.97706042776844,-337.26096167528476,1563.8491152015674,Non-critical,Non-critical
Bearing1_1,1387,2803,1415,597.5149270286014,484.97706042776844,-353.0401114098247,1548.0699654670275,Non-critical,Non-critical
Bearing1_1,1388,2803,1414,616.2856368144328,484.97706042776844,-334.2694016239933,1566.840675252859,Non-critical,Non-critical
Bearing1_1,1389,2803,1413,616.2918373865159,484.97706042776844,-334.2632010519102,1566.846875824942,Non-critical,Non-critical
Bearing1_1,1390,2803,1412,603.439517418108,484.97706042776844,-347.11552102031806,1553.9945558565341,Non-critical,Non-critical
Bearing1_1,1391,2803,1411,603.439517418108,484.97706042776844,-347.11552102031806,1553.9945558565341,Non-critical,Non-critical
Bearing1_1,1392,2803,1410,609.5904302644137,484.97706042776844,-340.96460817401237,1560.14546870284,Non-critical,Non-critical
Bearing1_1,1393,2803,1409,601.2354687420403,484.97706042776844,-349.31956969638577,1551.7905071804664,Non-critical,Non-critical
Bearing1_1,1394,2803,1408,603.439517418108,484.97706042776844,-347.11552102031806,1553.9945558565341,Non-critical,Non-critical
Bearing1_1,1395,2803,1407,603.439517418108,484.97706042776844,-347.11552102031806,1553.9945558565341,Non-critical,Non-critical
Bearing1_1,1396,2803,1406,610.8945316704705,484.97706042776844,-339.66050676795555,1561.4495701088968,Non-critical,Non-critical
Bearing1_1,1397,2803,1405,604.7436188241649,484.97706042776844,-345.81141961426124,1555.298657262591,Non-critical,Non-critical
Bearing1_1,1398,2803,1404,608.7492439424516,484.97706042776844,-341.8057944959745,1559.3042823808778,Non-critical,Non-critical
Bearing1_1,1399,2803,1403,617.8789819973654,484.97706042776844,-332.6760564410607,1568.4340204357914,Non-critical,Non-critical
Bearing1_1,1400,2803,1402,592.5730136875808,484.97706042776844,-357.9820247508453,1543.1280521260069,Non-critical,Non-critical
Bearing1_1,1401,2803,1401,592.5730136875808,484.97706042776844,-357.9820247508453,1543.1280521260069,Non-critical,Non-critical
Bearing1_1,1402,2803,1400,601.6651732969796,484.97706042776844,-348.88986514144653,1552.2202117354057,Non-critical,Non-critical
Bearing1_1,1403,2803,1399,618.4896854905005,484.97706042776844,-332.0653529479256,1569.0447239289265,Non-critical,Non-critical
Bearing1_1,1404,2803,1398,591.1253528343384,484.97706042776844,-359.4296856040877,1541.6803912727646,Non-critical,Non-critical
Bearing1_1,1405,2803,1397,594.7770623636485,484.97706042776844,-355.7779760747776,1545.3321008020746,Non-critical,Non-critical
Bearing1_1,1406,2803,1396,601.0544698038444,484.97706042776844,-349.50056863458167,1551.6095082422705,Non-critical,Non-critical
Bearing1_1,1407,2803,1395,603.4262996984847,484.97706042776844,-347.12873873994135,1553.9813381369108,Non-critical,Non-critical
Bearing1_1,1408,2803,1394,624.6664933092165,484.97706042776844,-325.88854512920955,1575.2215317476425,Non-critical,Non-critical
Bearing1_1,1409,2803,1393,585.8778071375617,484.97706042776844,-364.6772313008644,1536.4328455759878,Non-critical,Non-critical
Bearing1_1,1410,2803,1392,605.345800139176,484.97706042776844,-345.20923829925005,1555.9008385776021,Non-critical,Non-critical
Bearing1_1,1411,2803,1391,581.6393775844072,484.97706042776844,-368.91566085401894,1532.1944160228331,Non-critical,Non-critical
Bearing1_1,1412,2803,1390,578.1304257525607,484.97706042776844,-372.42461268586544,1528.6854641909867,Non-critical,Non-critical
Bearing1_1,1413,2803,1389,612.0336688336846,484.97706042776844,-338.5213696047415,1562.5887072721107,Non-critical,Non-critical
Bearing1_1,1414,2803,1388,577.9479348125406,484.97706042776844,-372.60710362588554,1528.5029732509665,Non-critical,Non-critical
Bearing1_1,1415,2803,1387,586.5740220262132,484.97706042776844,-363.98101641221285,1537.1290604646392,Non-critical,Non-critical
Bearing1_1,1416,2803,1386,578.8227230080026,484.97706042776844,-371.73231543042345,1529.3777614464288,Non-critical,Non-critical
Bearing1_1,1417,2803,1385,578.8110869876107,484.97706042776844,-371.7439514508154,1529.366125426037,Non-critical,Non-critical
Bearing1_1,1418,2803,1384,615.467590186446,484.97706042776844,-335.08744825198005,1566.0226286248721,Non-critical,Non-critical
Bearing1_1,1419,2803,1383,589.1919930963431,484.97706042776844,-361.36304534208296,1539.7470315347691,Non-critical,Non-critical
Bearing1_1,1420,2803,1382,588.3210457068326,484.97706042776844,-362.2339927315935,1538.8760841452586,Non-critical,Non-critical
Bearing1_1,1421,2803,1381,579.4217904807458,484.97706042776844,-371.1332479576803,1529.976828919172,Non-critical,Non-critical
Bearing1_1,1422,2803,1380,580.0671904223788,484.97706042776844,-370.48784801604734,1530.6222288608049,Non-critical,Non-critical
Bearing1_1,1423,2803,1379,579.8788154761942,484.97706042776844,-370.6762229622319,1530.4338539146202,Non-critical,Non-critical
Bearing1_1,1424,2803,1378,588.778070702281,484.97706042776844,-361.77696773614514,1539.3331091407072,Non-critical,Non-critical
Bearing1_1,1425,2803,1377,588.3210457068326,484.97706042776844,-362.2339927315935,1538.8760841452586,Non-critical,Non-critical
Bearing1_1,1426,2803,1376,578.1773230663697,484.97706042776844,-372.3777153720564,1528.7323615047958,Non-critical,Non-critical
Bearing1_1,1427,2803,1375,586.1169970307649,484.97706042776844,-364.4380414076612,1536.672035469191,Non-critical,Non-critical
Bearing1_1,1428,2803,1374,579.8788154761942,484.97706042776844,-370.6762229622319,1530.4338539146202,Non-critical,Non-critical
Bearing1_1,1429,2803,1373,577.3242002487431,484.97706042776844,-373.230838189683,1527.8792386871692,Non-critical,Non-critical
Bearing1_1,1430,2803,1372,579.7362881703829,484.97706042776844,-370.81875026804323,1530.291326608809,Non-critical,Non-critical
Bearing1_1,1431,2803,1371,581.027652898568,484.97706042776844,-369.5273855398581,1531.5826913369942,Non-critical,Non-critical
Bearing1_1,1432,2803,1370,589.9269081246548,484.97706042776844,-360.6281303137713,1540.4819465630808,Non-critical,Non-critical
Bearing1_1,1433,2803,1369,581.027652898568,484.97706042776844,-369.5273855398581,1531.5826913369942,Non-critical,Non-critical
Bearing1_1,1434,2803,1368,593.7218230984198,484.97706042776844,-356.8332153400063,1544.276861536846,Non-critical,Non-critical
Bearing1_1,1435,2803,1367,589.9269081246548,484.97706042776844,-360.6281303137713,1540.4819465630808,Non-critical,Non-critical
Bearing1_1,1436,2803,1366,588.1871854449247,484.97706042776844,-362.3678529935014,1538.7422238833508,Non-critical,Non-critical
Bearing1_1,1437,2803,1365,581.7210508114897,484.97706042776844,-368.8339876269364,1532.276089249916,Non-critical,Non-critical
Bearing1_1,1438,2803,1364,613.6395312515068,484.97706042776844,-336.9155071869193,1564.194569689933,Non-critical,Non-critical
Bearing1_1,1439,2803,1363,589.9269081246548,484.97706042776844,-360.6281303137713,1540.4819465630808,Non-critical,Non-critical
Bearing1_1,1440,2803,1362,589.3692835077265,484.97706042776844,-361.18575493069955,1539.9243219461528,Non-critical,Non-critical
Bearing1_1,1441,2803,1361,587.7228594485871,484.97706042776844,-362.832178989839,1538.2778978870133,Non-critical,Non-critical
Bearing1_1,1442,2803,1360,589.9269081246548,484.97706042776844,-360.6281303137713,1540.4819465630808,Non-critical,Non-critical
Bearing1_1,1443,2803,1359,613.6395312515068,484.97706042776844,-336.9155071869193,1564.194569689933,Non-critical,Non-critical
Bearing1_1,1444,2803,1358,589.9269081246548,484.97706042776844,-360.6281303137713,1540.4819465630808,Non-critical,Non-critical
Bearing1_1,1445,2803,1357,587.7290600206702,484.97706042776844,-362.8259784177559,1538.2840984590962,Non-critical,Non-critical
Bearing1_1,1446,2803,1356,590.3839331201032,484.97706042776844,-360.17110531832293,1540.9389715585294,Non-critical,Non-critical
Bearing1_1,1447,2803,1355,591.2372101027947,484.97706042776844,-359.31782833563136,1541.792248541221,Non-critical,Non-critical
Bearing1_1,1448,2803,1354,590.3839331201032,484.97706042776844,-360.17110531832293,1540.9389715585294,Non-critical,Non-critical
Bearing1_1,1449,2803,1353,589.9269081246548,484.97706042776844,-360.6281303137713,1540.4819465630808,Non-critical,Non-critical
Bearing1_1,1450,2803,1352,587.5702813797064,484.97706042776844,-362.98475705871965,1538.1253198181325,Non-critical,Non-critical
Bearing1_1,1451,2803,1351,582.3317543046248,484.97706042776844,-368.22328413380126,1532.886792743051,Non-critical,Non-critical
Bearing1_1,1452,2803,1350,581.5900977024046,484.97706042776844,-368.9649407360215,1532.1451361408308,Non-critical,Non-critical
Bearing1_1,1453,2803,1349,595.8462019982053,484.97706042776844,-354.7088364402208,1546.4012404366313,Non-critical,Non-critical
Bearing1_1,1454,2803,1348,595.8462019982053,484.97706042776844,-354.7088364402208,1546.4012404366313,Non-critical,Non-critical
Bearing1_1,1455,2803,1347,586.9469467721185,484.97706042776844,-363.6080916663076,1537.5019852105447,Non-critical,Non-critical
Bearing1_1,1456,2803,1346,595.8462019982053,484.97706042776844,-354.7088364402208,1546.4012404366313,Non-critical,Non-critical
Bearing1_1,1457,2803,1345,617.8129018732441,484.97706042776844,-332.742136565182,1568.3679403116703,Non-critical,Non-critical
Bearing1_1,1458,2803,1344,586.7932682744317,484.97706042776844,-363.76177016399436,1537.3483067128577,Non-critical,Non-critical
Bearing1_1,1459,2803,1343,586.9469467721185,484.97706042776844,-363.6080916663076,1537.5019852105447,Non-critical,Non-critical
Bearing1_1,1460,2803,1342,585.6555820439334,484.97706042776844,-364.89945639449274,1536.2106204823594,Non-critical,Non-critical
Bearing1_1,1461,2803,1341,599.12644485328,484.97706042776844,-351.42859358514613,1549.6814832917062,Non-critical,Non-critical
Bearing1_1,1462,2803,1340,588.7080731736237,484.97706042776844,-361.8469652648024,1539.2631116120497,Non-critical,Non-critical
Bearing1_1,1463,2803,1339,586.3362432789834,484.97706042776844,-364.2187951594427,1536.8912817174096,Non-critical,Non-critical
Bearing1_1,1464,2803,1338,586.0837945970484,484.97706042776844,-364.4712438413777,1536.6388330354744,Non-critical,Non-critical
Bearing1_1,1465,2803,1337,588.2464282549482,484.97706042776844,-362.30861018347787,1538.8014666933743,Non-critical,Non-critical
Bearing1_1,1466,2803,1336,586.0837945970484,484.97706042776844,-364.4712438413777,1536.6388330354744,Non-critical,Non-critical
Bearing1_1,1467,2803,1335,586.9469467721185,484.97706042776844,-363.6080916663076,1537.5019852105447,Non-critical,Non-critical
Bearing1_1,1468,2803,1334,595.8462019982053,484.97706042776844,-354.7088364402208,1546.4012404366313,Non-critical,Non-critical
Bearing1_1,1469,2803,1333,586.9469467721185,484.97706042776844,-363.6080916663076,1537.5019852105447,Non-critical,Non-critical
Bearing1_1,1470,2803,1332,586.5408195924967,484.97706042776844,-364.01421884592935,1537.095858030923,Non-critical,Non-critical
Bearing1_1,1471,2803,1331,595.8462019982053,484.97706042776844,-354.7088364402208,1546.4012404366313,Non-critical,Non-critical
Bearing1_1,1472,2803,1330,595.8462019982053,484.97706042776844,-354.7088364402208,1546.4012404366313,Non-critical,Non-critical
Bearing1_1,1473,2803,1329,594.1002787463921,484.97706042776844,-356.45475969203403,1544.6553171848182,Non-critical,Non-critical
Bearing1_1,1474,2803,1328,584.8493565401158,484.97706042776844,-365.70568189831033,1535.4043949785419,Non-critical,Non-critical
Bearing1_1,1475,2803,1327,597.1503034042621,484.97706042776844,-353.404735034164,1547.705341842688,Non-critical,Non-critical
Bearing1_1,1476,2803,1326,594.5573037418404,484.97706042776844,-355.99773469658567,1545.1123421802665,Non-critical,Non-critical
Bearing1_1,1477,2803,1325,595.8462019982053,484.97706042776844,-354.7088364402208,1546.4012404366313,Non-critical,Non-critical
Bearing1_1,1478,2803,1324,587.4039717675669,484.97706042776844,-363.1510666708592,1537.9590102059929,Non-critical,Non-critical
Bearing1_1,1479,2803,1323,600.2438105761485,484.97706042776844,-350.31122786227763,1550.7988490145744,Non-critical,Non-critical
Bearing1_1,1480,2803,1322,587.4039717675669,484.97706042776844,-363.1510666708592,1537.9590102059929,Non-critical,Non-critical
Bearing1_1,1481,2803,1321,592.3490369481602,484.97706042776844,-358.20600149026586,1542.9040753865863,Non-critical,Non-critical
Bearing1_1,1482,2803,1320,592.5176762197921,484.97706042776844,-358.03736221863403,1543.072714658218,Non-critical,Non-critical
Bearing1_1,1483,2803,1319,593.6593389263002,484.97706042776844,-356.89569951212593,1544.2143773647263,Non-critical,Non-critical
Bearing1_1,1484,2803,1318,597.2775056390764,484.97706042776844,-353.27753279934973,1547.8325440775025,Non-critical,Non-critical
Bearing1_1,1485,2803,1317,592.3490369481602,484.97706042776844,-358.20600149026586,1542.9040753865863,Non-critical,Non-critical
Bearing1_1,1486,2803,1316,582.5866295470033,484.97706042776844,-367.96840889142277,1533.1416679854294,Non-critical,Non-critical
Bearing1_1,1487,2803,1315,590.1449882720925,484.97706042776844,-360.4100501663336,1540.7000267105186,Non-critical,Non-critical
Bearing1_1,1488,2803,1314,592.8060619436086,484.97706042776844,-357.7489764948175,1543.3611003820347,Non-critical,Non-critical
Bearing1_1,1489,2803,1313,592.3490369481602,484.97706042776844,-358.20600149026586,1542.9040753865863,Non-critical,Non-critical
Bearing1_1,1490,2803,1312,586.3370492826388,484.97706042776844,-364.21798915578734,1536.8920877210649,Non-critical,Non-critical
Bearing1_1,1491,2803,1311,583.4497817220735,484.97706042776844,-367.10525671635264,1534.0048201604995,Non-critical,Non-critical
Bearing1_1,1492,2803,1310,593.5221852451319,484.97706042776844,-357.03285319329416,1544.077223683558,Non-critical,Non-critical
Bearing1_1,1493,2803,1309,583.4497817220735,484.97706042776844,-367.10525671635264,1534.0048201604995,Non-critical,Non-critical
Bearing1_1,1494,2803,1308,595.7829583009217,484.97706042776844,-354.7720801375044,1546.3379967393478,Non-critical,Non-critical
Bearing1_1,1495,2803,1307,592.3490369481602,484.97706042776844,-358.20600149026586,1542.9040753865863,Non-critical,Non-critical
Bearing1_1,1496,2803,1306,591.7383334550251,484.97706042776844,-358.816704983401,1542.2933718934512,Non-critical,Non-critical
Bearing1_1,1497,2803,1305,590.9446158877868,484.97706042776844,-359.6104225506393,1541.4996543262127,Non-critical,Non-critical
Bearing1_1,1498,2803,1304,592.7284676778936,484.97706042776844,-357.8265707605325,1543.2835061163196,Non-critical,Non-critical
Bearing1_1,1499,2803,1303,591.5553193809219,484.97706042776844,-358.9997190575042,1542.1103578193479,Non-critical,Non-critical
Bearing1_1,1500,2803,1302,594.9892407336833,484.97706042776844,-355.56579770474275,1545.5442791721093,Non-critical,Non-critical
Bearing1_1,1501,2803,1301,581.792911979765,484.97706042776844,-368.7621264586611,1532.347950418191,Non-critical,Non-critical
Bearing1_1,1502,2803,1300,580.5584739228324,484.97706042776844,-369.9965645155937,1531.1135123612585,Non-critical,Non-critical
Bearing1_1,1503,2803,1299,582.6560641548351,484.97706042776844,-367.898974283591,1533.2111025932613,Non-critical,Non-critical
Bearing1_1,1504,2803,1298,591.5553193809219,484.97706042776844,-358.9997190575042,1542.1103578193479,Non-critical,Non-critical
Bearing1_1,1505,2803,1297,582.6560641548351,484.97706042776844,-367.898974283591,1533.2111025932613,Non-critical,Non-critical
Bearing1_1,1506,2803,1296,591.5553193809219,484.97706042776844,-358.9997190575042,1542.1103578193479,Non-critical,Non-critical
Bearing1_1,1507,2803,1295,590.9446158877868,484.97706042776844,-359.6104225506393,1541.4996543262127,Non-critical,Non-critical
Bearing1_1,1508,2803,1294,580.4582160508505,484.97706042776844,-370.09682238757557,1531.0132544892767,Non-critical,Non-critical
Bearing1_1,1509,2803,1293,592.0123443763703,484.97706042776844,-358.54269406205583,1542.5673828147965,Non-critical,Non-critical
Bearing1_1,1510,2803,1292,580.7271131944642,484.97706042776844,-369.8279252439619,1531.2821516328904,Non-critical,Non-critical
Bearing1_1,1511,2803,1291,591.5553193809219,484.97706042776844,-358.9997190575042,1542.1103578193479,Non-critical,Non-critical
Bearing1_1,1512,2803,1290,582.6560641548351,484.97706042776844,-367.898974283591,1533.2111025932613,Non-critical,Non-critical
Bearing1_1,1513,2803,1289,580.5584739228324,484.97706042776844,-369.9965645155937,1531.1135123612585,Non-critical,Non-critical
Bearing1_1,1514,2803,1288,582.5023856571484,484.97706042776844,-368.05265278127774,1533.0574240955743,Non-critical,Non-critical
Bearing1_1,1515,2803,1287,591.5553193809219,484.97706042776844,-358.9997190575042,1542.1103578193479,Non-critical,Non-critical
Bearing1_1,1516,2803,1286,591.7239586525537,484.97706042776844,-358.83107978587236,1542.2789970909798,Non-critical,Non-critical
Bearing1_1,1517,2803,1285,583.9601655608919,484.97706042776844,-366.59487287753416,1534.5152039993181,Non-critical,Non-critical
Bearing1_1,1518,2803,1284,591.5553193809219,484.97706042776844,-358.9997190575042,1542.1103578193479,Non-critical,Non-critical
Bearing1_1,1519,2803,1283,591.561519953005,484.97706042776844,-358.9935184854211,1542.1165583914312,Non-critical,Non-critical
Bearing1_1,1520,2803,1282,592.0123443763703,484.97706042776844,-358.54269406205583,1542.5673828147965,Non-critical,Non-critical
Bearing1_1,1521,2803,1281,582.6560641548351,484.97706042776844,-367.898974283591,1533.2111025932613,Non-critical,Non-critical
Bearing1_1,1522,2803,1280,582.0453606617,484.97706042776844,-368.5096777767261,1532.6003991001262,Non-critical,Non-critical
Bearing1_1,1523,2803,1279,591.5553193809219,484.97706042776844,-358.9997190575042,1542.1103578193479,Non-critical,Non-critical
Bearing1_1,1524,2803,1278,582.0372610075392,484.97706042776844,-368.5177774308869,1532.5922994459652,Non-critical,Non-critical
Bearing1_1,1525,2803,1277,583.3494620677568,484.97706042776844,-367.2055763706693,1533.904500506183,Non-critical,Non-critical
Bearing1_1,1526,2803,1276,589.3512707048542,484.97706042776844,-361.2037677335719,1539.9063091432804,Non-critical,Non-critical
Bearing1_1,1527,2803,1275,583.9601655608919,484.97706042776844,-366.59487287753416,1534.5152039993181,Non-critical,Non-critical
Bearing1_1,1528,2803,1274,591.561519953005,484.97706042776844,-358.9935184854211,1542.1165583914312,Non-critical,Non-critical
Bearing1_1,1529,2803,1273,591.5553193809219,484.97706042776844,-358.9997190575042,1542.1103578193479,Non-critical,Non-critical
Bearing1_1,1530,2803,1272,591.9883286404578,484.97706042776844,-358.5667097979683,1542.5433670788839,Non-critical,Non-critical
Bearing1_1,1531,2803,1271,586.3503586116286,484.97706042776844,-364.2046798267975,1536.9053970500547,Non-critical,Non-critical
Bearing1_1,1532,2803,1270,578.1812963934043,484.97706042776844,-372.3737420450218,1528.7363348318304,Non-critical,Non-critical
Bearing1_1,1533,2803,1269,579.6551520616096,484.97706042776844,-370.89988637681654,1530.2101905000357,Non-critical,Non-critical
Bearing1_1,1534,2803,1268,578.7982004586225,484.97706042776844,-371.75683797980355,1529.3532388970486,Non-critical,Non-critical
Bearing1_1,1535,2803,1267,586.8084840358831,484.97706042776844,-363.746554402543,1537.3635224743093,Non-critical,Non-critical
Bearing1_1,1536,2803,1266,589.0114322831447,484.97706042776844,-361.5436061552814,1539.5664707215708,Non-critical,Non-critical
Bearing1_1,1537,2803,1265,587.9437037945612,484.97706042776844,-362.6113346438649,1538.4987422329873,Non-critical,Non-critical
Bearing1_1,1538,2803,1264,579.6551520616096,484.97706042776844,-370.89988637681654,1530.2101905000357,Non-critical,Non-critical
Bearing1_1,1539,2803,1263,577.9561261236054,484.97706042776844,-372.5989123148207,1528.5111645620314,Non-critical,Non-critical
Bearing1_1,1540,2803,1262,588.5544072876963,484.97706042776844,-362.00063115072976,1539.1094457261224,Non-critical,Non-critical
Bearing1_1,1541,2803,1261,578.4106846472334,484.97706042776844,-372.14435379119266,1528.9657230856596,Non-critical,Non-critical
Bearing1_1,1542,2803,1260,588.5544072876963,484.97706042776844,-362.00063115072976,1539.1094457261224,Non-critical,Non-critical
Bearing1_1,1543,2803,1259,588.5544072876963,484.97706042776844,-362.00063115072976,1539.1094457261224,Non-critical,Non-critical
Bearing1_1,1544,2803,1258,578.6383213888527,484.97706042776844,-371.91671704957344,1529.1933598272788,Non-critical,Non-critical
Bearing1_1,1545,2803,1257,588.5544072876963,484.97706042776844,-362.00063115072976,1539.1094457261224,Non-critical,Non-critical
Bearing1_1,1546,2803,1256,577.5575618296068,484.97706042776844,-372.9974766088193,1528.112600268033,Non-critical,Non-critical
Bearing1_1,1547,2803,1255,578.0145868250552,484.97706042776844,-372.5404516133709,1528.5696252634812,Non-critical,Non-critical
Bearing1_1,1548,2803,1254,588.5544072876963,484.97706042776844,-362.00063115072976,1539.1094457261224,Non-critical,Non-critical
Bearing1_1,1549,2803,1253,578.3637873334244,484.97706042776844,-372.1912511050017,1528.9188257718506,Non-critical,Non-critical
Bearing1_1,1550,2803,1252,578.7982004586225,484.97706042776844,-371.75683797980355,1529.3532388970486,Non-critical,Non-critical
Bearing1_1,1551,2803,1251,587.9437037945612,484.97706042776844,-362.6113346438649,1538.4987422329873,Non-critical,Non-critical
Bearing1_1,1552,2803,1250,580.5972968435182,484.97706042776844,-369.95774159490793,1531.1523352819443,Non-critical,Non-critical
Bearing1_1,1553,2803,1249,580.9592534676664,484.97706042776844,-369.5957849707597,1531.5142919060925,Non-critical,Non-critical
Bearing1_1,1554,2803,1248,627.1548764075548,484.97706042776844,-323.40016203087134,1577.7099148459808,Non-critical,Non-critical
Bearing1_1,1555,2803,1247,589.9325800795623,484.97706042776844,-360.6224583588638,1540.4876185179883,Non-critical,Non-critical
Bearing1_1,1556,2803,1246,580.9592534676664,484.97706042776844,-369.5957849707597,1531.5142919060925,Non-critical,Non-critical
Bearing1_1,1557,2803,1245,580.9592534676664,484.97706042776844,-369.5957849707597,1531.5142919060925,Non-critical,Non-critical
Bearing1_1,1558,2803,1244,589.0114322831447,484.97706042776844,-361.5436061552814,1539.5664707215708,Non-critical,Non-critical
Bearing1_1,1559,2803,1243,588.5544072876963,484.97706042776844,-362.00063115072976,1539.1094457261224,Non-critical,Non-critical
Bearing1_1,1560,2803,1242,578.9606391581713,484.97706042776844,-371.59439928025483,1529.5156775965975,Non-critical,Non-critical
Bearing1_1,1561,2803,1241,588.5606078597795,484.97706042776844,-361.99443057864664,1539.1156462982055,Non-critical,Non-critical
Bearing1_1,1562,2803,1240,578.7919998865394,484.97706042776844,-371.76303855188667,1529.3470383249655,Non-critical,Non-critical
Bearing1_1,1563,2803,1239,589.0114322831447,484.97706042776844,-361.5436061552814,1539.5664707215708,Non-critical,Non-critical
Bearing1_1,1564,2803,1238,588.5544072876963,484.97706042776844,-362.00063115072976,1539.1094457261224,Non-critical,Non-critical
Bearing1_1,1565,2803,1237,579.6551520616096,484.97706042776844,-370.89988637681654,1530.2101905000357,Non-critical,Non-critical
Bearing1_1,1566,2803,1236,588.5544072876963,484.97706042776844,-362.00063115072976,1539.1094457261224,Non-critical,Non-critical
Bearing1_1,1567,2803,1235,579.6613526336927,484.97706042776844,-370.8936858047334,1530.2163910721188,Non-critical,Non-critical
Bearing1_1,1568,2803,1234,572.2826864355718,484.97706042776844,-378.2723520028543,1522.837724873998,Non-critical,Non-critical
Bearing1_1,1569,2803,1233,562.5202790344149,484.97706042776844,-388.0347594040112,1513.075317472841,Non-critical,Non-critical
Bearing1_1,1570,2803,1232,564.6875326155418,484.97706042776844,-385.86750582288425,1515.2425710539678,Non-critical,Non-critical
Bearing1_1,1571,2803,1231,563.1662281727343,484.97706042776844,-387.38881026569175,1513.7212666111604,Non-critical,Non-critical
Bearing1_1,1572,2803,1230,561.7800765512358,484.97706042776844,-388.77496188719033,1512.3351149896619,Non-critical,Non-critical
Bearing1_1,1573,2803,1229,559.7531340980245,484.97706042776844,-390.8019043404016,1510.3081725364505,Non-critical,Non-critical
Bearing1_1,1574,2803,1228,568.6585898961944,484.97706042776844,-381.8964485422317,1519.2136283346204,Non-critical,Non-critical
Bearing1_1,1575,2803,1227,558.5086666836484,484.97706042776844,-392.04637175477774,1509.0637051220745,Non-critical,Non-critical
Bearing1_1,1576,2803,1226,568.6523893241113,484.97706042776844,-381.90264911431484,1519.2074277625375,Non-critical,Non-critical
Bearing1_1,1577,2803,1225,589.9380320466156,484.97706042776844,-360.6170063918105,1540.4930704850417,Non-critical,Non-critical
Bearing1_1,1578,2803,1224,568.6523893241113,484.97706042776844,-381.90264911431484,1519.2074277625375,Non-critical,Non-critical
Bearing1_1,1579,2803,1223,568.6523893241113,484.97706042776844,-381.90264911431484,1519.2074277625375,Non-critical,Non-critical
Bearing1_1,1580,2803,1222,558.5086666836484,484.97706042776844,-392.04637175477774,1509.0637051220745,Non-critical,Non-critical
Bearing1_1,1581,2803,1221,559.7531340980245,484.97706042776844,-390.8019043404016,1510.3081725364505,Non-critical,Non-critical
Bearing1_1,1582,2803,1220,557.6555438660217,484.97706042776844,-392.89949457240436,1508.2105823044478,Non-critical,Non-critical
Bearing1_1,1583,2803,1219,561.0572355040813,484.97706042776844,-389.4978029343448,1511.6122739425073,Non-critical,Non-critical
Bearing1_1,1584,2803,1218,570.0305621159772,484.97706042776844,-380.5244763224489,1520.5856005544033,Non-critical,Non-critical
Bearing1_1,1585,2803,1217,559.7531340980245,484.97706042776844,-390.8019043404016,1510.3081725364505,Non-critical,Non-critical
Bearing1_1,1586,2803,1216,572.0863106768727,484.97706042776844,-378.4687277615534,1522.641349115299,Non-critical,Non-critical
Bearing1_1,1587,2803,1215,553.5317903524073,484.97706042776844,-397.02324808601884,1504.0868287908334,Non-critical,Non-critical
Bearing1_1,1588,2803,1214,559.7531340980245,484.97706042776844,-390.8019043404016,1510.3081725364505,Non-critical,Non-critical
Bearing1_1,1589,2803,1213,561.0572355040813,484.97706042776844,-389.4978029343448,1511.6122739425073,Non-critical,Non-critical
Bearing1_1,1590,2803,1212,562.8657013311732,484.97706042776844,-387.68933710725287,1513.4207397695993,Non-critical,Non-critical
Bearing1_1,1591,2803,1211,564.7805062303652,484.97706042776844,-385.7745322080609,1515.3355446687913,Non-critical,Non-critical
Bearing1_1,1592,2803,1210,572.3756600503951,484.97706042776844,-378.17937838803095,1522.9306984888212,Non-critical,Non-critical
Bearing1_1,1593,2803,1209,563.4764048243084,484.97706042776844,-387.07863361411773,1514.0314432627345,Non-critical,Non-critical
Bearing1_1,1594,2803,1208,572.3756600503951,484.97706042776844,-378.17937838803095,1522.9306984888212,Non-critical,Non-critical
Bearing1_1,1595,2803,1207,572.2219815527084,484.97706042776844,-378.3330568857177,1522.7770199911345,Non-critical,Non-critical
Bearing1_1,1596,2803,1206,572.3756600503951,484.97706042776844,-378.17937838803095,1522.9306984888212,Non-critical,Non-critical
Bearing1_1,1597,2803,1205,575.8095814031566,484.97706042776844,-374.7454570352695,1526.3646198415827,Non-critical,Non-critical
Bearing1_1,1598,2803,1204,570.635937370665,484.97706042776844,-379.91910106776106,1521.190975809091,Non-critical,Non-critical
Bearing1_1,1599,2803,1203,563.0050793304607,484.97706042776844,-387.5499591079654,1513.5601177688868,Non-critical,Non-critical
Bearing1_1,1600,2803,1202,572.3756600503951,484.97706042776844,-378.17937838803095,1522.9306984888212,Non-critical,Non-critical
Bearing1_1,1601,2803,1201,559.7888499088436,484.97706042776844,-390.76618852958245,1510.3438883472697,Non-critical,Non-critical
Bearing1_1,1602,2803,1200,562.3434651362948,484.97706042776844,-388.21157330213134,1512.898503574721,Non-critical,Non-critical
Bearing1_1,1603,2803,1199,560.2354674372124,484.97706042776844,-390.3195710012137,1510.7905058756385,Non-critical,Non-critical
Bearing1_1,1604,2803,1198,567.7018807296067,484.97706042776844,-382.85315770881937,1518.2569191680327,Non-critical,Non-critical
Bearing1_1,1605,2803,1197,559.304081340957,484.97706042776844,-391.25095709746904,1509.859119779383,Non-critical,Non-critical
Bearing1_1,1606,2803,1196,569.44780398142,484.97706042776844,-381.10723445700614,1520.002842419846,Non-critical,Non-critical
Bearing1_1,1607,2803,1195,569.44780398142,484.97706042776844,-381.10723445700614,1520.002842419846,Non-critical,Non-critical
Bearing1_1,1608,2803,1194,563.1200017917378,484.97706042776844,-387.43503664668833,1513.6750402301639,Non-critical,Non-critical
Bearing1_1,1609,2803,1193,559.257184027148,484.97706042776844,-391.2978544112781,1509.812222465574,Non-critical,Non-critical
Bearing1_1,1610,2803,1192,560.5485487553332,484.97706042776844,-390.0064896830929,1511.1035871937593,Non-critical,Non-critical
Bearing1_1,1611,2803,1191,559.685396580263,484.97706042776844,-390.86964185816305,1510.2404350186891,Non-critical,Non-critical
Bearing1_1,1612,2803,1190,560.5485487553332,484.97706042776844,-390.0064896830929,1511.1035871937593,Non-critical,Non-critical
Bearing1_1,1613,2803,1189,560.2641635335342,484.97706042776844,-390.2908749048919,1510.8192019719604,Non-critical,Non-critical
Bearing1_1,1614,2803,1188,567.0204538765812,484.97706042776844,-383.5345845618449,1517.5754923150073,Non-critical,Non-critical
Bearing1_1,1615,2803,1187,567.7018807296067,484.97706042776844,-382.85315770881937,1518.2569191680327,Non-critical,Non-critical
Bearing1_1,1616,2803,1186,574.0205587462933,484.97706042776844,-376.5344796921328,1524.5755971847193,Non-critical,Non-critical
Bearing1_1,1617,2803,1185,562.3096751568384,484.97706042776844,-388.24536328158774,1512.8647135952644,Non-critical,Non-critical
Bearing1_1,1618,2803,1184,569.4540045535031,484.97706042776844,-381.101033884923,1520.0090429919292,Non-critical,Non-critical
Bearing1_1,1619,2803,1183,569.4540045535031,484.97706042776844,-381.101033884923,1520.0090429919292,Non-critical,Non-critical
Bearing1_1,1620,2803,1182,571.7500137651168,484.97706042776844,-378.8050246733093,1522.3050522035428,Non-critical,Non-critical
Bearing1_1,1621,2803,1181,570.5768654681451,484.97706042776844,-379.978172970281,1521.131903906571,Non-critical,Non-critical
Bearing1_1,1622,2803,1180,570.5768654681451,484.97706042776844,-379.978172970281,1521.131903906571,Non-critical,Non-critical
Bearing1_1,1623,2803,1179,570.5768654681451,484.97706042776844,-379.978172970281,1521.131903906571,Non-critical,Non-critical
Bearing1_1,1624,2803,1178,561.6776102420583,484.97706042776844,-388.87742819636776,1512.2326486804845,Non-critical,Non-critical
Bearing1_1,1625,2803,1177,561.0669067489232,484.97706042776844,-389.4881316895029,1511.6219451873494,Non-critical,Non-critical
Bearing1_1,1626,2803,1176,560.8144580669882,484.97706042776844,-389.7405803714379,1511.3694965054142,Non-critical,Non-critical
Bearing1_1,1627,2803,1175,560.1800869871787,484.97706042776844,-390.3749514512474,1510.7351254256048,Non-critical,Non-critical
Bearing1_1,1628,2803,1174,570.5768654681451,484.97706042776844,-379.978172970281,1521.131903906571,Non-critical,Non-critical
Bearing1_1,1629,2803,1173,560.2037545738531,484.97706042776844,-390.351283864573,1510.758793012279,Non-critical,Non-critical
Bearing1_1,1630,2803,1172,568.8309422163319,484.97706042776844,-381.7240962220942,1519.385980654758,Non-critical,Non-critical
Bearing1_1,1631,2803,1171,568.8309422163319,484.97706042776844,-381.7240962220942,1519.385980654758,Non-critical,Non-critical
Bearing1_1,1632,2803,1170,567.7621132989423,484.97706042776844,-382.7929251394838,1518.3171517373685,Non-critical,Non-critical
Bearing1_1,1633,2803,1169,557.5200365773001,484.97706042776844,-393.03500186112603,1508.0750750157263,Non-critical,Non-critical
Bearing1_1,1634,2803,1168,568.3728167920774,484.97706042776844,-382.1822216463487,1518.9278552305036,Non-critical,Non-critical
Bearing1_1,1635,2803,1167,570.5768654681451,484.97706042776844,-379.978172970281,1521.131903906571,Non-critical,Non-critical
Bearing1_1,1636,2803,1166,571.0338904635935,484.97706042776844,-379.5211479748326,1521.5889289020197,Non-critical,Non-critical
Bearing1_1,1637,2803,1165,559.8321197235274,484.97706042776844,-390.7229187148987,1510.3871581619535,Non-critical,Non-critical
Bearing1_1,1638,2803,1164,561.2245857486275,484.97706042776844,-389.33045268979856,1511.7796241870537,Non-critical,Non-critical
Bearing1_1,1639,2803,1163,560.8206586390713,484.97706042776844,-389.73437979935477,1511.3756970774975,Non-critical,Non-critical
Bearing1_1,1640,2803,1162,560.4331428276822,484.97706042776844,-390.1218956107439,1510.9881812661083,Non-critical,Non-critical
Bearing1_1,1641,2803,1161,560.8901678231306,484.97706042776844,-389.6648706152955,1511.4452062615567,Non-critical,Non-critical
Bearing1_1,1642,2803,1160,567.7621132989423,484.97706042776844,-382.7929251394838,1518.3171517373685,Non-critical,Non-critical
Bearing1_1,1643,2803,1159,560.8144580669882,484.97706042776844,-389.7405803714379,1511.3694965054142,Non-critical,Non-critical
Bearing1_1,1644,2803,1158,560.4331428276822,484.97706042776844,-390.1218956107439,1510.9881812661083,Non-critical,Non-critical
Bearing1_1,1645,2803,1157,569.96616197501,484.97706042776844,-380.5888764634161,1520.521200413436,Non-critical,Non-critical
Bearing1_1,1646,2803,1156,570.5768654681451,484.97706042776844,-379.978172970281,1521.131903906571,Non-critical,Non-critical
Bearing1_1,1647,2803,1155,559.8224393345471,484.97706042776844,-390.732599103879,1510.3774777729732,Non-critical,Non-critical
Bearing1_1,1648,2803,1154,562.37100815498,484.97706042776844,-388.1840302834461,1512.9260465934062,Non-critical,Non-critical
Bearing1_1,1649,2803,1153,561.0669067489232,484.97706042776844,-389.4881316895029,1511.6219451873494,Non-critical,Non-critical
Bearing1_1,1650,2803,1152,560.8144580669882,484.97706042776844,-389.7405803714379,1511.3694965054142,Non-critical,Non-critical
Bearing1_1,1651,2803,1151,568.3728167920774,484.97706042776844,-382.1822216463487,1518.9278552305036,Non-critical,Non-critical
Bearing1_1,1652,2803,1150,560.4331428276822,484.97706042776844,-390.1218956107439,1510.9881812661083,Non-critical,Non-critical
Bearing1_1,1653,2803,1149,568.7107527837131,484.97706042776844,-381.84428565471296,1519.2657912221393,Non-critical,Non-critical
Bearing1_1,1654,2803,1148,570.5830660402282,484.97706042776844,-379.97197239819786,1521.1381044786544,Non-critical,Non-critical
Bearing1_1,1655,2803,1147,561.6776102420583,484.97706042776844,-388.87742819636776,1512.2326486804845,Non-critical,Non-critical
Bearing1_1,1656,2803,1146,560.8901678231306,484.97706042776844,-389.6648706152955,1511.4452062615567,Non-critical,Non-critical
Bearing1_1,1657,2803,1145,560.8144580669882,484.97706042776844,-389.7405803714379,1511.3694965054142,Non-critical,Non-critical
Bearing1_1,1658,2803,1144,562.9817116481152,484.97706042776844,-387.57332679031094,1513.5367500865414,Non-critical,Non-critical
Bearing1_1,1659,2803,1143,560.2037545738531,484.97706042776844,-390.351283864573,1510.758793012279,Non-critical,Non-critical
Bearing1_1,1660,2803,1142,559.4699576291589,484.97706042776844,-391.0850808092672,1510.024996067585,Non-critical,Non-critical
Bearing1_1,1661,2803,1141,551.1283270200004,484.97706042776844,-399.4267114184257,1501.6833654584266,Non-critical,Non-critical
Bearing1_1,1662,2803,1140,549.6308037651207,484.97706042776844,-400.92423467330536,1500.1858422035468,Non-critical,Non-critical
Bearing1_1,1663,2803,1139,560.0275822460871,484.97706042776844,-390.52745619233895,1510.5826206845131,Non-critical,Non-critical
Bearing1_1,1664,2803,1138,549.7301811079375,484.97706042776844,-400.8248573304886,1500.2852195463636,Non-critical,Non-critical
Bearing1_1,1665,2803,1137,550.2244781032043,484.97706042776844,-400.3305603352218,1500.7795165416305,Non-critical,Non-critical
Bearing1_1,1666,2803,1136,550.2651748449302,484.97706042776844,-400.28986359349585,1500.8202132833562,Non-critical,Non-critical
Bearing1_1,1667,2803,1135,550.3408846010726,484.97706042776844,-400.2141538373535,1500.8959230394987,Non-critical,Non-critical
Bearing1_1,1668,2803,1134,550.5176235268652,484.97706042776844,-400.03741491156086,1501.0726619652914,Non-critical,Non-critical
Bearing1_1,1669,2803,1133,551.438323141902,484.97706042776844,-399.11671529652415,1501.993361580328,Non-critical,Non-critical
Bearing1_1,1670,2803,1132,551.5853520154487,484.97706042776844,-398.96968642297736,1502.1403904538747,Non-critical,Non-critical
Bearing1_1,1671,2803,1131,558.2805585654678,484.97706042776844,-392.2744798729583,1508.8355970038938,Non-critical,Non-critical
Bearing1_1,1672,2803,1130,558.7386839897223,484.97706042776844,-391.8163544487038,1509.2937224281484,Non-critical,Non-critical
Bearing1_1,1673,2803,1129,549.4293010819962,484.97706042776844,-401.1257373564299,1499.9843395204223,Non-critical,Non-critical
Bearing1_1,1674,2803,1128,556.8686627510253,484.97706042776844,-393.68637568740075,1507.4237011894515,Non-critical,Non-critical
Bearing1_1,1675,2803,1127,560.0275822460871,484.97706042776844,-390.52745619233895,1510.5826206845131,Non-critical,Non-critical
Bearing1_1,1676,2803,1126,551.1283270200004,484.97706042776844,-399.4267114184257,1501.6833654584266,Non-critical,Non-critical
Bearing1_1,1677,2803,1125,551.5853520154487,484.97706042776844,-398.96968642297736,1502.1403904538747,Non-critical,Non-critical
Bearing1_1,1678,2803,1124,550.0878287605691,484.97706042776844,-400.467209677857,1500.6428671989952,Non-critical,Non-critical
Bearing1_1,1679,2803,1123,561.3378842242271,484.97706042776844,-389.217154214199,1511.8929226626533,Non-critical,Non-critical
Bearing1_1,1680,2803,1122,560.0275822460871,484.97706042776844,-390.52745619233895,1510.5826206845131,Non-critical,Non-critical
Bearing1_1,1681,2803,1121,549.6108302666654,484.97706042776844,-400.9442081717607,1500.1658687050915,Non-critical,Non-critical
Bearing1_1,1682,2803,1120,558.5962549413423,484.97706042776844,-391.9587834970838,1509.1512933797685,Non-critical,Non-critical
Bearing1_1,1683,2803,1119,548.1994764603759,484.97706042776844,-402.3555619780502,1498.754514898802,Non-critical,Non-critical
Bearing1_1,1684,2803,1118,550.3077032083906,484.97706042776844,-400.24733523003545,1500.8627416468166,Non-critical,Non-critical
Bearing1_1,1685,2803,1117,548.4525323008794,484.97706042776844,-402.1025061375467,1499.0075707393055,Non-critical,Non-critical
Bearing1_1,1686,2803,1116,549.6969997152555,484.97706042776844,-400.8580387231706,1500.2520381536815,Non-critical,Non-critical
Bearing1_1,1687,2803,1115,549.0163384802055,484.97706042776844,-401.5386999582206,1499.5713769186316,Non-critical,Non-critical
Bearing1_1,1688,2803,1114,549.0632357940145,484.97706042776844,-401.49180264441156,1499.6182742324406,Non-critical,Non-critical
Bearing1_1,1689,2803,1113,559.2069584344774,484.97706042776844,-391.34808000394867,1509.7619968729036,Non-critical,Non-critical
Bearing1_1,1690,2803,1112,550.764728203839,484.97706042776844,-399.7903102345871,1501.3197666422652,Non-critical,Non-critical
Bearing1_1,1691,2803,1111,558.6341834796359,484.97706042776844,-391.9208549587902,1509.189221918062,Non-critical,Non-critical
Bearing1_1,1692,2803,1110,559.2069584344774,484.97706042776844,-391.34808000394867,1509.7619968729036,Non-critical,Non-critical
Bearing1_1,1693,2803,1109,548.2529735194607,484.97706042776844,-402.30206491896536,1498.8080119578867,Non-critical,Non-critical
Bearing1_1,1694,2803,1108,559.2069584344774,484.97706042776844,-391.34808000394867,1509.7619968729036,Non-critical,Non-critical
Bearing1_1,1695,2803,1107,549.2908725356338,484.97706042776844,-401.26416590279234,1499.8459109740597,Non-critical,Non-critical
Bearing1_1,1696,2803,1106,557.4599347538581,484.97706042776844,-393.095103684568,1508.0149731922843,Non-critical,Non-critical
Bearing1_1,1697,2803,1105,559.2131590065605,484.97706042776844,-391.34187943186555,1509.7681974449865,Non-critical,Non-critical
Bearing1_1,1698,2803,1104,559.2131590065605,484.97706042776844,-391.34187943186555,1509.7681974449865,Non-critical,Non-critical
Bearing1_1,1699,2803,1103,556.3922062652746,484.97706042776844,-394.1628321731515,1506.9472447037006,Non-critical,Non-critical
Bearing1_1,1700,2803,1102,550.764728203839,484.97706042776844,-399.7903102345871,1501.3197666422652,Non-critical,Non-critical
Bearing1_1,1701,2803,1101,549.2672049489594,484.97706042776844,-401.2878334894667,1499.8222433873855,Non-critical,Non-critical
Bearing1_1,1702,2803,1100,559.2069584344774,484.97706042776844,-391.34808000394867,1509.7619968729036,Non-critical,Non-critical
Bearing1_1,1703,2803,1099,559.2069584344774,484.97706042776844,-391.34808000394867,1509.7619968729036,Non-critical,Non-critical
Bearing1_1,1704,2803,1098,559.136235074587,484.97706042776844,-391.41880336383906,1509.6912735130131,Non-critical,Non-critical
Bearing1_1,1705,2803,1097,550.3077032083906,484.97706042776844,-400.24733523003545,1500.8627416468166,Non-critical,Non-critical
Bearing1_1,1706,2803,1096,550.6238999023753,484.97706042776844,-399.93113853605075,1501.1789383408013,Non-critical,Non-critical
Bearing1_1,1707,2803,1095,548.9095572963278,484.97706042776844,-401.64548114209833,1499.4645957347539,Non-critical,Non-critical
Bearing1_1,1708,2803,1094,557.0029097584097,484.97706042776844,-393.5521286800164,1507.5579481968357,Non-critical,Non-critical
Bearing1_1,1709,2803,1093,543.2975463161328,484.97706042776844,-407.25749212229334,1493.8525847545588,Non-critical,Non-critical
Bearing1_1,1710,2803,1092,551.1659011631235,484.97706042776844,-399.3891372753026,1501.7209396015496,Non-critical,Non-critical
Bearing1_1,1711,2803,1091,555.630722894981,484.97706042776844,-394.9243155434451,1506.185761333407,Non-critical,Non-critical
Bearing1_1,1712,2803,1090,542.0530789017566,484.97706042776844,-408.50195953666946,1492.6081173401826,Non-critical,Non-critical
Bearing1_1,1713,2803,1089,550.4508782904063,484.97706042776844,-400.1041601480198,1501.0059167288323,Non-critical,Non-critical
Bearing1_1,1714,2803,1088,556.4258116917821,484.97706042776844,-394.129226746644,1506.9808501302082,Non-critical,Non-critical
Bearing1_1,1715,2803,1087,541.6569810795784,484.97706042776844,-408.8980573588477,1492.2120195180046,Non-critical,Non-critical
Bearing1_1,1716,2803,1086,549.8401747972712,484.97706042776844,-400.7148636411549,1500.3952132356972,Non-critical,Non-critical
Bearing1_1,1717,2803,1085,541.5985203781286,484.97706042776844,-408.9565180602975,1492.1535588165548,Non-critical,Non-critical
Bearing1_1,1718,2803,1084,542.4343941410626,484.97706042776844,-408.12064429736347,1492.9894325794887,Non-critical,Non-critical
Bearing1_1,1719,2803,1083,541.6463445635663,484.97706042776844,-408.90869387485975,1492.2013830019923,Non-critical,Non-critical
Bearing1_1,1720,2803,1082,552.1968015422195,484.97706042776844,-398.35823689620656,1502.7518399806456,Non-critical,Non-critical
Bearing1_1,1721,2803,1081,550.1613921377837,484.97706042776844,-400.39364630064244,1500.7164305762099,Non-critical,Non-critical
Bearing1_1,1722,2803,1080,543.2975463161328,484.97706042776844,-407.25749212229334,1493.8525847545588,Non-critical,Non-critical
Bearing1_1,1723,2803,1079,547.5159366885847,484.97706042776844,-403.0391017498414,1498.0709751270108,Non-critical,Non-critical
Bearing1_1,1724,2803,1078,539.930151318029,484.97706042776844,-410.62488712039715,1490.485189756455,Non-critical,Non-critical
Bearing1_1,1725,2803,1077,538.6856839036528,484.97706042776844,-411.86935453477327,1489.240722342079,Non-critical,Non-critical
Bearing1_1,1726,2803,1076,548.8294065441157,484.97706042776844,-401.72563189431037,1499.384444982542,Non-critical,Non-critical
Bearing1_1,1727,2803,1075,549.2926321116472,484.97706042776844,-401.2624063267789,1499.8476705500734,Non-critical,Non-critical
Bearing1_1,1728,2803,1074,548.7586831842253,484.97706042776844,-401.79635525420076,1499.3137216226514,Non-critical,Non-critical
Bearing1_1,1729,2803,1073,547.0823828634964,484.97706042776844,-403.4726555749297,1497.6374213019226,Non-critical,Non-critical
Bearing1_1,1730,2803,1072,548.8294065441157,484.97706042776844,-401.72563189431037,1499.384444982542,Non-critical,Non-critical
Bearing1_1,1731,2803,1071,550.1335079501725,484.97706042776844,-400.42153048825355,1500.6885463885988,Non-critical,Non-critical
Bearing1_1,1732,2803,1070,539.0669991429588,484.97706042776844,-411.4880392954673,1489.622037581385,Non-critical,Non-critical
Bearing1_1,1733,2803,1069,539.0669991429588,484.97706042776844,-411.4880392954673,1489.622037581385,Non-critical,Non-critical
Bearing1_1,1734,2803,1068,548.8294065441157,484.97706042776844,-401.72563189431037,1499.384444982542,Non-critical,Non-critical
Bearing1_1,1735,2803,1067,539.930151318029,484.97706042776844,-410.62488712039715,1490.485189756455,Non-critical,Non-critical
Bearing1_1,1736,2803,1066,539.930151318029,484.97706042776844,-410.62488712039715,1490.485189756455,Non-critical,Non-critical
Bearing1_1,1737,2803,1065,537.6204218868896,484.97706042776844,-412.93461655153646,1488.1754603253157,Non-critical,Non-critical
Bearing1_1,1738,2803,1064,541.2236162080737,484.97706042776844,-409.33142223035236,1491.7786546465,Non-critical,Non-critical
Bearing1_1,1739,2803,1063,548.8294065441157,484.97706042776844,-401.72563189431037,1499.384444982542,Non-critical,Non-critical
Bearing1_1,1740,2803,1062,539.930151318029,484.97706042776844,-410.62488712039715,1490.485189756455,Non-critical,Non-critical
Bearing1_1,1741,2803,1061,562.1915484857731,484.97706042776844,-388.363489952653,1512.7465869241992,Non-critical,Non-critical
Bearing1_1,1742,2803,1060,537.3479153320736,484.97706042776844,-413.20712310635247,1487.9029537704996,Non-critical,Non-critical
Bearing1_1,1743,2803,1059,538.5320054059661,484.97706042776844,-412.02303303246003,1489.0870438443922,Non-critical,Non-critical
Bearing1_1,1744,2803,1058,548.8294065441157,484.97706042776844,-401.72563189431037,1499.384444982542,Non-critical,Non-critical
Bearing1_1,1745,2803,1057,539.0669991429588,484.97706042776844,-411.4880392954673,1489.622037581385,Non-critical,Non-critical
Bearing1_1,1746,2803,1056,540.3933768855604,484.97706042776844,-410.16166155286567,1490.9484153239864,Non-critical,Non-critical
Bearing1_1,1747,2803,1055,543.9012381100397,484.97706042776844,-406.6538003283864,1494.4562765484657,Non-critical,Non-critical
Bearing1_1,1748,2803,1054,533.6818057134344,484.97706042776844,-416.8732327249917,1484.2368441518606,Non-critical,Non-critical
Bearing1_1,1749,2803,1053,536.4553268437676,484.97706042776844,-414.0997115946585,1487.0103652821936,Non-critical,Non-critical
Bearing1_1,1750,2803,1052,543.2905346169046,484.97706042776844,-407.26450382152154,1493.8455730553305,Non-critical,Non-critical
Bearing1_1,1751,2803,1051,533.7575154695768,484.97706042776844,-416.7975229688493,1484.3125539080029,Non-critical,Non-critical
Bearing1_1,1752,2803,1050,534.7135971601364,484.97706042776844,-415.8414412782897,1485.2686355985625,Non-critical,Non-critical
Bearing1_1,1753,2803,1049,542.8335096214562,484.97706042776844,-407.7215288169699,1493.3885480598824,Non-critical,Non-critical
Bearing1_1,1754,2803,1048,534.5511584605877,484.97706042776844,-416.00387997783844,1485.1061968990139,Non-critical,Non-critical
Bearing1_1,1755,2803,1047,534.5449578885045,484.97706042776844,-416.01008054992155,1485.0999963269305,Non-critical,Non-critical
Bearing1_1,1756,2803,1046,533.6818057134344,484.97706042776844,-416.8732327249917,1484.2368441518606,Non-critical,Non-critical
Bearing1_1,1757,2803,1045,533.6818057134344,484.97706042776844,-416.8732327249917,1484.2368441518606,Non-critical,Non-critical
Bearing1_1,1758,2803,1044,541.6982898627781,484.97706042776844,-408.856748575648,1492.2533283012042,Non-critical,Non-critical
Bearing1_1,1759,2803,1043,535.0019828839529,484.97706042776844,-415.5530555544732,1485.5570213223791,Non-critical,Non-critical
Bearing1_1,1760,2803,1042,533.6818057134344,484.97706042776844,-416.8732327249917,1484.2368441518606,Non-critical,Non-critical
Bearing1_1,1761,2803,1041,533.0474346336249,484.97706042776844,-417.5076038048012,1483.602473072051,Non-critical,Non-critical
Bearing1_1,1762,2803,1040,543.4442131145913,484.97706042776844,-407.1108253238348,1493.9992515530175,Non-critical,Non-critical
Bearing1_1,1763,2803,1039,533.6818057134344,484.97706042776844,-416.8732327249917,1484.2368441518606,Non-critical,Non-critical
Bearing1_1,1764,2803,1038,541.2401644385236,484.97706042776844,-409.3148739999025,1491.7952028769496,Non-critical,Non-critical
Bearing1_1,1765,2803,1037,532.5212581521208,484.97706042776844,-418.0337802863053,1483.076296590547,Non-critical,Non-critical
Bearing1_1,1766,2803,1036,543.9012381100397,484.97706042776844,-406.6538003283864,1494.4562765484657,Non-critical,Non-critical
Bearing1_1,1767,2803,1035,534.3272056550674,484.97706042776844,-416.22783278335874,1484.8822440934935,Non-critical,Non-critical
Bearing1_1,1768,2803,1034,533.3004904741284,484.97706042776844,-417.25454796429767,1483.8555289125545,Non-critical,Non-critical
Bearing1_1,1769,2803,1033,522.220641150113,484.97706042776844,-428.3343972883131,1472.775679588539,Non-critical,Non-critical
Bearing1_1,1770,2803,1032,521.9322554262965,484.97706042776844,-428.6227830121296,1472.4872938647227,Non-critical,Non-critical
Bearing1_1,1771,2803,1031,520.2660928997853,484.97706042776844,-430.28894553864075,1470.8211313382114,Non-critical,Non-critical
Bearing1_1,1772,2803,1030,521.7636161546646,484.97706042776844,-428.79142228376145,1472.3186545930907,Non-critical,Non-critical
Bearing1_1,1773,2803,1029,521.7636161546646,484.97706042776844,-428.79142228376145,1472.3186545930907,Non-critical,Non-critical
Bearing1_1,1774,2803,1028,531.1198963761999,484.97706042776844,-419.4351420622262,1481.6749348146259,Non-critical,Non-critical
Bearing1_1,1775,2803,1027,517.601441154792,484.97706042776844,-432.95359728363405,1468.1564795932181,Non-critical,Non-critical
Bearing1_1,1776,2803,1026,530.6628713807515,484.97706042776844,-419.89216705767456,1481.2179098191777,Non-critical,Non-critical
Bearing1_1,1777,2803,1025,520.4722514264795,484.97706042776844,-430.0827870119466,1471.0272898649055,Non-critical,Non-critical
Bearing1_1,1778,2803,1024,530.0521678876164,484.97706042776844,-420.5028705508097,1480.6072063260426,Non-critical,Non-critical
Bearing1_1,1779,2803,1023,521.7636161546646,484.97706042776844,-428.79142228376145,1472.3186545930907,Non-critical,Non-critical
Bearing1_1,1780,2803,1022,528.4588227046838,484.97706042776844,-422.09621573374227,1479.0138611431098,Non-critical,Non-critical
Bearing1_1,1781,2803,1021,523.6677845378449,484.97706042776844,-426.8872539005812,1474.222822976271,Non-critical,Non-critical
Bearing1_1,1782,2803,1020,528.9169481289383,484.97706042776844,-421.6380903094878,1479.4719865673644,Non-critical,Non-critical
Bearing1_1,1783,2803,1019,521.7636161546646,484.97706042776844,-428.79142228376145,1472.3186545930907,Non-critical,Non-critical
Bearing1_1,1784,2803,1018,519.0343512951625,484.97706042776844,-431.52068714326356,1469.5893897335886,Non-critical,Non-critical
Bearing1_1,1785,2803,1017,530.2869726575763,484.97706042776844,-420.26806578084984,1480.8420110960024,Non-critical,Non-critical
Bearing1_1,1786,2803,1016,521.316994071599,484.97706042776844,-429.2380443668271,1471.872032510025,Non-critical,Non-critical
Bearing1_1,1787,2803,1015,568.8874417774347,484.97706042776844,-381.6675966609914,1519.4424802158608,Non-critical,Non-critical
Bearing1_1,1788,2803,1014,517.5610140311579,484.97706042776844,-432.99402440726817,1468.116052469584,Non-critical,Non-critical
Bearing1_1,1789,2803,1013,522.5608657284611,484.97706042776844,-427.994172709965,1473.115904166887,Non-critical,Non-critical
Bearing1_1,1790,2803,1012,521.3877174314894,484.97706042776844,-429.16732100693673,1471.9427558699153,Non-critical,Non-critical
Bearing1_1,1791,2803,1011,520.1432500171132,484.97706042776844,-430.41178842131285,1470.6982884555393,Non-critical,Non-critical
Bearing1_1,1792,2803,1010,520.9815902518676,484.97706042776844,-429.5734481865585,1471.5366286902936,Non-critical,Non-critical
Bearing1_1,1793,2803,1009,530.2869726575763,484.97706042776844,-420.26806578084984,1480.8420110960024,Non-critical,Non-critical
Bearing1_1,1794,2803,1008,527.1342537345976,484.97706042776844,-423.42078470382853,1477.6892921730237,Non-critical,Non-critical
Bearing1_1,1795,2803,1007,519.8901941766101,484.97706042776844,-430.66484426181603,1470.4452326150363,Non-critical,Non-critical
Bearing1_1,1796,2803,1006,521.3939180035725,484.97706042776844,-429.1611204348536,1471.9489564419987,Non-critical,Non-critical
Bearing1_1,1797,2803,1005,529.6762691644411,484.97706042776844,-420.878769273985,1480.2313076028672,Non-critical,Non-critical
Bearing1_1,1798,2803,1004,521.3877174314894,484.97706042776844,-429.16732100693673,1471.9427558699153,Non-critical,Non-critical
Bearing1_1,1799,2803,1003,530.2869726575763,484.97706042776844,-420.26806578084984,1480.8420110960024,Non-critical,Non-critical
Bearing1_1,1800,2803,1002,521.3877174314894,484.97706042776844,-429.16732100693673,1471.9427558699153,Non-critical,Non-critical
Bearing1_1,1801,2803,1001,521.3877174314894,484.97706042776844,-429.16732100693673,1471.9427558699153,Non-critical,Non-critical
Bearing1_1,1802,2803,1000,518.2310701479939,484.97706042776844,-432.32396829043216,1468.7861085864201,Non-critical,Non-critical
Bearing1_1,1803,2803,999,527.993477549151,484.97706042776844,-422.56156088927514,1478.548515987577,Non-critical,Non-critical
Bearing1_1,1804,2803,998,517.8435543366048,484.97706042776844,-432.71148410182127,1468.398592775031,Non-critical,Non-critical
Bearing1_1,1805,2803,997,517.8435543366048,484.97706042776844,-432.71148410182127,1468.398592775031,Non-critical,Non-critical
Bearing1_1,1806,2803,996,517.8435543366048,484.97706042776844,-432.71148410182127,1468.398592775031,Non-critical,Non-critical
Bearing1_1,1807,2803,995,516.4475018438415,484.97706042776844,-434.10753659458464,1467.0025402822675,Non-critical,Non-critical
Bearing1_1,1808,2803,994,516.2624172715464,484.97706042776844,-434.2926211668797,1466.8174557099724,Non-critical,Non-critical
Bearing1_1,1809,2803,993,517.1255694466165,484.97706042776844,-433.4294689918096,1467.6806078850427,Non-critical,Non-critical
Bearing1_1,1810,2803,992,523.8747712216575,484.97706042776844,-426.6802672167686,1474.4298096600837,Non-critical,Non-critical
Bearing1_1,1811,2803,991,513.470348958425,484.97706042776844,-437.0846894800011,1464.025387396851,Non-critical,Non-critical
Bearing1_1,1812,2803,990,515.318193192044,484.97706042776844,-435.23684524638213,1465.87323163047,Non-critical,Non-critical
Bearing1_1,1813,2803,989,515.318193192044,484.97706042776844,-435.23684524638213,1465.87323163047,Non-critical,Non-critical
Bearing1_1,1814,2803,988,524.0617267330092,484.97706042776844,-426.4933117054169,1474.6167651714354,Non-critical,Non-critical
Bearing1_1,1815,2803,987,516.3102119244851,484.97706042776844,-434.244826513941,1466.8652503629112,Non-critical,Non-critical
Bearing1_1,1816,2803,986,518.9344905010608,484.97706042776844,-431.62054793736525,1469.489528939487,Non-critical,Non-critical
Bearing1_1,1817,2803,985,526.0726193256421,484.97706042776844,-424.482419112784,1476.6276577640683,Non-critical,Non-critical
Bearing1_1,1818,2803,984,515.0757738675528,484.97706042776844,-435.4792645708733,1465.630812305979,Non-critical,Non-critical
Bearing1_1,1819,2803,983,516.5626606064201,484.97706042776844,-433.992377832006,1467.1176990448462,Non-critical,Non-critical
Bearing1_1,1820,2803,982,523.8685706495744,484.97706042776844,-426.6864677888517,1474.4236090880004,Non-critical,Non-critical
Bearing1_1,1821,2803,981,523.8685706495744,484.97706042776844,-426.6864677888517,1474.4236090880004,Non-critical,Non-critical
Bearing1_1,1822,2803,980,526.0726193256421,484.97706042776844,-424.482419112784,1476.6276577640683,Non-critical,Non-critical
Bearing1_1,1823,2803,979,513.0496105859407,484.97706042776844,-437.50542785248535,1463.6046490243668,Non-critical,Non-critical
Bearing1_1,1824,2803,978,517.1733640995552,484.97706042776844,-433.3816743388709,1467.7284025379813,Non-critical,Non-critical
Bearing1_1,1825,2803,977,514.9124758839313,484.97706042776844,-435.6425625544948,1465.4675143223574,Non-critical,Non-critical
Bearing1_1,1826,2803,976,515.675840844676,484.97706042776844,-434.87919759375006,1466.2308792831022,Non-critical,Non-critical
Bearing1_1,1827,2803,975,523.8685706495744,484.97706042776844,-426.6864677888517,1474.4236090880004,Non-critical,Non-critical
Bearing1_1,1828,2803,974,517.1733640995552,484.97706042776844,-433.3816743388709,1467.7284025379813,Non-critical,Non-critical
Bearing1_1,1829,2803,973,476.525247199263,484.97706042776844,-474.0297912391631,1427.080285637689,Non-critical,Non-critical
Bearing1_1,1830,2803,972,486.28765460041956,484.97706042776844,-464.26738383800654,1436.8426930388457,Non-critical,Non-critical
Bearing1_1,1831,2803,971,476.143931959957,484.97706042776844,-474.4111064784691,1426.6989703983832,Non-critical,Non-critical
Bearing1_1,1832,2803,970,475.07866994319374,484.97706042776844,-475.47636849523235,1425.6337083816197,Non-critical,Non-critical
Bearing1_1,1833,2803,969,476.7776958811977,484.97706042776844,-473.7773425572284,1427.3327343196238,Non-critical,Non-critical
Bearing1_1,1834,2803,968,484.0836059243522,484.97706042776844,-466.4714325140739,1434.6386443627782,Non-critical,Non-critical
Bearing1_1,1835,2803,967,477.3883993743329,484.97706042776844,-473.1666390640932,1427.943437812759,Non-critical,Non-critical
Bearing1_1,1836,2803,966,478.69250078038976,484.97706042776844,-471.86253765803633,1429.2475392188157,Non-critical,Non-critical
Bearing1_1,1837,2803,965,484.54523017518903,484.97706042776844,-466.00980826323706,1435.100268613615,Non-critical,Non-critical
Bearing1_1,1838,2803,964,476.1501325320402,484.97706042776844,-474.4049059063859,1426.7051709704663,Non-critical,Non-critical
Bearing1_1,1839,2803,963,476.525247199263,484.97706042776844,-474.0297912391631,1427.080285637689,Non-critical,Non-critical
Bearing1_1,1840,2803,962,477.39459994641606,484.97706042776844,-473.16043849201003,1427.9496383848423,Non-critical,Non-critical
Bearing1_1,1841,2803,961,475.13713064464343,484.97706042776844,-475.41790779378266,1425.6921690830695,Non-critical,Non-critical
Bearing1_1,1842,2803,960,476.525247199263,484.97706042776844,-474.0297912391631,1427.080285637689,Non-critical,Non-critical
Bearing1_1,1843,2803,959,477.22169478026956,484.97706042776844,-473.33334365815654,1427.7767332186957,Non-critical,Non-critical
Bearing1_1,1844,2803,958,486.744679595868,484.97706042776844,-463.8103588425581,1437.299718034294,Non-critical,Non-critical
Bearing1_1,1845,2803,957,480.31252459766546,484.97706042776844,-470.24251384076064,1430.8675630360915,Non-critical,Non-critical
Bearing1_1,1846,2803,956,477.3883993743329,484.97706042776844,-473.1666390640932,1427.943437812759,Non-critical,Non-critical
Bearing1_1,1847,2803,955,476.143931959957,484.97706042776844,-474.4111064784691,1426.6989703983832,Non-critical,Non-critical
Bearing1_1,1848,2803,954,483.3202409636076,484.97706042776844,-467.2347974748185,1433.8752794020338,Non-critical,Non-critical
Bearing1_1,1849,2803,953,476.47834988545395,484.97706042776844,-474.07668855297214,1427.03338832388,Non-critical,Non-critical
Bearing1_1,1850,2803,952,485.33010710639445,484.97706042776844,-465.22493133203164,1435.8851455448205,Non-critical,Non-critical
Bearing1_1,1851,2803,951,475.356922819641,484.97706042776844,-475.1981156187851,1425.911961258067,Non-critical,Non-critical
Bearing1_1,1852,2803,950,474.67626158459126,484.97706042776844,-475.87877685383484,1425.2313000230174,Non-critical,Non-critical
Bearing1_1,1853,2803,949,474.67626158459126,484.97706042776844,-475.87877685383484,1425.2313000230174,Non-critical,Non-critical
Bearing1_1,1854,2803,948,475.9676263127762,484.97706042776844,-474.5874121256499,1426.5226647512022,Non-critical,Non-critical
Bearing1_1,1855,2803,947,475.1044741377063,484.97706042776844,-475.4505643007198,1425.6595125761323,Non-critical,Non-critical
Bearing1_1,1856,2803,946,474.1124554052651,484.97706042776844,-476.442583033161,1424.6674938436913,Non-critical,Non-critical
Bearing1_1,1857,2803,945,475.1801838938487,484.97706042776844,-475.3748545445774,1425.7352223322748,Non-critical,Non-critical
Bearing1_1,1858,2803,944,470.933823310283,484.97706042776844,-479.6212151281431,1421.488861748709,Non-critical,Non-critical
Bearing1_1,1859,2803,943,475.9676263127762,484.97706042776844,-474.5874121256499,1426.5226647512022,Non-critical,Non-critical
Bearing1_1,1860,2803,942,485.3239065343113,484.97706042776844,-465.2311319041148,1435.8789449727374,Non-critical,Non-critical
Bearing1_1,1861,2803,941,475.1044741377063,484.97706042776844,-475.4505643007198,1425.6595125761323,Non-critical,Non-critical
Bearing1_1,1862,2803,940,475.1801838938487,484.97706042776844,-475.3748545445774,1425.7352223322748,Non-critical,Non-critical
Bearing1_1,1863,2803,939,474.7231588984003,484.97706042776844,-475.8318795400258,1425.2781973368265,Non-critical,Non-critical
Bearing1_1,1864,2803,938,473.38539032682104,484.97706042776844,-477.16964811160506,1423.9404287652471,Non-critical,Non-critical
Bearing1_1,1865,2803,937,476.4246513082246,484.97706042776844,-474.1303871302015,1426.9796897466508,Non-critical,Non-critical
Bearing1_1,1866,2803,936,475.1044741377063,484.97706042776844,-475.4505643007198,1425.6595125761323,Non-critical,Non-critical
Bearing1_1,1867,2803,935,483.1198578582439,484.97706042776844,-467.4351805801822,1433.6748962966699,Non-critical,Non-critical
Bearing1_1,1868,2803,934,476.4246513082246,484.97706042776844,-474.1303871302015,1426.9796897466508,Non-critical,Non-critical
Bearing1_1,1869,2803,933,475.97382688485936,484.97706042776844,-474.58121155356673,1426.5288653232856,Non-critical,Non-critical
Bearing1_1,1870,2803,932,475.9676263127762,484.97706042776844,-474.5874121256499,1426.5226647512022,Non-critical,Non-critical
Bearing1_1,1871,2803,931,478.4820921244826,484.97706042776844,-472.0729463139435,1429.0371305629087,Non-critical,Non-critical
Bearing1_1,1872,2803,930,475.9676263127762,484.97706042776844,-474.5874121256499,1426.5226647512022,Non-critical,Non-critical
Bearing1_1,1873,2803,929,477.87799526803934,484.97706042776844,-472.67704317038675,1428.4330337064655,Non-critical,Non-critical
Bearing1_1,1874,2803,928,475.9676263127762,484.97706042776844,-474.5874121256499,1426.5226647512022,Non-critical,Non-critical
Bearing1_1,1875,2803,927,475.1801838938487,484.97706042776844,-475.3748545445774,1425.7352223322748,Non-critical,Non-critical
Bearing1_1,1876,2803,926,473.8700360807735,484.97706042776844,-476.6850023576526,1424.4250745191996,Non-critical,Non-critical
Bearing1_1,1877,2803,925,438.7482887125051,484.97706042776844,-511.806749725921,1389.3033271509312,Non-critical,Non-critical
Bearing1_1,1878,2803,924,442.34369811326684,484.97706042776844,-508.21134032515926,1392.898736551693,Non-critical,Non-critical
Bearing1_1,1879,2803,923,442.0968428448463,484.97706042776844,-508.4581955935798,1392.6518812832724,Non-critical,Non-critical
Bearing1_1,1880,2803,922,443.58816552764273,484.97706042776844,-506.96687291078337,1394.1432039660688,Non-critical,Non-critical
Bearing1_1,1881,2803,921,442.7360422143963,484.97706042776844,-507.8189962240298,1393.2910806528225,Non-critical,Non-critical
Bearing1_1,1882,2803,920,442.54766726821157,484.97706042776844,-508.0073711702145,1393.1027057066376,Non-critical,Non-critical
Bearing1_1,1883,2803,919,450.28337207766225,484.97706042776844,-500.27166636076385,1400.8384105160883,Non-critical,Non-critical
Bearing1_1,1884,2803,918,443.18203834802125,484.97706042776844,-507.37300009040484,1393.7370767864472,Non-critical,Non-critical
Bearing1_1,1885,2803,917,442.3461645850872,484.97706042776844,-508.2088738533389,1392.9012030235133,Non-critical,Non-critical
Bearing1_1,1886,2803,916,450.2895726497454,484.97706042776844,-500.2654657886807,1400.8446110881714,Non-critical,Non-critical
Bearing1_1,1887,2803,915,442.82480056689815,484.97706042776844,-507.73023787152795,1393.3798390053244,Non-critical,Non-critical
Bearing1_1,1888,2803,914,443.58816552764273,484.97706042776844,-506.96687291078337,1394.1432039660688,Non-critical,Non-critical
Bearing1_1,1889,2803,913,440.3199983768833,484.97706042776844,-510.2350400615428,1390.8750368153094,Non-critical,Non-critical
Bearing1_1,1890,2803,912,442.731213924656,484.97706042776844,-507.8238245137701,1393.286252363082,Non-critical,Non-critical
Bearing1_1,1891,2803,911,443.58816552764273,484.97706042776844,-506.96687291078337,1394.1432039660688,Non-critical,Non-critical
Bearing1_1,1892,2803,910,442.72501335257283,484.97706042776844,-507.83002508585326,1393.2800517909989,Non-critical,Non-critical
Bearing1_1,1893,2803,909,442.34369811326684,484.97706042776844,-508.21134032515926,1392.898736551693,Non-critical,Non-critical
Bearing1_1,1894,2803,908,442.11430985943764,484.97706042776844,-508.44072857898846,1392.6693482978637,Non-critical,Non-critical
Bearing1_1,1895,2803,907,441.8891395896388,484.97706042776844,-508.6658988487873,1392.444178028065,Non-critical,Non-critical
Bearing1_1,1896,2803,906,444.04519052309115,484.97706042776844,-506.50984791533494,1394.6002289615171,Non-critical,Non-critical
Bearing1_1,1897,2803,905,442.34369811326684,484.97706042776844,-508.21134032515926,1392.898736551693,Non-critical,Non-critical
Bearing1_1,1898,2803,904,446.3494866077697,484.97706042776844,-504.2055518306564,1396.9045250461959,Non-critical,Non-critical
Bearing1_1,1899,2803,903,441.49057529564004,484.97706042776844,-509.06446314278605,1392.0456137340661,Non-critical,Non-critical
Bearing1_1,1900,2803,902,443.18203834802125,484.97706042776844,-507.37300009040484,1393.7370767864472,Non-critical,Non-critical
Bearing1_1,1901,2803,901,441.6860973063226,484.97706042776844,-508.8689411321035,1392.2411357447486,Non-critical,Non-critical
Bearing1_1,1902,2803,900,442.09064227276315,484.97706042776844,-508.46439616566295,1392.6456807111892,Non-critical,Non-critical
Bearing1_1,1903,2803,899,443.58816552764273,484.97706042776844,-506.96687291078337,1394.1432039660688,Non-critical,Non-critical
Bearing1_1,1904,2803,898,442.7538257949062,484.97706042776844,-507.8012126435199,1393.3088642333323,Non-critical,Non-critical
Bearing1_1,1905,2803,897,442.09064227276315,484.97706042776844,-508.46439616566295,1392.6456807111892,Non-critical,Non-critical
Bearing1_1,1906,2803,896,442.72501335257283,484.97706042776844,-507.83002508585326,1393.2800517909989,Non-critical,Non-critical
Bearing1_1,1907,2803,895,441.39031742365853,484.97706042776844,-509.16472101476757,1391.9453558620846,Non-critical,Non-critical
Bearing1_1,1908,2803,894,442.34369811326684,484.97706042776844,-508.21134032515926,1392.898736551693,Non-critical,Non-critical
Bearing1_1,1909,2803,893,444.04519052309115,484.97706042776844,-506.50984791533494,1394.6002289615171,Non-critical,Non-critical
Bearing1_1,1910,2803,892,429.9126339137245,484.97706042776844,-520.6424045247015,1380.4676723521507,Non-critical,Non-critical
Bearing1_1,1911,2803,891,430.5463978349652,484.97706042776844,-520.0086406034609,1381.1014362733913,Non-critical,Non-critical
Bearing1_1,1912,2803,890,430.2939491530305,484.97706042776844,-520.2610892853957,1380.8489875914565,Non-critical,Non-critical
Bearing1_1,1913,2803,889,429.9126339137245,484.97706042776844,-520.6424045247015,1380.4676723521507,Non-critical,Non-critical
Bearing1_1,1914,2803,888,439.445653061052,484.97706042776844,-511.1093853773741,1390.000691499478,Non-critical,Non-critical
Bearing1_1,1915,2803,887,429.9126339137245,484.97706042776844,-520.6424045247015,1380.4676723521507,Non-critical,Non-critical
Bearing1_1,1916,2803,886,429.9188344858077,484.97706042776844,-520.6362039526184,1380.4738729242338,Non-critical,Non-critical
Bearing1_1,1917,2803,885,440.0563565541872,484.97706042776844,-510.4986818842389,1390.6113949926132,Non-critical,Non-critical
Bearing1_1,1918,2803,884,440.06255712627035,484.97706042776844,-510.49248131215575,1390.6175955646963,Non-critical,Non-critical
Bearing1_1,1919,2803,883,440.0563565541872,484.97706042776844,-510.4986818842389,1390.6113949926132,Non-critical,Non-critical
Bearing1_1,1920,2803,882,429.9126339137245,484.97706042776844,-520.6424045247015,1380.4676723521507,Non-critical,Non-critical
Bearing1_1,1921,2803,881,440.5133815496356,484.97706042776844,-510.0416568887905,1391.0684199880616,Non-critical,Non-critical
Bearing1_1,1922,2803,880,439.3450534395721,484.97706042776844,-511.209984998854,1389.9000918779982,Non-critical,Non-critical
Bearing1_1,1923,2803,879,430.30014972511367,484.97706042776844,-520.2548887133124,1380.8551881635399,Non-critical,Non-critical
Bearing1_1,1924,2803,878,429.6832456598953,484.97706042776844,-520.8717927785308,1380.2382840983214,Non-critical,Non-critical
Bearing1_1,1925,2803,877,431.0034228304136,484.97706042776844,-519.5516156080125,1381.5584612688397,Non-critical,Non-critical
Bearing1_1,1926,2803,876,430.5463978349652,484.97706042776844,-520.0086406034609,1381.1014362733913,Non-critical,Non-critical
Bearing1_1,1927,2803,875,431.1571013281004,484.97706042776844,-519.3979371103258,1381.7121397665264,Non-critical,Non-critical
Bearing1_1,1928,2803,874,439.9026780565004,484.97706042776844,-510.6523603819257,1390.4577164949264,Non-critical,Non-critical
Bearing1_1,1929,2803,873,429.3019304205893,484.97706042776844,-521.2531080178368,1379.8569688590155,Non-critical,Non-critical
Bearing1_1,1930,2803,872,429.9126339137245,484.97706042776844,-520.6424045247015,1380.4676723521507,Non-critical,Non-critical
Bearing1_1,1931,2803,871,429.86573659991546,484.97706042776844,-520.6893018385106,1380.4207750383416,Non-critical,Non-critical
Bearing1_1,1932,2803,870,429.6595780732208,484.97706042776844,-520.8954603652053,1380.214616511647,Non-critical,Non-critical
Bearing1_1,1933,2803,869,429.6595780732208,484.97706042776844,-520.8954603652053,1380.214616511647,Non-critical,Non-critical
Bearing1_1,1934,2803,868,431.6141263235488,484.97706042776844,-518.9409121148773,1382.169164761975,Non-critical,Non-critical
Bearing1_1,1935,2803,867,429.59707621130553,484.97706042776844,-520.9579622271206,1380.1521146497316,Non-critical,Non-critical
Bearing1_1,1936,2803,866,427.96416184901005,484.97706042776844,-522.590876589416,1378.5192002874362,Non-critical,Non-critical
Bearing1_1,1937,2803,865,430.2939491530305,484.97706042776844,-520.2610892853957,1380.8489875914565,Non-critical,Non-critical
Bearing1_1,1938,2803,864,429.9866700477686,484.97706042776844,-520.5683683906575,1380.5417084861947,Non-critical,Non-critical
Bearing1_1,1939,2803,863,428.69530531958367,484.97706042776844,-521.8597331188424,1379.2503437580099,Non-critical,Non-critical
Bearing1_1,1940,2803,862,428.7422026333927,484.97706042776844,-521.8128358050334,1379.297241071819,Non-critical,Non-critical
Bearing1_1,1941,2803,861,442.5707361253921,484.97706042776844,-507.984302313034,1393.1257745638181,Non-critical,Non-critical
Bearing1_1,1942,2803,860,438.8859252738554,484.97706042776844,-511.6691131645707,1389.4409637122815,Non-critical,Non-critical
Bearing1_1,1943,2803,859,429.5805428681471,484.97706042776844,-520.974495570279,1380.1355813065732,Non-critical,Non-critical
Bearing1_1,1944,2803,858,428.94617178833744,484.97706042776844,-521.6088666500887,1379.5012102267635,Non-critical,Non-critical
Bearing1_1,1945,2803,857,429.9866700477686,484.97706042776844,-520.5683683906575,1380.5417084861947,Non-critical,Non-critical
Bearing1_1,1946,2803,856,428.7484032054759,484.97706042776844,-521.8066352329502,1379.303441643902,Non-critical,Non-critical
Bearing1_1,1947,2803,855,429.9866700477686,484.97706042776844,-520.5683683906575,1380.5417084861947,Non-critical,Non-critical
Bearing1_1,1948,2803,854,428.489146792889,484.97706042776844,-522.065891645537,1379.0441852313152,Non-critical,Non-critical
Bearing1_1,1949,2803,853,428.94617178833744,484.97706042776844,-521.6088666500887,1379.5012102267635,Non-critical,Non-critical
Bearing1_1,1950,2803,852,438.2752217807202,484.97706042776844,-512.2798166577059,1388.8302602191463,Non-critical,Non-critical
Bearing1_1,1951,2803,851,436.0711731046528,484.97706042776844,-514.4838653337733,1386.6262115430789,Non-critical,Non-critical
Bearing1_1,1952,2803,850,429.9866700477686,484.97706042776844,-520.5683683906575,1380.5417084861947,Non-critical,Non-critical
Bearing1_1,1953,2803,849,429.0527945128085,484.97706042776844,-521.5022439256177,1379.6078329512345,Non-critical,Non-critical
Bearing1_1,1954,2803,848,429.9866700477686,484.97706042776844,-520.5683683906575,1380.5417084861947,Non-critical,Non-critical
Bearing1_1,1955,2803,847,429.3052431947432,484.97706042776844,-521.2497952436829,1379.8602816331693,Non-critical,Non-critical
Bearing1_1,1956,2803,846,429.08282113097283,484.97706042776844,-521.4722173074533,1379.6378595693989,Non-critical,Non-critical
Bearing1_1,1957,2803,845,430.443695043217,484.97706042776844,-520.1113433952091,1380.998733481643,Non-critical,Non-critical
Bearing1_1,1958,2803,844,429.3759665546334,484.97706042776844,-521.1790718837926,1379.9310049930596,Non-critical,Non-critical
Bearing1_1,1959,2803,843,382.3348806726322,484.97706042776844,-568.2201577657938,1332.8899191110584,Non-critical,Non-critical
Bearing1_1,1960,2803,842,381.74344847100497,484.97706042776844,-568.8115899674211,1332.2984869094312,Non-critical,Non-critical
Bearing1_1,1961,2803,841,381.92475299099283,484.97706042776844,-568.6302854474333,1332.479791429419,Non-critical,Non-critical
Bearing1_1,1962,2803,840,381.3419154477764,484.97706042776844,-569.2131229906497,1331.8969538862025,Non-critical,Non-critical
Bearing1_1,1963,2803,839,381.54343775168684,484.97706042776844,-569.0116006867393,1332.098476190113,Non-critical,Non-critical
Bearing1_1,1964,2803,838,393.43765027764283,484.97706042776844,-557.1173881607833,1343.9926887160689,Non-critical,Non-critical
Bearing1_1,1965,2803,837,376.7035609365492,484.97706042776844,-573.8514775018768,1327.2585993749753,Non-critical,Non-critical
Bearing1_1,1966,2803,836,382.7879051660627,484.97706042776844,-567.7671332723634,1333.342943604489,Non-critical,Non-critical
Bearing1_1,1967,2803,835,380.93273425855165,484.97706042776844,-569.6223041798744,1331.4877726969778,Non-critical,Non-critical
Bearing1_1,1968,2803,834,381.4965404378778,484.97706042776844,-569.0584980005483,1332.051578876304,Non-critical,Non-critical
Bearing1_1,1969,2803,833,381.92475299099283,484.97706042776844,-568.6302854474333,1332.479791429419,Non-critical,Non-critical
Bearing1_1,1970,2803,832,382.7879051660627,484.97706042776844,-567.7671332723634,1333.342943604489,Non-critical,Non-critical
Bearing1_1,1971,2803,831,382.7879051660627,484.97706042776844,-567.7671332723634,1333.342943604489,Non-critical,Non-critical
Bearing1_1,1972,2803,830,391.85579966378145,484.97706042776844,-558.6992387746446,1342.4108381022074,Non-critical,Non-critical
Bearing1_1,1973,2803,829,381.92475299099283,484.97706042776844,-568.6302854474333,1332.479791429419,Non-critical,Non-critical
Bearing1_1,1974,2803,828,382.8226016145607,484.97706042776844,-567.7324368238653,1333.3776400529869,Non-critical,Non-critical
Bearing1_1,1975,2803,827,381.54963832377,484.97706042776844,-569.0054001146561,1332.104676762196,Non-critical,Non-critical
Bearing1_1,1976,2803,826,381.54343775168684,484.97706042776844,-569.0116006867393,1332.098476190113,Non-critical,Non-critical
Bearing1_1,1977,2803,825,381.4965404378778,484.97706042776844,-569.0584980005483,1332.051578876304,Non-critical,Non-critical
Bearing1_1,1978,2803,824,377.8009994773786,484.97706042776844,-572.7540389610475,1328.3560379158048,Non-critical,Non-critical
Bearing1_1,1979,2803,823,382.3879785585244,484.97706042776844,-568.1670598799017,1332.9430169969505,Non-critical,Non-critical
Bearing1_1,1980,2803,822,381.74740690663157,484.97706042776844,-568.8076315317945,1332.3024453450575,Non-critical,Non-critical
Bearing1_1,1981,2803,821,381.92475299099283,484.97706042776844,-568.6302854474333,1332.479791429419,Non-critical,Non-critical
Bearing1_1,1982,2803,820,383.24493016151115,484.97706042776844,-567.3101082769149,1333.7999685999373,Non-critical,Non-critical
Bearing1_1,1983,2803,819,382.7879051660627,484.97706042776844,-567.7671332723634,1333.342943604489,Non-critical,Non-critical
Bearing1_1,1984,2803,818,382.3879785585244,484.97706042776844,-568.1670598799017,1332.9430169969505,Non-critical,Non-critical
Bearing1_1,1985,2803,817,381.54343775168684,484.97706042776844,-569.0116006867393,1332.098476190113,Non-critical,Non-critical
Bearing1_1,1986,2803,816,382.32476995327227,484.97706042776844,-568.2302684851538,1332.8798083916984,Non-critical,Non-critical
Bearing1_1,1987,2803,815,386.7943039830869,484.97706042776844,-563.7607344553392,1337.349342421513,Non-critical,Non-critical
Bearing1_1,1988,2803,814,375.1126860116061,484.97706042776844,-575.44235242682,1325.6677244500322,Non-critical,Non-critical
Bearing1_1,1989,2803,813,376.39132493003723,484.97706042776844,-574.1637135083888,1326.9463633684634,Non-critical,Non-critical
Bearing1_1,1990,2803,812,375.78062143690204,484.97706042776844,-574.7744170015241,1326.335659875328,Non-critical,Non-critical
Bearing1_1,1991,2803,811,379.7930165680968,484.97706042776844,-570.7620218703294,1330.3480550065228,Non-critical,Non-critical
Bearing1_1,1992,2803,810,386.7943039830869,484.97706042776844,-563.7607344553392,1337.349342421513,Non-critical,Non-critical
Bearing1_1,1993,2803,809,377.8888481849168,484.97706042776844,-572.6661902535093,1328.443886623343,Non-critical,Non-critical
Bearing1_1,1994,2803,808,376.81302004217275,484.97706042776844,-573.7420183962533,1327.3680584805988,Non-critical,Non-critical
Bearing1_1,1995,2803,807,377.0256960098469,484.97706042776844,-573.5293424285792,1327.580734448273,Non-critical,Non-critical
Bearing1_1,1996,2803,806,376.5974834567319,484.97706042776844,-573.9575549816942,1327.1525218951579,Non-critical,Non-critical
Bearing1_1,1997,2803,805,371.92196066315523,484.97706042776844,-578.6330777752709,1322.4769991015814,Non-critical,Non-critical
Bearing1_1,1998,2803,804,380.4487179054249,484.97706042776844,-570.1063205330012,1331.003756343851,Non-critical,Non-critical
Bearing1_1,1999,2803,803,371.7179915082105,484.97706042776844,-578.8370469302156,1322.2730299466366,Non-critical,Non-critical
Bearing1_1,2000,2803,802,371.1072880150753,484.97706042776844,-579.4477504233507,1321.6623264535015,Non-critical,Non-critical
Bearing1_1,2001,2803,801,372.9624589225864,484.97706042776844,-577.5925795158397,1323.5174973610124,Non-critical,Non-critical
Bearing1_1,2002,2803,800,372.9624589225864,484.97706042776844,-577.5925795158397,1323.5174973610124,Non-critical,Non-critical
Bearing1_1,2003,2803,799,372.0993067475165,484.97706042776844,-578.4557316909096,1322.6543451859425,Non-critical,Non-critical
Bearing1_1,2004,2803,798,372.3633914498437,484.97706042776844,-578.1916469885824,1322.9184298882697,Non-critical,Non-critical
Bearing1_1,2005,2803,797,371.4886032543813,484.97706042776844,-579.0664351840448,1322.0436416928073,Non-critical,Non-critical
Bearing1_1,2006,2803,796,394.9535294718005,484.97706042776844,-555.6015089666256,1345.5085679102267,Non-critical,Non-critical
Bearing1_1,2007,2803,795,381.2510106555381,484.97706042776844,-569.3040277828879,1331.8060490939642,Non-critical,Non-critical
Bearing1_1,2008,2803,794,371.67109419440146,484.97706042776844,-578.8839442440246,1322.2261326328276,Non-critical,Non-critical
Bearing1_1,2009,2803,793,372.0993067475165,484.97706042776844,-578.4557316909096,1322.6543451859425,Non-critical,Non-critical
Bearing1_1,2010,2803,792,371.7179915082105,484.97706042776844,-578.8370469302156,1322.2730299466366,Non-critical,Non-critical
Bearing1_1,2011,2803,791,382.0303534203051,484.97706042776844,-568.524685018121,1332.5853918587313,Non-critical,Non-critical
Bearing1_1,2012,2803,790,372.3517554294512,484.97706042776844,-578.203283008975,1322.9067938678772,Non-critical,Non-critical
Bearing1_1,2013,2803,789,371.92196066315523,484.97706042776844,-578.6330777752709,1322.4769991015814,Non-critical,Non-critical
Bearing1_1,2014,2803,788,368.15458322602876,484.97706042776844,-582.4004552123973,1318.709621664455,Non-critical,Non-critical
Bearing1_1,2015,2803,787,368.000904728342,484.97706042776844,-582.5541337100841,1318.555943166768,Non-critical,Non-critical
Bearing1_1,2016,2803,786,365.83391201796894,484.97706042776844,-584.7211264204572,1316.388950456395,Non-critical,Non-critical
Bearing1_1,2017,2803,785,369.86227620793625,484.97706042776844,-580.6927622304898,1320.4173146463622,Non-critical,Non-critical
Bearing1_1,2018,2803,784,369.9174434536367,484.97706042776844,-580.6375949847894,1320.4724818920627,Non-critical,Non-critical
Bearing1_1,2019,2803,783,367.56183880846896,484.97706042776844,-582.9931996299572,1318.116877246895,Non-critical,Non-critical
Bearing1_1,2020,2803,782,378.75533086193997,484.97706042776844,-571.7997075764861,1329.3103693003661,Non-critical,Non-critical
Bearing1_1,2021,2803,781,368.15458322602876,484.97706042776844,-582.4004552123973,1318.709621664455,Non-critical,Non-critical
Bearing1_1,2022,2803,780,370.87179131809336,484.97706042776844,-579.6832471203327,1321.4268297565195,Non-critical,Non-critical
Bearing1_1,2023,2803,779,368.15458322602876,484.97706042776844,-582.4004552123973,1318.709621664455,Non-critical,Non-critical
Bearing1_1,2024,2803,778,368.53589846533475,484.97706042776844,-582.0191399730913,1319.0909369037608,Non-critical,Non-critical
Bearing1_1,2025,2803,777,368.8769451942055,484.97706042776844,-581.6780932442206,1319.4319836326317,Non-critical,Non-critical
Bearing1_1,2026,2803,776,369.8560756358531,484.97706042776844,-580.6989628025731,1320.411114074279,Non-critical,Non-critical
Bearing1_1,2027,2803,775,368.53589846533475,484.97706042776844,-582.0191399730913,1319.0909369037608,Non-critical,Non-critical
Bearing1_1,2028,2803,774,367.62634955593563,484.97706042776844,-582.9286888824904,1318.1813879943618,Non-critical,Non-critical
Bearing1_1,2029,2803,773,367.92519497219956,484.97706042776844,-582.6298434662265,1318.4802334106257,Non-critical,Non-critical
Bearing1_1,2030,2803,772,345.75671165453787,484.97706042776844,-604.7983267838882,1296.3117500929638,Non-critical,Non-critical
Bearing1_1,2031,2803,771,348.4141753121621,484.97706042776844,-602.140863126264,1298.969213750588,Non-critical,Non-critical
Bearing1_1,2032,2803,770,348.4141753121621,484.97706042776844,-602.140863126264,1298.969213750588,Non-critical,Non-critical
Bearing1_1,2033,2803,769,348.4141753121621,484.97706042776844,-602.140863126264,1298.969213750588,Non-critical,Non-critical
Bearing1_1,2034,2803,768,348.53264151785584,484.97706042776844,-602.0223969205703,1299.087679956282,Non-critical,Non-critical
Bearing1_1,2035,2803,767,345.68491045266046,484.97706042776844,-604.8701279857656,1296.2399488910864,Non-critical,Non-critical
Bearing1_1,2036,2803,766,348.4141753121621,484.97706042776844,-602.140863126264,1298.969213750588,Non-critical,Non-critical
Bearing1_1,2037,2803,765,347.1697078977862,484.97706042776844,-603.3853305406399,1297.7247463362123,Non-critical,Non-critical
Bearing1_1,2038,2803,764,346.54806262773036,484.97706042776844,-604.0069758106957,1297.1031010661563,Non-critical,Non-critical
Bearing1_1,2039,2803,763,355.1093818621815,484.97706042776844,-595.4456565762446,1305.6644203006076,Non-critical,Non-critical
Bearing1_1,2040,2803,762,355.1093818621815,484.97706042776844,-595.4456565762446,1305.6644203006076,Non-critical,Non-critical
Bearing1_1,2041,2803,761,348.4141753121621,484.97706042776844,-602.140863126264,1298.969213750588,Non-critical,Non-critical
Bearing1_1,2042,2803,760,347.1759084698694,484.97706042776844,-603.3791299685568,1297.7309469082954,Non-critical,Non-critical
Bearing1_1,2043,2803,759,347.5572237091754,484.97706042776844,-602.9978147292506,1298.1122621476015,Non-critical,Non-critical
Bearing1_1,2044,2803,758,347.5510231370922,484.97706042776844,-603.0040153013339,1298.1060615755182,Non-critical,Non-critical
Bearing1_1,2045,2803,757,348.4203758842453,484.97706042776844,-602.1346625541807,1298.9754143226714,Non-critical,Non-critical
Bearing1_1,2046,2803,756,347.01602940009946,484.97706042776844,-603.5390090383266,1297.5710678385256,Non-critical,Non-critical
Bearing1_1,2047,2803,755,339.37004713469275,484.97706042776844,-611.1849913037333,1289.9250855731188,Non-critical,Non-critical
Bearing1_1,2048,2803,754,339.00367737476955,484.97706042776844,-611.5513610636565,1289.5587158131957,Non-critical,Non-critical
Bearing1_1,2049,2803,753,338.62236213546356,484.97706042776844,-611.9326763029626,1289.1774005738896,Non-critical,Non-critical
Bearing1_1,2050,2803,752,338.891411741159,484.97706042776844,-611.6636266972671,1289.446450179585,Non-critical,Non-critical
Bearing1_1,2051,2803,751,338.891411741159,484.97706042776844,-611.6636266972671,1289.446450179585,Non-critical,Non-critical
Bearing1_1,2052,2803,750,338.4852845615375,484.97706042776844,-612.0697538768886,1289.0403229999636,Non-critical,Non-critical
Bearing1_1,2053,2803,749,337.6469443267831,484.97706042776844,-612.908094111643,1288.2019827652093,Non-critical,Non-critical
Bearing1_1,2054,2803,748,347.62693539316774,484.97706042776844,-602.9281030452584,1298.181973831594,Non-critical,Non-critical
Bearing1_1,2055,2803,747,339.40980455439103,484.97706042776844,-611.1452338840351,1289.964842992817,Non-critical,Non-critical
Bearing1_1,2056,2803,746,339.23493947531904,484.97706042776844,-611.3200989631071,1289.7899779137451,Non-critical,Non-critical
Bearing1_1,2057,2803,745,337.07832241020435,484.97706042776844,-613.4767160282217,1287.6333608486304,Non-critical,Non-critical
Bearing1_1,2058,2803,744,336.46761891706916,484.97706042776844,-614.0874195213569,1287.0226573554953,Non-critical,Non-critical
Bearing1_1,2059,2803,743,337.94147458527425,484.97706042776844,-612.6135638531518,1288.4965130237003,Non-critical,Non-critical
Bearing1_1,2060,2803,742,336.36409977966366,484.97706042776844,-614.1909386587624,1286.9191382180898,Non-critical,Non-critical
Bearing1_1,2061,2803,741,336.05410365776174,484.97706042776844,-614.5009347806644,1286.609142096188,Non-critical,Non-critical
Bearing1_1,2062,2803,740,335.64797647814027,484.97706042776844,-614.9070619602858,1286.2030149165664,Non-critical,Non-critical
Bearing1_1,2063,2803,739,340.47375573368976,484.97706042776844,-610.0812827047364,1291.0287941721158,Non-critical,Non-critical
Bearing1_1,2064,2803,738,336.05410365776174,484.97706042776844,-614.5009347806644,1286.609142096188,Non-critical,Non-critical
Bearing1_1,2065,2803,737,334.80963624338585,484.97706042776844,-615.7454021950402,1285.364674681812,Non-critical,Non-critical
Bearing1_1,2066,2803,736,335.2666612388343,484.97706042776844,-615.2883771995919,1285.8216996772603,Non-critical,Non-critical
Bearing1_1,2067,2803,735,335.01980597041376,484.97706042776844,-615.5352324680123,1285.57484440884,Non-critical,Non-critical
Bearing1_1,2068,2803,734,334.5333506757476,484.97706042776844,-616.0216877626785,1285.0883891141737,Non-critical,Non-critical
Bearing1_1,2069,2803,733,334.80963624338585,484.97706042776844,-615.7454021950402,1285.364674681812,Non-critical,Non-critical
Bearing1_1,2070,2803,732,334.6559577456991,484.97706042776844,-615.899080692727,1285.2109961841252,Non-critical,Non-critical
Bearing1_1,2071,2803,731,334.6411074145134,484.97706042776844,-615.9139310239127,1285.1961458529395,Non-critical,Non-critical
Bearing1_1,2072,2803,730,335.0136053983306,484.97706042776844,-615.5414330400955,1285.5686438367566,Non-critical,Non-critical
Bearing1_1,2073,2803,729,336.05410365776174,484.97706042776844,-614.5009347806644,1286.609142096188,Non-critical,Non-critical
Bearing1_1,2074,2803,728,333.1672517463083,484.97706042776844,-617.3877866921177,1283.7222901847344,Non-critical,Non-critical
Bearing1_1,2075,2803,727,345.41038387929706,484.97706042776844,-605.1446545591291,1295.965422317723,Non-critical,Non-critical
Bearing1_1,2076,2803,726,344.34265539071345,484.97706042776844,-606.2123830477126,1294.8976938291396,Non-critical,Non-critical
Bearing1_1,2077,2803,725,334.58024798955665,484.97706042776844,-615.9747904488695,1285.1352864279827,Non-critical,Non-critical
Bearing1_1,2078,2803,724,352.5840606714706,484.97706042776844,-597.9709777669555,1303.1390991098967,Non-critical,Non-critical
Bearing1_1,2079,2803,723,335.197152054775,484.97706042776844,-615.357886383651,1285.7521904932012,Non-critical,Non-critical
Bearing1_1,2080,2803,722,335.64797647814027,484.97706042776844,-614.9070619602858,1286.2030149165664,Non-critical,Non-critical
Bearing1_1,2081,2803,721,335.65417705022344,484.97706042776844,-614.9008613882027,1286.2092154886495,Non-critical,Non-critical
Bearing1_1,2082,2803,720,335.836351424325,484.97706042776844,-614.7186870141011,1286.391389862751,Non-critical,Non-critical
Bearing1_1,2083,2803,719,335.64797647814027,484.97706042776844,-614.9070619602858,1286.2030149165664,Non-critical,Non-critical
Bearing1_1,2084,2803,718,335.44340016462655,484.97706042776844,-615.1116382737996,1285.9984386030526,Non-critical,Non-critical
Bearing1_1,2085,2803,717,334.19893275025066,484.97706042776844,-616.3561056881754,1284.7539711886768,Non-critical,Non-critical
Bearing1_1,2086,2803,716,347.7818721951843,484.97706042776844,-602.7731662432418,1298.3369106336104,Non-critical,Non-critical
Bearing1_1,2087,2803,715,335.64797647814027,484.97706042776844,-614.9070619602858,1286.2030149165664,Non-critical,Non-critical
Bearing1_1,2088,2803,714,335.1202281228016,484.97706042776844,-615.4348103156244,1285.6752665612278,Non-critical,Non-critical
Bearing1_1,2089,2803,713,343.2063352032297,484.97706042776844,-607.3487032351964,1293.7613736416558,Non-critical,Non-critical
Bearing1_1,2090,2803,712,294.0810719892933,484.97706042776844,-656.4739664491328,1244.6361104277194,Non-critical,Non-critical
Bearing1_1,2091,2803,711,295.77636382703446,484.97706042776844,-654.7786746113916,1246.3314022654606,Non-critical,Non-critical
Bearing1_1,2092,2803,710,295.31933883158604,484.97706042776844,-655.2356996068401,1245.8743772700122,Non-critical,Non-critical
Bearing1_1,2093,2803,709,294.70863533845085,484.97706042776844,-655.8464030999753,1245.2636737768769,Non-critical,Non-critical
Bearing1_1,2094,2803,708,304.2185940576728,484.97706042776844,-646.3364443807533,1254.7736324960988,Non-critical,Non-critical
Bearing1_1,2095,2803,707,294.0810719892933,484.97706042776844,-656.4739664491328,1244.6361104277194,Non-critical,Non-critical
Bearing1_1,2096,2803,706,304.224794629756,484.97706042776844,-646.33024380867,1254.7798330681821,Non-critical,Non-critical
Bearing1_1,2097,2803,705,294.45618665651614,484.97706042776844,-656.09885178191,1245.0112250949423,Non-critical,Non-critical
Bearing1_1,2098,2803,704,295.77636382703446,484.97706042776844,-654.7786746113916,1246.3314022654606,Non-critical,Non-critical
Bearing1_1,2099,2803,703,294.28504114423805,484.97706042776844,-656.269997294188,1244.8400795826642,Non-critical,Non-critical
Bearing1_1,2100,2803,702,295.77636382703446,484.97706042776844,-654.7786746113916,1246.3314022654606,Non-critical,Non-critical
Bearing1_1,2101,2803,701,294.45618665651614,484.97706042776844,-656.09885178191,1245.0112250949423,Non-critical,Non-critical
Bearing1_1,2102,2803,700,295.77636382703446,484.97706042776844,-654.7786746113916,1246.3314022654606,Non-critical,Non-critical
Bearing1_1,2103,2803,699,293.82181557670646,484.97706042776844,-656.7332228617197,1244.3768540151325,Non-critical,Non-critical
Bearing1_1,2104,2803,698,293.22174859958335,484.97706042776844,-657.3332898388428,1243.7767870380094,Non-critical,Non-critical
Bearing1_1,2105,2803,697,294.0773378890305,484.97706042776844,-656.4777005493956,1244.6323763274565,Non-critical,Non-critical
Bearing1_1,2106,2803,696,295.31933883158604,484.97706042776844,-655.2356996068401,1245.8743772700122,Non-critical,Non-critical
Bearing1_1,2107,2803,695,294.45618665651614,484.97706042776844,-656.09885178191,1245.0112250949423,Non-critical,Non-critical
Bearing1_1,2108,2803,694,294.30250815882937,484.97706042776844,-656.2525302795967,1244.8575465972554,Non-critical,Non-critical
Bearing1_1,2109,2803,693,294.45618665651614,484.97706042776844,-656.09885178191,1245.0112250949423,Non-critical,Non-critical
Bearing1_1,2110,2803,692,294.5932642304422,484.97706042776844,-655.9617742079839,1245.1483026688684,Non-critical,Non-critical
Bearing1_1,2111,2803,691,294.07487141721015,484.97706042776844,-656.480167021216,1244.6299098556362,Non-critical,Non-critical
Bearing1_1,2112,2803,690,295.31933883158604,484.97706042776844,-655.2356996068401,1245.8743772700122,Non-critical,Non-critical
Bearing1_1,2113,2803,689,304.67561905312124,484.97706042776844,-645.8794193853048,1255.2306574915474,Non-critical,Non-critical
Bearing1_1,2114,2803,688,295.31933883158604,484.97706042776844,-655.2356996068401,1245.8743772700122,Non-critical,Non-critical
Bearing1_1,2115,2803,687,291.9793704789492,484.97706042776844,-658.575667959477,1242.5344089173752,Non-critical,Non-critical
Bearing1_1,2116,2803,686,294.4623872285993,484.97706042776844,-656.0926512098267,1245.0174256670255,Non-critical,Non-critical
Bearing1_1,2117,2803,685,295.2270281516829,484.97706042776844,-655.3280102867432,1245.782066590109,Non-critical,Non-critical
Bearing1_1,2118,2803,684,294.4623872285993,484.97706042776844,-656.0926512098267,1245.0174256670255,Non-critical,Non-critical
Bearing1_1,2119,2803,683,294.07487141721015,484.97706042776844,-656.480167021216,1244.6299098556362,Non-critical,Non-critical
Bearing1_1,2120,2803,682,297.6771729599642,484.97706042776844,-652.8778654784619,1248.2322113983903,Non-critical,Non-critical
Bearing1_1,2121,2803,681,290.9190085996292,484.97706042776844,-659.636029838797,1241.4740470380552,Non-critical,Non-critical
Bearing1_1,2122,2803,680,294.1456951379991,484.97706042776844,-656.409343300427,1244.7007335764251,Non-critical,Non-critical
Bearing1_1,2123,2803,679,292.0007851889526,484.97706042776844,-658.5542532494735,1242.5558236273787,Non-critical,Non-critical
Bearing1_1,2124,2803,678,294.0843273202155,484.97706042776844,-656.4707111182106,1244.6393657586416,Non-critical,Non-critical
Bearing1_1,2125,2803,677,304.884391679232,484.97706042776844,-645.6706467591941,1255.439430117658,Non-critical,Non-critical
Bearing1_1,2126,2803,676,293.52423623146683,484.97706042776844,-657.0308022069593,1244.079274669893,Non-critical,Non-critical
Bearing1_1,2127,2803,675,292.7641501496972,484.97706042776844,-657.7908882887289,1243.3191885881233,Non-critical,Non-critical
Bearing1_1,2128,2803,674,294.0843273202155,484.97706042776844,-656.4707111182106,1244.6393657586416,Non-critical,Non-critical
Bearing1_1,2129,2803,673,292.7641501496972,484.97706042776844,-657.7908882887289,1243.3191885881233,Non-critical,Non-critical
Bearing1_1,2130,2803,672,292.7641501496972,484.97706042776844,-657.7908882887289,1243.3191885881233,Non-critical,Non-critical
Bearing1_1,2131,2803,671,292.9012277236232,484.97706042776844,-657.6538107148028,1243.4562661620494,Non-critical,Non-critical
Bearing1_1,2132,2803,670,293.6273023247671,484.97706042776844,-656.927736113659,1244.1823407631932,Non-critical,Non-critical
Bearing1_1,2133,2803,669,293.6273023247671,484.97706042776844,-656.927736113659,1244.1823407631932,Non-critical,Non-critical
Bearing1_1,2134,2803,668,284.0234717816989,484.97706042776844,-666.5315666567271,1234.578510220125,Non-critical,Non-critical
Bearing1_1,2135,2803,667,283.5050789684669,484.97706042776844,-667.0499594699593,1234.060117406893,Non-critical,Non-critical
Bearing1_1,2136,2803,666,286.78479286182585,484.97706042776844,-663.7702455766002,1237.339831300252,Non-critical,Non-critical
Bearing1_1,2137,2803,665,282.0075557135873,484.97706042776844,-668.5474827248388,1232.5625941520134,Non-critical,Non-critical
Bearing1_1,2138,2803,664,284.0234717816989,484.97706042776844,-666.5315666567271,1234.578510220125,Non-critical,Non-critical
Bearing1_1,2139,2803,663,283.5050789684669,484.97706042776844,-667.0499594699593,1234.060117406893,Non-critical,Non-critical
Bearing1_1,2140,2803,662,284.0234717816989,484.97706042776844,-666.5315666567271,1234.578510220125,Non-critical,Non-critical
Bearing1_1,2141,2803,661,291.2931496544592,484.97706042776844,-659.2618887839669,1241.8481880928853,Non-critical,Non-critical
Bearing1_1,2142,2803,660,286.3265877164337,484.97706042776844,-664.2284507219924,1236.8816261548598,Non-critical,Non-critical
Bearing1_1,2143,2803,659,283.5050789684669,484.97706042776844,-667.0499594699593,1234.060117406893,Non-critical,Non-critical
Bearing1_1,2144,2803,658,282.260611554091,484.97706042776844,-668.294426884335,1232.8156499925171,Non-critical,Non-critical
Bearing1_1,2145,2803,657,281.4074887364642,484.97706042776844,-669.1475497019619,1231.9625271748903,Non-critical,Non-critical
Bearing1_1,2146,2803,656,281.8538772159005,484.97706042776844,-668.7011612225256,1232.4089156543266,Non-critical,Non-critical
Bearing1_1,2147,2803,655,282.0312233002618,484.97706042776844,-668.5238151381643,1232.5862617386879,Non-critical,Non-critical
Bearing1_1,2148,2803,654,283.8868762922462,484.97706042776844,-666.6681621461798,1234.4419147306724,Non-critical,Non-critical
Bearing1_1,2149,2803,653,282.8943754753317,484.97706042776844,-667.6606629630944,1233.4494139137578,Non-critical,Non-critical
Bearing1_1,2150,2803,652,282.641926793397,484.97706042776844,-667.9131116450292,1233.196965231823,Non-critical,Non-critical
Bearing1_1,2151,2803,651,283.5050789684669,484.97706042776844,-667.0499594699593,1234.060117406893,Non-critical,Non-critical
Bearing1_1,2152,2803,650,296.0891450460904,484.97706042776844,-654.4658933923357,1246.6441834845164,Non-critical,Non-critical
Bearing1_1,2153,2803,649,282.260611554091,484.97706042776844,-668.294426884335,1232.8156499925171,Non-critical,Non-critical
Bearing1_1,2154,2803,648,283.11342229281996,484.97706042776844,-667.4416161456061,1233.6684607312461,Non-critical,Non-critical
Bearing1_1,2155,2803,647,283.5050789684669,484.97706042776844,-667.0499594699593,1234.060117406893,Non-critical,Non-critical
Bearing1_1,2156,2803,646,282.0312233002618,484.97706042776844,-668.5238151381643,1232.5862617386879,Non-critical,Non-critical
Bearing1_1,2157,2803,645,282.5496161134938,484.97706042776844,-668.0054223249323,1233.1046545519198,Non-critical,Non-critical
Bearing1_1,2158,2803,644,283.160319606629,484.97706042776844,-667.394718831797,1233.7153580450552,Non-critical,Non-critical
Bearing1_1,2159,2803,643,282.641926793397,484.97706042776844,-667.9131116450292,1233.196965231823,Non-critical,Non-critical
Bearing1_1,2160,2803,642,282.260611554091,484.97706042776844,-668.294426884335,1232.8156499925171,Non-critical,Non-critical
Bearing1_1,2161,2803,641,287.1606486748441,484.97706042776844,-663.394389763582,1237.7156871132702,Non-critical,Non-critical
Bearing1_1,2162,2803,640,282.641926793397,484.97706042776844,-667.9131116450292,1233.196965231823,Non-critical,Non-critical
Bearing1_1,2163,2803,639,282.260611554091,484.97706042776844,-668.294426884335,1232.8156499925171,Non-critical,Non-critical
Bearing1_1,2164,2803,638,282.260611554091,484.97706042776844,-668.294426884335,1232.8156499925171,Non-critical,Non-critical
Bearing1_1,2165,2803,637,282.779004367323,484.97706042776844,-667.7760340711031,1233.334042805749,Non-critical,Non-critical
Bearing1_1,2166,2803,636,283.160319606629,484.97706042776844,-667.394718831797,1233.7153580450552,Non-critical,Non-critical
Bearing1_1,2167,2803,635,248.4176780468591,484.97706042776844,-702.137360391567,1198.9727164852852,Non-critical,Non-critical
Bearing1_1,2168,2803,634,247.44226023817868,484.97706042776844,-703.1127782002475,1197.9972986766047,Non-critical,Non-critical
Bearing1_1,2169,2803,633,248.3116129853318,484.97706042776844,-702.2434254530942,1198.866651423758,Non-critical,Non-critical
Bearing1_1,2170,2803,632,247.44226023817868,484.97706042776844,-703.1127782002475,1197.9972986766047,Non-critical,Non-critical
Bearing1_1,2171,2803,631,247.44846081026185,484.97706042776844,-703.1065776281642,1198.003499248688,Non-critical,Non-critical
Bearing1_1,2172,2803,630,248.2023463199484,484.97706042776844,-702.3526921184778,1198.7573847583744,Non-critical,Non-critical
Bearing1_1,2173,2803,629,248.82380522648066,484.97706042776844,-701.7312332119454,1199.3788436649068,Non-critical,Non-critical
Bearing1_1,2174,2803,628,248.30541241324863,484.97706042776844,-702.2496260251775,1198.8604508516746,Non-critical,Non-critical
Bearing1_1,2175,2803,627,246.8315567450435,484.97706042776844,-703.7234816933826,1197.3865951834696,Non-critical,Non-critical
Bearing1_1,2176,2803,626,247.0140476850636,484.97706042776844,-703.5409907533625,1197.5690861234898,Non-critical,Non-critical
Bearing1_1,2177,2803,625,248.12929232304256,484.97706042776844,-702.4257461153835,1198.6843307614686,Non-critical,Non-critical
Bearing1_1,2178,2803,624,248.12929232304256,484.97706042776844,-702.4257461153835,1198.6843307614686,Non-critical,Non-critical
Bearing1_1,2179,2803,623,247.9606530514107,484.97706042776844,-702.5943853870153,1198.5156914898369,Non-critical,Non-critical
Bearing1_1,2180,2803,622,248.83000579856383,484.97706042776844,-701.7250326398623,1199.3850442369899,Non-critical,Non-critical
Bearing1_1,2181,2803,621,248.30541241324863,484.97706042776844,-702.2496260251775,1198.8604508516746,Non-critical,Non-critical
Bearing1_1,2182,2803,620,248.30541241324863,484.97706042776844,-702.2496260251775,1198.8604508516746,Non-critical,Non-critical
Bearing1_1,2183,2803,619,246.96863431896952,484.97706042776844,-703.5864041194566,1197.5236727573956,Non-critical,Non-critical
Bearing1_1,2184,2803,618,247.32628197160122,484.97706042776844,-703.2287564668248,1197.8813204100272,Non-critical,Non-critical
Bearing1_1,2185,2803,617,247.32628197160122,484.97706042776844,-703.2287564668248,1197.8813204100272,Non-critical,Non-critical
Bearing1_1,2186,2803,616,246.4502415057375,484.97706042776844,-704.1047969326886,1197.0052799441637,Non-critical,Non-critical
Bearing1_1,2187,2803,615,247.34994955827554,484.97706042776844,-703.2050888801506,1197.9049879967017,Non-critical,Non-critical
Bearing1_1,2188,2803,614,246.4083830663941,484.97706042776844,-704.146655372032,1196.9634215048202,Non-critical,Non-critical
Bearing1_1,2189,2803,613,247.27153524146405,484.97706042776844,-703.2835031969621,1197.82657367989,Non-critical,Non-critical
Bearing1_1,2190,2803,612,247.27773581354722,484.97706042776844,-703.2773026248789,1197.8327742519732,Non-critical,Non-critical
Bearing1_1,2191,2803,611,246.03326839917125,484.97706042776844,-704.5217700392549,1196.5883068375974,Non-critical,Non-critical
Bearing1_1,2192,2803,610,246.92677587962612,484.97706042776844,-703.6282625588,1197.4818143180523,Non-critical,Non-critical
Bearing1_1,2193,2803,609,246.02706782708808,484.97706042776844,-704.527970611338,1196.582106265514,Non-critical,Non-critical
Bearing1_1,2194,2803,608,246.92677587962612,484.97706042776844,-703.6282625588,1197.4818143180523,Non-critical,Non-critical
Bearing1_1,2195,2803,607,246.3676863246682,484.97706042776844,-704.1873521137579,1196.9227247630943,Non-critical,Non-critical
Bearing1_1,2196,2803,606,246.5454606403201,484.97706042776844,-704.009577798106,1197.1004990787462,Non-critical,Non-critical
Bearing1_1,2197,2803,605,246.92677587962612,484.97706042776844,-703.6282625588,1197.4818143180523,Non-critical,Non-critical
Bearing1_1,2198,2803,604,246.4083830663941,484.97706042776844,-704.146655372032,1196.9634215048202,Non-critical,Non-critical
Bearing1_1,2199,2803,603,246.02706782708808,484.97706042776844,-704.527970611338,1196.582106265514,Non-critical,Non-critical
Bearing1_1,2200,2803,602,247.78992805469608,484.97706042776844,-702.76511038373,1198.3449664931222,Non-critical,Non-critical
Bearing1_1,2201,2803,601,246.31607238649096,484.97706042776844,-704.2389660519351,1196.871110824917,Non-critical,Non-critical
Bearing1_1,2202,2803,600,247.78992805469608,484.97706042776844,-702.76511038373,1198.3449664931222,Non-critical,Non-critical
Bearing1_1,2203,2803,599,246.4083830663941,484.97706042776844,-704.146655372032,1196.9634215048202,Non-critical,Non-critical
Bearing1_1,2204,2803,598,249.41619279285126,484.97706042776844,-701.1388456455749,1199.9712312312774,Non-critical,Non-critical
Bearing1_1,2205,2803,597,240.65518016793513,484.97706042776844,-709.899858270491,1191.2102186063612,Non-critical,Non-critical
Bearing1_1,2206,2803,596,238.57783860875531,484.97706042776844,-711.9771998296708,1189.1328770471814,Non-critical,Non-critical
Bearing1_1,2207,2803,595,239.12232702974262,484.97706042776844,-711.4327114086834,1189.6773654681688,Non-critical,Non-critical
Bearing1_1,2208,2803,594,240.19815517248674,484.97706042776844,-710.3568832659394,1190.7531936109128,Non-critical,Non-critical
Bearing1_1,2209,2803,593,238.95368775811076,484.97706042776844,-711.6013506803154,1189.5087261965368,Non-critical,Non-critical
Bearing1_1,2210,2803,592,239.18132449973,484.97706042776844,-711.373713938696,1189.7363629381562,Non-critical,Non-critical
Bearing1_1,2211,2803,591,250.48318596852167,484.97706042776844,-700.0718524699045,1201.0382244069478,Non-critical,Non-critical
Bearing1_1,2212,2803,590,239.06905886611955,484.97706042776844,-711.4859795723065,1189.6240973045456,Non-critical,Non-critical
Bearing1_1,2213,2803,589,241.15077672588853,484.97706042776844,-709.4042617125376,1191.7058151643146,Non-critical,Non-critical
Bearing1_1,2214,2803,588,239.6797623592547,484.97706042776844,-710.8752760791714,1190.2348007976807,Non-critical,Non-critical
Bearing1_1,2215,2803,587,237.82459145174357,484.97706042776844,-712.7304469866825,1188.3796298901698,Non-critical,Non-critical
Bearing1_1,2216,2803,586,239.6797623592547,484.97706042776844,-710.8752760791714,1190.2348007976807,Non-critical,Non-critical
Bearing1_1,2217,2803,585,239.33500299741678,484.97706042776844,-711.2200354410093,1189.890041435843,Non-critical,Non-critical
Bearing1_1,2218,2803,584,238.84542262651806,484.97706042776844,-711.7096158119081,1189.4004610649442,Non-critical,Non-critical
Bearing1_1,2219,2803,583,240.19815517248674,484.97706042776844,-710.3568832659394,1190.7531936109128,Non-critical,Non-critical
Bearing1_1,2220,2803,582,239.6797623592547,484.97706042776844,-710.8752760791714,1190.2348007976807,Non-critical,Non-critical
Bearing1_1,2221,2803,581,238.81661018418475,484.97706042776844,-711.7384282542414,1189.3716486226108,Non-critical,Non-critical
Bearing1_1,2222,2803,580,240.19815517248674,484.97706042776844,-710.3568832659394,1190.7531936109128,Non-critical,Non-critical
Bearing1_1,2223,2803,579,238.81661018418475,484.97706042776844,-711.7384282542414,1189.3716486226108,Non-critical,Non-critical
Bearing1_1,2224,2803,578,239.2881056836077,484.97706042776844,-711.2669327548184,1189.843144122034,Non-critical,Non-critical
Bearing1_1,2225,2803,577,241.21371641750676,484.97706042776844,-709.3413220209193,1191.768754855933,Non-critical,Non-critical
Bearing1_1,2226,2803,576,242.55393211227582,484.97706042776844,-708.0011063261503,1193.108970550702,Non-critical,Non-critical
Bearing1_1,2227,2803,575,238.2059066910496,484.97706042776844,-712.3491317473765,1188.7609451294757,Non-critical,Non-critical
Bearing1_1,2228,2803,574,240.19815517248674,484.97706042776844,-710.3568832659394,1190.7531936109128,Non-critical,Non-critical
Bearing1_1,2229,2803,573,238.72429950428162,484.97706042776844,-711.8307389341445,1189.2793379427078,Non-critical,Non-critical
Bearing1_1,2230,2803,572,245.1864553170605,484.97706042776844,-705.3685831213656,1195.7414937554865,Non-critical,Non-critical
Bearing1_1,2231,2803,571,238.95368775811076,484.97706042776844,-711.6013506803154,1189.5087261965368,Non-critical,Non-critical
Bearing1_1,2232,2803,570,241.0666875439602,484.97706042776844,-709.4883508944658,1191.6217259823864,Non-critical,Non-critical
Bearing1_1,2233,2803,569,240.79312907325695,484.97706042776844,-709.7619093651691,1191.348167511683,Non-critical,Non-critical
Bearing1_1,2234,2803,568,240.19815517248674,484.97706042776844,-710.3568832659394,1190.7531936109128,Non-critical,Non-critical
Bearing1_1,2235,2803,567,249.27241549826334,484.97706042776844,-701.2826229401628,1199.8274539366894,Non-critical,Non-critical
Bearing1_1,2236,2803,566,238.81661018418475,484.97706042776844,-711.7384282542414,1189.3716486226108,Non-critical,Non-critical
Bearing1_1,2237,2803,565,220.8299614449623,484.97706042776844,-729.7250769934637,1171.3849998833884,Non-critical,Non-critical
Bearing1_1,2238,2803,564,212.33278309262695,484.97706042776844,-738.2222553457991,1162.887821531053,Non-critical,Non-critical
Bearing1_1,2239,2803,563,211.56194159746013,484.97706042776844,-738.993096840966,1162.1169800358862,Non-critical,Non-critical
Bearing1_1,2240,2803,562,213.11212585739398,484.97706042776844,-737.4429125810321,1163.6671642958202,Non-critical,Non-critical
Bearing1_1,2241,2803,561,212.94348658576212,484.97706042776844,-737.611551852664,1163.4985250241882,Non-critical,Non-critical
Bearing1_1,2242,2803,560,215.9120242072755,484.97706042776844,-734.6430142311506,1166.4670626457016,Non-critical,Non-critical
Bearing1_1,2243,2803,559,212.94348658576212,484.97706042776844,-737.611551852664,1163.4985250241882,Non-critical,Non-critical
Bearing1_1,2244,2803,558,211.18062635815411,484.97706042776844,-739.374412080272,1161.7356647965803,Non-critical,Non-critical
Bearing1_1,2245,2803,557,212.4250937725301,484.97706042776844,-738.129944665896,1162.980132210956,Non-critical,Non-critical
Bearing1_1,2246,2803,556,236.05503360210153,484.97706042776844,-714.5000048363246,1186.6100720405277,Non-critical,Non-critical
Bearing1_1,2247,2803,555,213.05075803961034,484.97706042776844,-737.5042803988158,1163.6057964780364,Non-critical,Non-critical
Bearing1_1,2248,2803,554,211.18062635815411,484.97706042776844,-739.374412080272,1161.7356647965803,Non-critical,Non-critical
Bearing1_1,2249,2803,553,212.53735940614055,484.97706042776844,-738.0176790322855,1163.0923978445667,Non-critical,Non-critical
Bearing1_1,2250,2803,552,213.4005115812105,484.97706042776844,-737.1545268572156,1163.9555500196366,Non-critical,Non-critical
Bearing1_1,2251,2803,551,212.4250937725301,484.97706042776844,-738.129944665896,1162.980132210956,Non-critical,Non-critical
Bearing1_1,2252,2803,550,212.72573435232528,484.97706042776844,-737.8293040861008,1163.2807727907514,Non-critical,Non-critical
Bearing1_1,2253,2803,549,211.18062635815411,484.97706042776844,-739.374412080272,1161.7356647965803,Non-critical,Non-critical
Bearing1_1,2254,2803,548,214.5304792189735,484.97706042776844,-736.0245592194526,1165.0855176573996,Non-critical,Non-critical
Bearing1_1,2255,2803,547,211.56194159746013,484.97706042776844,-738.993096840966,1162.1169800358862,Non-critical,Non-critical
Bearing1_1,2256,2803,546,212.53735940614055,484.97706042776844,-738.0176790322855,1163.0923978445667,Non-critical,Non-critical
Bearing1_1,2257,2803,545,211.9266559130054,484.97706042776844,-738.6283825254206,1162.4816943514315,Non-critical,Non-critical
Bearing1_1,2258,2803,544,217.41385610162382,484.97706042776844,-733.1411823368023,1167.9688945400499,Non-critical,Non-critical
Bearing1_1,2259,2803,543,200.56773327525048,484.97706042776844,-749.9873051631756,1151.1227717136767,Non-critical,Non-critical
Bearing1_1,2260,2803,542,200.70481084917648,484.97706042776844,-749.8502275892496,1151.2598492876025,Non-critical,Non-critical
Bearing1_1,2261,2803,541,201.5431510839309,484.97706042776844,-749.0118873544952,1152.098189522357,Non-critical,Non-critical
Bearing1_1,2262,2803,540,204.4603055748629,484.97706042776844,-746.0947328635632,1155.015344013289,Non-critical,Non-critical
Bearing1_1,2263,2803,539,203.24274315359736,484.97706042776844,-747.3122952848287,1153.7977815920235,Non-critical,Non-critical
Bearing1_1,2264,2803,538,201.7955997658657,484.97706042776844,-748.7594386725605,1152.3506382042917,Non-critical,Non-critical
Bearing1_1,2265,2803,537,201.94927826355246,484.97706042776844,-748.6057601748737,1152.5043167019785,Non-critical,Non-critical
Bearing1_1,2266,2803,536,203.85344664673252,484.97706042776844,-746.7015917916935,1154.4084850851586,Non-critical,Non-critical
Bearing1_1,2267,2803,535,199.9570297821153,484.97706042776844,-750.5980086563108,1150.5120682205413,Non-critical,Wear detectable
Bearing1_1,2268,2803,534,201.43088545032043,484.97706042776844,-749.1241529881056,1151.9859238887466,Non-critical,Non-critical
Bearing1_1,2269,2803,533,199.32265870230577,484.97706042776844,-751.2323797361203,1149.877697140732,Non-critical,Wear detectable
Bearing1_1,2270,2803,532,201.0861260884825,484.97706042776844,-749.4689123499436,1151.6411645269086,Non-critical,Non-critical
Bearing1_1,2271,2803,531,203.43471470024426,484.97706042776844,-747.1203237381818,1153.9897531386703,Non-critical,Non-critical
Bearing1_1,2272,2803,530,200.56773327525048,484.97706042776844,-749.9873051631756,1151.1227717136767,Non-critical,Non-critical
Bearing1_1,2273,2803,529,203.5794633112015,484.97706042776844,-746.9755751272246,1154.1345017496276,Non-critical,Non-critical
Bearing1_1,2274,2803,528,201.94927826355246,484.97706042776844,-748.6057601748737,1152.5043167019785,Non-critical,Non-critical
Bearing1_1,2275,2803,527,201.88791044576882,484.97706042776844,-748.6671279926572,1152.442948884195,Non-critical,Non-critical
Bearing1_1,2276,2803,526,200.18641803594446,484.97706042776844,-750.3686204024816,1150.7414564743706,Non-critical,Non-critical
Bearing1_1,2277,2803,525,202.40630325900085,484.97706042776844,-748.1487351794252,1152.9613416974269,Non-critical,Non-critical
Bearing1_1,2278,2803,524,200.1395207221354,484.97706042776844,-750.4155177162907,1150.6945591605615,Non-critical,Non-critical
Bearing1_1,2279,2803,523,226.7623894090841,484.97706042776844,-723.792649029342,1177.3174278475103,Non-critical,Non-critical
Bearing1_1,2280,2803,522,204.05466370999588,484.97706042776844,-746.5003747284302,1154.609702148422,Non-critical,Non-critical
Bearing1_1,2281,2803,521,201.43088545032043,484.97706042776844,-749.1241529881056,1151.9859238887466,Non-critical,Non-critical
Bearing1_1,2282,2803,520,204.3994230718338,484.97706042776844,-746.1556153665923,1154.95446151026,Non-critical,Non-critical
Bearing1_1,2283,2803,519,200.70481084917648,484.97706042776844,-749.8502275892496,1151.2598492876025,Non-critical,Non-critical
Bearing1_1,2284,2803,518,205.12174694544038,484.97706042776844,-745.4332914929857,1155.6767853838664,Non-critical,Non-critical
Bearing1_1,2285,2803,517,200.57393384733365,484.97706042776844,-749.9811045910924,1151.1289722857598,Non-critical,Non-critical
Bearing1_1,2286,2803,516,184.16319984862912,484.97706042776844,-766.391838589797,1134.718238287055,Non-critical,Wear detectable
Bearing1_1,2287,2803,515,184.09706741200077,484.97706042776844,-766.4579710264253,1134.6521058504268,Non-critical,Wear detectable
Bearing1_1,2288,2803,514,185.34153482637674,484.97706042776844,-765.2135036120494,1135.8965732648028,Non-critical,Wear detectable
Bearing1_1,2289,2803,513,184.93540764675518,484.97706042776844,-765.6196307916709,1135.4904460851812,Non-critical,Wear detectable
Bearing1_1,2290,2803,512,184.6154602252328,484.97706042776844,-765.9395782131933,1135.170498663659,Non-critical,Wear detectable
Bearing1_1,2291,2803,511,184.81942938017767,484.97706042776844,-765.7356090582484,1135.3744678186038,Non-critical,Wear detectable
Bearing1_1,2292,2803,510,184.38607197140365,484.97706042776844,-766.1689664670224,1134.9411104098297,Non-critical,Wear detectable
Bearing1_1,2293,2803,509,184.4783826513068,484.97706042776844,-766.0766557871193,1135.0334210897329,Non-critical,Wear detectable
Bearing1_1,2294,2803,508,184.73083133324158,484.97706042776844,-765.8242071051845,1135.2858697716676,Non-critical,Wear detectable
Bearing1_1,2295,2803,507,184.38607197140365,484.97706042776844,-766.1689664670224,1134.9411104098297,Non-critical,Wear detectable
Bearing1_1,2296,2803,506,186.31695263505716,484.97706042776844,-764.2380858033689,1136.8719910734833,Non-critical,Wear detectable
Bearing1_1,2297,2803,505,184.9967754645388,484.97706042776844,-765.5582629738873,1135.551813902965,Non-critical,Wear detectable
Bearing1_1,2298,2803,504,194.36622532282044,484.97706042776844,-756.1888131156056,1144.9212637612466,Non-critical,Wear detectable
Bearing1_1,2299,2803,503,184.9967754645388,484.97706042776844,-765.5582629738873,1135.551813902965,Non-critical,Wear detectable
Bearing1_1,2300,2803,502,185.85992763960877,484.97706042776844,-764.6951107988173,1136.414966078035,Non-critical,Wear detectable
Bearing1_1,2301,2803,501,184.62166079731597,484.97706042776844,-765.9333776411102,1135.176699235742,Non-critical,Wear detectable
Bearing1_1,2302,2803,500,180.1564395443936,484.97706042776844,-770.3985988940325,1130.7114779828198,Non-critical,Wear detectable
Bearing1_1,2303,2803,499,184.1858598292683,484.97706042776844,-766.3691786091578,1134.7408982676943,Non-critical,Wear detectable
Bearing1_1,2304,2803,498,180.16264011647678,484.97706042776844,-770.3923983219493,1130.717678554903,Non-critical,Wear detectable
Bearing1_1,2305,2803,497,179.7751243050876,484.97706042776844,-770.7799141333385,1130.3301627435137,Non-critical,Wear detectable
Bearing1_1,2306,2803,496,180.50119890623154,484.97706042776844,-770.0538395321946,1131.0562373446576,Non-critical,Wear detectable
Bearing1_1,2307,2803,495,180.95822390167993,484.97706042776844,-769.5968145367461,1131.513262340106,Non-critical,Wear detectable
Bearing1_1,2308,2803,494,182.77522362430682,484.97706042776844,-767.7798148141193,1133.3302620627328,Non-critical,Wear detectable
Bearing1_1,2309,2803,493,180.00276104670684,484.97706042776844,-770.5522773917193,1130.5577994851328,Non-critical,Wear detectable
Bearing1_1,2310,2803,492,178.91136497144896,484.97706042776844,-771.6436734669771,1129.466403409875,Non-critical,Wear detectable
Bearing1_1,2311,2803,491,188.28926959222386,484.97706042776844,-762.2657688462023,1138.84430803065,Non-critical,Wear detectable
Bearing1_1,2312,2803,490,194.6048820905612,484.97706042776844,-755.9501563478649,1145.1599205289872,Non-critical,Wear detectable
Bearing1_1,2313,2803,489,181.17200078941363,484.97706042776844,-769.3830376490125,1131.7270392278397,Non-critical,Wear detectable
Bearing1_1,2314,2803,488,179.5282690366673,484.97706042776844,-771.0267694017588,1130.0833074750933,Non-critical,Wear detectable
Bearing1_1,2315,2803,487,178.6460279987204,484.97706042776844,-771.9090104397058,1129.2010664371464,Non-critical,Wear detectable
Bearing1_1,2316,2803,486,179.63804673116158,484.97706042776844,-770.9169917072645,1130.1930851695877,Non-critical,Wear detectable
Bearing1_1,2317,2803,485,181.01959171946356,484.97706042776844,-769.5354467189625,1131.5746301578897,Non-critical,Wear detectable
Bearing1_1,2318,2803,484,179.97722318341297,484.97706042776844,-770.5778152550131,1130.532261621839,Non-critical,Wear detectable
Bearing1_1,2319,2803,483,180.37714979095136,484.97706042776844,-770.1778886474747,1130.9321882293775,Non-critical,Wear detectable
Bearing1_1,2320,2803,482,178.99560480264938,484.97706042776844,-771.5594336357767,1129.5506432410755,Non-critical,Wear detectable
Bearing1_1,2321,2803,481,179.85875697771934,484.97706042776844,-770.6962814607068,1130.4137954161454,Non-critical,Wear detectable
Bearing1_1,2322,2803,480,178.38490130951422,484.97706042776844,-772.1701371289118,1128.9399397479403,Non-critical,Wear detectable
Bearing1_1,2323,2803,479,182.56428745910864,484.97706042776844,-767.9907509793175,1133.1193258975347,Non-critical,Wear detectable
Bearing1_1,2324,2803,478,178.26892304293676,484.97706042776844,-772.2861153954893,1128.8239614813629,Non-critical,Wear detectable
Bearing1_1,2325,2803,477,181.6413496794359,484.97706042776844,-768.9136887589902,1132.196388117862,Non-critical,Wear detectable
Bearing1_1,2326,2803,476,178.61428956334336,484.97706042776844,-771.9407488750827,1129.1693280017694,Non-critical,Wear detectable
Bearing1_1,2327,2803,475,179.5139976158814,484.97706042776844,-771.0410408225447,1130.0690360543076,Non-critical,Wear detectable
Bearing1_1,2328,2803,474,180.37714979095136,484.97706042776844,-770.1778886474747,1130.9321882293775,Non-critical,Wear detectable
Bearing1_1,2329,2803,473,178.5673922495343,484.97706042776844,-771.9876461888919,1129.1224306879603,Non-critical,Wear detectable
Bearing1_1,2330,2803,472,178.60354211259747,484.97706042776844,-771.9514963258287,1129.1585805510235,Non-critical,Wear detectable
Bearing1_1,2331,2803,471,178.28359469107508,484.97706042776844,-772.271443747351,1128.8386331295012,Non-critical,Wear detectable
Bearing1_1,2332,2803,470,178.6649099303811,484.97706042776844,-771.890128508045,1129.2199483688073,Non-critical,Wear detectable
Bearing1_1,2333,2803,469,179.431196584234,484.97706042776844,-771.123841854192,1129.9862350226601,Non-critical,Wear detectable
Bearing1_1,2334,2803,468,178.03053885057162,484.97706042776844,-772.5244995878545,1128.5855772889977,Non-critical,Wear detectable
Bearing1_1,2335,2803,467,178.6649099303811,484.97706042776844,-771.890128508045,1129.2199483688073,Non-critical,Wear detectable
Bearing1_1,2336,2803,466,177.67289119793992,484.97706042776844,-772.8821472404861,1128.227929636366,Non-critical,Wear detectable
Bearing1_1,2337,2803,465,178.6649099303811,484.97706042776844,-771.890128508045,1129.2199483688073,Non-critical,Wear detectable
Bearing1_1,2338,2803,464,178.6649099303811,484.97706042776844,-771.890128508045,1129.2199483688073,Non-critical,Wear detectable
Bearing1_1,2339,2803,463,188.4273173315379,484.97706042776844,-762.1277211068882,1138.982355769964,Non-critical,Wear detectable
Bearing1_1,2340,2803,462,179.52806210545106,484.97706042776844,-771.026976332975,1130.0831005438772,Non-critical,Wear detectable
Bearing1_1,2341,2803,461,179.52806210545106,484.97706042776844,-771.026976332975,1130.0831005438772,Non-critical,Wear detectable
Bearing1_1,2342,2803,460,180.832163511508,484.97706042776844,-769.722874926918,1131.387201949934,Non-critical,Wear detectable
Bearing1_1,2343,2803,459,178.28359469107508,484.97706042776844,-772.271443747351,1128.8386331295012,Non-critical,Wear detectable
Bearing1_1,2344,2803,458,179.4249960121508,484.97706042776844,-771.1300424262753,1129.980034450577,Non-critical,Wear detectable
Bearing1_1,2345,2803,457,178.1299161933883,484.97706042776844,-772.4251222450378,1128.6849546318144,Non-critical,Wear detectable
Bearing1_1,2346,2803,456,178.6649099303811,484.97706042776844,-771.890128508045,1129.2199483688073,Non-critical,Wear detectable
Bearing1_1,2347,2803,455,178.28359469107508,484.97706042776844,-772.271443747351,1128.8386331295012,Non-critical,Wear detectable
Bearing1_1,2348,2803,454,178.6649099303811,484.97706042776844,-771.890128508045,1129.2199483688073,Non-critical,Wear detectable
Bearing1_1,2349,2803,453,178.22222687329145,484.97706042776844,-772.3328115651346,1128.7772653117177,Non-critical,Wear detectable
Bearing1_1,2350,2803,452,178.83354920201296,484.97706042776844,-771.7214892364132,1129.388587640439,Non-critical,Wear detectable
Bearing1_1,2351,2803,451,178.83354920201296,484.97706042776844,-771.7214892364132,1129.388587640439,Non-critical,Wear detectable
Bearing1_1,2352,2803,450,171.56129354185202,484.97706042776844,-778.9937448965741,1122.1163319802781,Non-critical,Wear detectable
Bearing1_1,2353,2803,449,172.47808460262402,484.97706042776844,-778.0769538358021,1123.0331230410502,Non-critical,Wear detectable
Bearing1_1,2354,2803,448,174.0761654181673,484.97706042776844,-776.4788730202588,1124.6312038565934,Non-critical,Wear detectable
Bearing1_1,2355,2803,447,170.85181986446884,484.97706042776844,-779.7032185739572,1121.406858302895,Non-critical,Wear detectable
Bearing1_1,2356,2803,446,170.85181986446884,484.97706042776844,-779.7032185739572,1121.406858302895,Non-critical,Wear detectable
Bearing1_1,2357,2803,445,158.56057766824551,484.97706042776844,-791.9944607701806,1109.1156161066715,Non-critical,Wear detectable
Bearing1_1,2358,2803,444,159.02380323577708,484.97706042776844,-791.531235202649,1109.5788416742032,Non-critical,Wear detectable
Bearing1_1,2359,2803,443,158.1792624289395,484.97706042776844,-792.3757760094866,1108.7343008673656,Non-critical,Wear detectable
Bearing1_1,2360,2803,442,158.56057766824551,484.97706042776844,-791.9944607701806,1109.1156161066715,Non-critical,Wear detectable
Bearing1_1,2361,2803,441,158.1385656872136,484.97706042776844,-792.4164727512125,1108.6936041256397,Non-critical,Wear detectable
Bearing1_1,2362,2803,440,158.1792624289395,484.97706042776844,-792.3757760094866,1108.7343008673656,Non-critical,Wear detectable
Bearing1_1,2363,2803,439,159.02380323577708,484.97706042776844,-791.531235202649,1109.5788416742032,Non-critical,Wear detectable
Bearing1_1,2364,2803,438,158.40689917055875,484.97706042776844,-792.1481392678674,1108.961937608985,Non-critical,Wear detectable
Bearing1_1,2365,2803,437,161.78492322194398,484.97706042776844,-788.770115216482,1112.3399616603701,Non-critical,Wear detectable
Bearing1_1,2366,2803,436,159.0176026636939,484.97706042776844,-791.5374357747322,1109.57264110212,Non-critical,Wear detectable
Bearing1_1,2367,2803,435,161.5291152897589,484.97706042776844,-789.0259231486672,1112.084153728185,Non-critical,Wear detectable
Bearing1_1,2368,2803,434,159.0176026636939,484.97706042776844,-791.5374357747322,1109.57264110212,Non-critical,Wear detectable
Bearing1_1,2369,2803,433,159.42372984331547,484.97706042776844,-791.1313085951106,1109.9787682817416,Non-critical,Wear detectable
Bearing1_1,2370,2803,432,159.0176026636939,484.97706042776844,-791.5374357747322,1109.57264110212,Non-critical,Wear detectable
Bearing1_1,2371,2803,431,158.56057766824551,484.97706042776844,-791.9944607701806,1109.1156161066715,Non-critical,Wear detectable
Bearing1_1,2372,2803,430,158.0421848550135,484.97706042776844,-792.5128535834126,1108.5972232934396,Non-critical,Wear detectable
Bearing1_1,2373,2803,429,158.56057766824551,484.97706042776844,-791.9944607701806,1109.1156161066715,Non-critical,Wear detectable
Bearing1_1,2374,2803,428,159.42372984331547,484.97706042776844,-791.1313085951106,1109.9787682817416,Non-critical,Wear detectable
Bearing1_1,2375,2803,427,158.1792624289395,484.97706042776844,-792.3757760094866,1108.7343008673656,Non-critical,Wear detectable
Bearing1_1,2376,2803,426,156.31123092012467,484.97706042776844,-794.2438075183014,1106.8662693585507,Non-critical,Wear detectable
Bearing1_1,2377,2803,425,157.43960391553009,484.97706042776844,-793.1154345228961,1107.9946423539561,Non-critical,Wear detectable
Bearing1_1,2378,2803,424,157.08864398160898,484.97706042776844,-793.4663944568172,1107.643682420035,Non-critical,Wear detectable
Bearing1_1,2379,2803,423,151.88653272374688,484.97706042776844,-798.6685057146792,1102.441571162173,Non-critical,Wear detectable
Bearing1_1,2380,2803,422,152.49723621688204,484.97706042776844,-798.0578022215441,1103.052274655308,Non-critical,Wear detectable
Bearing1_1,2381,2803,421,153.33557645163646,484.97706042776844,-797.2194619867896,1103.8906148900626,Non-critical,Wear detectable
Bearing1_1,2382,2803,420,155.3679683694132,484.97706042776844,-795.1870700690129,1105.9230068078393,Non-critical,Wear detectable
Bearing1_1,2383,2803,419,153.8941127012081,484.97706042776844,-796.660925737218,1104.449151139634,Non-critical,Wear detectable
Bearing1_1,2384,2803,418,165.5217037773933,484.97706042776844,-785.0333346610328,1116.0767422158194,Non-critical,Wear detectable
Bearing1_1,2385,2803,417,152.87855145618806,484.97706042776844,-797.676486982238,1103.4335898946142,Non-critical,Wear detectable
Bearing1_1,2386,2803,416,153.34177702371963,484.97706042776844,-797.2132614147065,1103.8968154621457,Non-critical,Wear detectable
Bearing1_1,2387,2803,415,152.87855145618806,484.97706042776844,-797.676486982238,1103.4335898946142,Non-critical,Wear detectable
Bearing1_1,2388,2803,414,152.87855145618806,484.97706042776844,-797.676486982238,1103.4335898946142,Non-critical,Wear detectable
Bearing1_1,2389,2803,413,152.446005020455,484.97706042776844,-798.1090334179711,1103.0010434588812,Non-critical,Wear detectable
Bearing1_1,2390,2803,412,153.891200808964,484.97706042776844,-796.6638376294621,1104.4462392473902,Non-critical,Wear detectable
Bearing1_1,2391,2803,411,150.9226631874506,484.97706042776844,-799.6323752509754,1101.4777016258768,Non-critical,Wear detectable
Bearing1_1,2392,2803,410,148.7843646766742,484.97706042776844,-801.7706737617519,1099.3394031151004,Non-critical,Wear detectable
Bearing1_1,2393,2803,409,149.34817085600028,484.97706042776844,-801.2068675824258,1099.9032092944265,Non-critical,Wear detectable
Bearing1_1,2394,2803,408,149.34817085600028,484.97706042776844,-801.2068675824258,1099.9032092944265,Non-critical,Wear detectable
Bearing1_1,2395,2803,407,149.1656799159802,484.97706042776844,-801.389358522446,1099.7207183544062,Non-critical,Wear detectable
Bearing1_1,2396,2803,406,150.63953558418532,484.97706042776844,-799.9155028542408,1101.1945740226115,Non-critical,Wear detectable
Bearing1_1,2397,2803,405,149.77638340911537,484.97706042776844,-800.7786550293107,1100.3314218475414,Non-critical,Wear detectable
Bearing1_1,2398,2803,404,151.80877532689212,484.97706042776844,-798.746263111534,1102.3638137653181,Non-critical,Wear detectable
Bearing1_1,2399,2803,403,151.35565888570872,484.97706042776844,-799.1993795527173,1101.9106973241348,Non-critical,Wear detectable
Bearing1_1,2400,2803,402,149.77638340911537,484.97706042776844,-800.7786550293107,1100.3314218475414,Non-critical,Wear detectable
Bearing1_1,2401,2803,401,151.7695812797711,484.97706042776844,-798.7854571586549,1102.3246197181973,Non-critical,Wear detectable
Bearing1_1,2402,2803,400,149.39506816980935,484.97706042776844,-801.1599702686167,1099.9501066082355,Non-critical,Wear detectable
Bearing1_1,2403,2803,399,149.25799059588334,484.97706042776844,-801.2970478425427,1099.8130290343095,Non-critical,Wear detectable
Bearing1_1,2404,2803,398,150.63953558418532,484.97706042776844,-799.9155028542408,1101.1945740226115,Non-critical,Wear detectable
Bearing1_1,2405,2803,397,149.39506816980935,484.97706042776844,-801.1599702686167,1099.9501066082355,Non-critical,Wear detectable
Bearing1_1,2406,2803,396,149.40126874189252,484.97706042776844,-801.1537696965336,1099.9563071803186,Non-critical,Wear detectable
Bearing1_1,2407,2803,395,148.87667535657732,484.97706042776844,-801.6783630818488,1099.4317137950034,Non-critical,Wear detectable
Bearing1_1,2408,2803,394,149.25799059588334,484.97706042776844,-801.2970478425427,1099.8130290343095,Non-critical,Wear detectable
Bearing1_1,2409,2803,393,149.77638340911537,484.97706042776844,-800.7786550293107,1100.3314218475414,Non-critical,Wear detectable
Bearing1_1,2410,2803,392,149.1656799159802,484.97706042776844,-801.389358522446,1099.7207183544062,Non-critical,Wear detectable
Bearing1_1,2411,2803,391,149.39506816980935,484.97706042776844,-801.1599702686167,1099.9501066082355,Non-critical,Wear detectable
Bearing1_1,2412,2803,390,150.02883209105016,484.97706042776844,-800.5262063473759,1100.5838705294764,Non-critical,Wear detectable
Bearing1_1,2413,2803,389,149.77638340911537,484.97706042776844,-800.7786550293107,1100.3314218475414,Non-critical,Wear detectable
Bearing1_1,2414,2803,388,151.24404756774015,484.97706042776844,-799.3109908706859,1101.7990860061664,Non-critical,Wear detectable
Bearing1_1,2415,2803,387,149.34817085600028,484.97706042776844,-801.2068675824258,1099.9032092944265,Non-critical,Wear detectable
Bearing1_1,2416,2803,386,149.39506816980935,484.97706042776844,-801.1599702686167,1099.9501066082355,Non-critical,Wear detectable
Bearing1_1,2417,2803,385,149.1656799159802,484.97706042776844,-801.389358522446,1099.7207183544062,Non-critical,Wear detectable
Bearing1_1,2418,2803,384,149.94502268074723,484.97706042776844,-800.6100157576789,1100.5000611191733,Non-critical,Wear detectable
Bearing1_1,2419,2803,383,149.77638340911537,484.97706042776844,-800.7786550293107,1100.3314218475414,Non-critical,Wear detectable
Bearing1_1,2420,2803,382,147.74557326006826,484.97706042776844,-802.8094651783579,1098.3006116984943,Non-critical,Wear detectable
Bearing1_1,2421,2803,381,153.1510482102503,484.97706042776844,-797.4039902281758,1103.7060866486763,Non-critical,Wear detectable
Bearing1_1,2422,2803,380,149.1656799159802,484.97706042776844,-801.389358522446,1099.7207183544062,Non-critical,Wear detectable
Bearing1_1,2423,2803,379,149.39506816980935,484.97706042776844,-801.1599702686167,1099.9501066082355,Non-critical,Wear detectable
Bearing1_1,2424,2803,378,149.78258398119854,484.97706042776844,-800.7724544572276,1100.3376224196247,Non-critical,Wear detectable
Bearing1_1,2425,2803,377,150.94562315182216,484.97706042776844,-799.609415286604,1101.5006615902482,Non-critical,Wear detectable
Bearing1_1,2426,2803,376,150.63953558418532,484.97706042776844,-799.9155028542408,1101.1945740226115,Non-critical,Wear detectable
Bearing1_1,2427,2803,375,149.39506816980935,484.97706042776844,-801.1599702686167,1099.9501066082355,Non-critical,Wear detectable
Bearing1_1,2428,2803,374,153.00401933670375,484.97706042776844,-797.5510191017223,1103.5590577751298,Non-critical,Wear detectable
Bearing1_1,2429,2803,373,149.25799059588334,484.97706042776844,-801.2970478425427,1099.8130290343095,Non-critical,Wear detectable
Bearing1_1,2430,2803,372,150.49250671063876,484.97706042776844,-800.0625317277874,1101.047545149065,Non-critical,Wear detectable
Bearing1_1,2431,2803,371,149.77638340911537,484.97706042776844,-800.7786550293107,1100.3314218475414,Non-critical,Wear detectable
Bearing1_1,2432,2803,370,149.94502268074723,484.97706042776844,-800.6100157576789,1100.5000611191733,Non-critical,Wear detectable
Bearing1_1,2433,2803,369,152.79197407210228,484.97706042776844,-797.7630643663238,1103.3470125105284,Non-critical,Wear detectable
Bearing1_1,2434,2803,368,150.02883209105016,484.97706042776844,-800.5262063473759,1100.5838705294764,Non-critical,Wear detectable
Bearing1_1,2435,2803,367,148.7843646766742,484.97706042776844,-801.7706737617519,1099.3394031151004,Non-critical,Wear detectable
Bearing1_1,2436,2803,366,161.65060976930576,484.97706042776844,-788.9044286691203,1112.2056482077319,Non-critical,Wear detectable
Bearing1_1,2437,2803,365,149.1656799159802,484.97706042776844,-801.389358522446,1099.7207183544062,Non-critical,Wear detectable
Bearing1_1,2438,2803,364,148.7843646766742,484.97706042776844,-801.7706737617519,1099.3394031151004,Non-critical,Wear detectable
Bearing1_1,2439,2803,363,149.77638340911537,484.97706042776844,-800.7786550293107,1100.3314218475414,Non-critical,Wear detectable
Bearing1_1,2440,2803,362,149.9647583553001,484.97706042776844,-800.590280083126,1100.519796793726,Non-critical,Wear detectable
Bearing1_1,2441,2803,361,149.1656799159802,484.97706042776844,-801.389358522446,1099.7207183544062,Non-critical,Wear detectable
Bearing1_1,2442,2803,360,149.77638340911537,484.97706042776844,-800.7786550293107,1100.3314218475414,Non-critical,Wear detectable
Bearing1_1,2443,2803,359,151.90658079587433,484.97706042776844,-798.6484576425518,1102.4616192343005,Non-critical,Wear detectable
Bearing1_1,2444,2803,358,134.87161798584333,484.97706042776844,-815.6834204525828,1085.4266564242694,Non-critical,Wear detectable
Bearing1_1,2445,2803,357,134.26091449270817,484.97706042776844,-816.294123945718,1084.8159529311342,Non-critical,Wear detectable
Bearing1_1,2446,2803,356,132.67216856516436,484.97706042776844,-817.8828698732617,1083.2272070035904,Non-critical,Wear detectable
Bearing1_1,2447,2803,355,134.87161798584333,484.97706042776844,-815.6834204525828,1085.4266564242694,Non-critical,Wear detectable
Bearing1_1,2448,2803,354,137.15374235807917,484.97706042776844,-813.4012960803469,1087.7087807965054,Non-critical,Wear detectable
Bearing1_1,2449,2803,353,135.25913379723252,484.97706042776844,-815.2959046411936,1085.8141722356586,Non-critical,Wear detectable
Bearing1_1,2450,2803,352,134.26091449270817,484.97706042776844,-816.294123945718,1084.8159529311342,Non-critical,Wear detectable
Bearing1_1,2451,2803,351,135.25293322514935,484.97706042776844,-815.3021052132767,1085.8079716635755,Non-critical,Wear detectable
Bearing1_1,2452,2803,350,135.25293322514935,484.97706042776844,-815.3021052132767,1085.8079716635755,Non-critical,Wear detectable
Bearing1_1,2453,2803,349,135.96905652667274,484.97706042776844,-814.5859819117534,1086.5240949650988,Non-critical,Wear detectable
Bearing1_1,2454,2803,348,134.26091449270817,484.97706042776844,-816.294123945718,1084.8159529311342,Non-critical,Wear detectable
Bearing1_1,2455,2803,347,135.25293322514935,484.97706042776844,-815.3021052132767,1085.8079716635755,Non-critical,Wear detectable
Bearing1_1,2456,2803,346,136.1160854002193,484.97706042776844,-814.4389530382068,1086.6711238386454,Non-critical,Wear detectable
Bearing1_1,2457,2803,345,135.25293322514935,484.97706042776844,-815.3021052132767,1085.8079716635755,Non-critical,Wear detectable
Bearing1_1,2458,2803,344,134.87161798584333,484.97706042776844,-815.6834204525828,1085.4266564242694,Non-critical,Wear detectable
Bearing1_1,2459,2803,343,134.6422297320142,484.97706042776844,-815.9128087064119,1085.1972681704403,Non-critical,Wear detectable
Bearing1_1,2460,2803,342,135.25293322514935,484.97706042776844,-815.3021052132767,1085.8079716635755,Non-critical,Wear detectable
Bearing1_1,2461,2803,341,134.61856214533987,484.97706042776844,-815.9364762930862,1085.173600583766,Non-critical,Wear detectable
Bearing1_1,2462,2803,340,131.83235700443967,484.97706042776844,-818.7226814339864,1082.3873954428657,Non-critical,Wear detectable
Bearing1_1,2463,2803,339,135.25293322514935,484.97706042776844,-815.3021052132767,1085.8079716635755,Non-critical,Wear detectable
Bearing1_1,2464,2803,338,135.25293322514935,484.97706042776844,-815.3021052132767,1085.8079716635755,Non-critical,Wear detectable
Bearing1_1,2465,2803,337,137.42018680627626,484.97706042776844,-813.1348516321498,1087.9752252447024,Non-critical,Wear detectable
Bearing1_1,2466,2803,336,131.83235700443967,484.97706042776844,-818.7226814339864,1082.3873954428657,Non-critical,Wear detectable
Bearing1_1,2467,2803,335,151.83001066857156,484.97706042776844,-798.7250277698545,1102.3850491069977,Non-critical,Wear detectable
Bearing1_1,2468,2803,334,134.87161798584333,484.97706042776844,-815.6834204525828,1085.4266564242694,Non-critical,Wear detectable
Bearing1_1,2469,2803,333,134.87161798584333,484.97706042776844,-815.6834204525828,1085.4266564242694,Non-critical,Wear detectable
Bearing1_1,2470,2803,332,135.25293322514935,484.97706042776844,-815.3021052132767,1085.8079716635755,Non-critical,Wear detectable
Bearing1_1,2471,2803,331,136.1160854002193,484.97706042776844,-814.4389530382068,1086.6711238386454,Non-critical,Wear detectable
Bearing1_1,2472,2803,330,134.26091449270817,484.97706042776844,-816.294123945718,1084.8159529311342,Non-critical,Wear detectable
Bearing1_1,2473,2803,329,135.25293322514935,484.97706042776844,-815.3021052132767,1085.8079716635755,Non-critical,Wear detectable
Bearing1_1,2474,2803,328,136.12228597230248,484.97706042776844,-814.4327524661236,1086.6773244107285,Non-critical,Wear detectable
Bearing1_1,2475,2803,327,134.82472067203426,484.97706042776844,-815.7303177663919,1085.3797591104603,Non-critical,Wear detectable
Bearing1_1,2476,2803,326,132.34356107503015,484.97706042776844,-818.2114773633959,1082.8985995134562,Non-critical,Wear detectable
Bearing1_1,2477,2803,325,135.25293322514935,484.97706042776844,-815.3021052132767,1085.8079716635755,Non-critical,Wear detectable
Bearing1_1,2478,2803,324,145.01534062630614,484.97706042776844,-805.5396978121199,1095.5703790647322,Non-critical,Wear detectable
Bearing1_1,2479,2803,323,135.25293322514935,484.97706042776844,-815.3021052132767,1085.8079716635755,Non-critical,Wear detectable
Bearing1_1,2480,2803,322,135.25293322514935,484.97706042776844,-815.3021052132767,1085.8079716635755,Non-critical,Wear detectable
Bearing1_1,2481,2803,321,134.6422297320142,484.97706042776844,-815.9128087064119,1085.1972681704403,Non-critical,Wear detectable
Bearing1_1,2482,2803,320,130.67215471608665,484.97706042776844,-819.8828837223394,1081.2271931545129,Non-critical,Wear detectable
Bearing1_1,2483,2803,319,134.6422297320142,484.97706042776844,-815.9128087064119,1085.1972681704403,Non-critical,Wear detectable
Bearing1_1,2484,2803,318,134.87161798584333,484.97706042776844,-815.6834204525828,1085.4266564242694,Non-critical,Wear detectable
Bearing1_1,2485,2803,317,135.25293322514935,484.97706042776844,-815.3021052132767,1085.8079716635755,Non-critical,Wear detectable
Bearing1_1,2486,2803,316,134.26091449270817,484.97706042776844,-816.294123945718,1084.8159529311342,Non-critical,Wear detectable
Bearing1_1,2487,2803,315,135.27804001924315,484.97706042776844,-815.276998419183,1085.8330784576692,Non-critical,Wear detectable
Bearing1_1,2488,2803,314,134.4148878441732,484.97706042776844,-816.1401505942529,1084.9699262825993,Non-critical,Wear detectable
Bearing1_1,2489,2803,313,134.4148878441732,484.97706042776844,-816.1401505942529,1084.9699262825993,Non-critical,Wear detectable
Bearing1_1,2490,2803,312,134.13440596749976,484.97706042776844,-816.4206324709263,1084.6894444059258,Non-critical,Wear detectable
Bearing1_1,2491,2803,311,134.13440596749976,484.97706042776844,-816.4206324709263,1084.6894444059258,Non-critical,Wear detectable
Bearing1_1,2492,2803,310,134.13440596749976,484.97706042776844,-816.4206324709263,1084.6894444059258,Non-critical,Wear detectable
Bearing1_1,2493,2803,309,129.85067757172013,484.97706042776844,-820.704360866706,1080.4057160101463,Non-critical,Wear detectable
Bearing1_1,2494,2803,308,134.13440596749976,484.97706042776844,-816.4206324709263,1084.6894444059258,Non-critical,Wear detectable
Bearing1_1,2495,2803,307,134.13440596749976,484.97706042776844,-816.4206324709263,1084.6894444059258,Non-critical,Wear detectable
Bearing1_1,2496,2803,306,141.28773794177349,484.97706042776844,-809.2673004966526,1091.8427763801997,Non-critical,Wear detectable
Bearing1_1,2497,2803,305,133.36154149518885,484.97706042776844,-817.1934969432373,1083.916579933615,Non-critical,Wear detectable
Bearing1_1,2498,2803,304,129.45912833871523,484.97706042776844,-821.0959100997109,1080.0141667771413,Non-critical,Wear detectable
Bearing1_1,2499,2803,303,131.90637938469166,484.97706042776844,-818.6486590537345,1082.4614178231177,Non-critical,Wear detectable
Bearing1_1,2500,2803,302,132.4983893201189,484.97706042776844,-818.0566491183072,1083.053427758545,Non-critical,Wear detectable
Bearing1_1,2501,2803,301,133.36154149518885,484.97706042776844,-817.1934969432373,1083.916579933615,Non-critical,Wear detectable
Bearing1_1,2502,2803,300,132.4983893201189,484.97706042776844,-818.0566491183072,1083.053427758545,Non-critical,Wear detectable
Bearing1_1,2503,2803,299,132.4983893201189,484.97706042776844,-818.0566491183072,1083.053427758545,Non-critical,Wear detectable
Bearing1_1,2504,2803,298,133.36154149518885,484.97706042776844,-817.1934969432373,1083.916579933615,Non-critical,Wear detectable
Bearing1_1,2505,2803,297,132.4983893201189,484.97706042776844,-818.0566491183072,1083.053427758545,Non-critical,Wear detectable
Bearing1_1,2506,2803,296,132.4983893201189,484.97706042776844,-818.0566491183072,1083.053427758545,Non-critical,Wear detectable
Bearing1_1,2507,2803,295,129.45912833871523,484.97706042776844,-821.0959100997109,1080.0141667771413,Non-critical,Wear detectable
Bearing1_1,2508,2803,294,129.4653289107984,484.97706042776844,-821.0897095276277,1080.0203673492244,Non-critical,Wear detectable
Bearing1_1,2509,2803,293,130.3222805137852,484.97706042776844,-820.232757924641,1080.8773189522112,Non-critical,Wear detectable
Bearing1_1,2510,2803,292,132.4983893201189,484.97706042776844,-818.0566491183072,1083.053427758545,Non-critical,Wear detectable
Bearing1_1,2511,2803,291,135.26570987836894,484.97706042776844,-815.2893285600571,1085.820748316795,Non-critical,Wear detectable
Bearing1_1,2512,2803,290,132.4983893201189,484.97706042776844,-818.0566491183072,1083.053427758545,Non-critical,Wear detectable
Bearing1_1,2513,2803,289,133.36774206727202,484.97706042776844,-817.187296371154,1083.922780505698,Non-critical,Wear detectable
Bearing1_1,2514,2803,288,120.70242960341379,484.97706042776844,-829.8526088350123,1071.25746804184,Non-critical,Wear detectable
Bearing1_1,2515,2803,287,120.32111436410776,484.97706042776844,-830.2339240743183,1070.8761528025339,Non-critical,Wear detectable
Bearing1_1,2516,2803,286,120.2742170502987,484.97706042776844,-830.2808213881274,1070.8292554887248,Non-critical,Wear detectable
Bearing1_1,2517,2803,285,121.56558177848378,484.97706042776844,-828.9894566599423,1072.1206202169099,Non-critical,Wear detectable
Bearing1_1,2518,2803,284,120.2742170502987,484.97706042776844,-830.2808213881274,1070.8292554887248,Non-critical,Wear detectable
Bearing1_1,2519,2803,283,120.06805852360434,484.97706042776844,-830.4869799148217,1070.6230969620303,Non-critical,Wear detectable
Bearing1_1,2520,2803,282,114.06325490946948,484.97706042776844,-836.4917835289566,1064.6182933478956,Non-critical,Wear detectable
Bearing1_1,2521,2803,281,120.2742170502987,484.97706042776844,-830.2808213881274,1070.8292554887248,Non-critical,Wear detectable
Bearing1_1,2522,2803,280,128.7189137527574,484.97706042776844,-821.8361246856687,1079.2739521911835,Non-critical,Wear detectable
Bearing1_1,2523,2803,279,120.70242960341379,484.97706042776844,-829.8526088350123,1071.25746804184,Non-critical,Wear detectable
Bearing1_1,2524,2803,278,120.70863017549695,484.97706042776844,-829.8464082629291,1071.263668613923,Non-critical,Wear detectable
Bearing1_1,2525,2803,277,117.66316862201018,484.97706042776844,-832.8918698164159,1068.2182070604363,Non-critical,Wear detectable
Bearing1_1,2526,2803,276,117.28185338270414,484.97706042776844,-833.2731850557219,1067.8368918211302,Non-critical,Wear detectable
Bearing1_1,2527,2803,275,118.18491937684692,484.97706042776844,-832.3701190615792,1068.739957815273,Non-critical,Wear detectable
Bearing1_1,2528,2803,274,118.52632079708016,484.97706042776844,-832.0287176413459,1069.0813592355062,Non-critical,Wear detectable
Bearing1_1,2529,2803,273,114.04090619821389,484.97706042776844,-836.5141322402122,1064.59594463664,Non-critical,Wear detectable
Bearing1_1,2530,2803,272,117.28185338270414,484.97706042776844,-833.2731850557219,1067.8368918211302,Non-critical,Wear detectable
Bearing1_1,2531,2803,271,113.14832595355959,484.97706042776844,-837.4067124848665,1063.7033643919856,Non-critical,Wear detectable
Bearing1_1,2532,2803,270,105.33991151690851,484.97706042776844,-845.2151269215176,1055.8949499553346,Non-critical,Wear detectable
Bearing1_1,2533,2803,269,104.21916733190825,484.97706042776844,-846.3358711065179,1054.7742057703344,Non-critical,Wear detectable
Bearing1_1,2534,2803,268,104.26606464571731,484.97706042776844,-846.2889737927088,1054.8211030841435,Non-critical,Wear detectable
Bearing1_1,2535,2803,267,107.72124060529227,484.97706042776844,-842.8337978331339,1058.2762790437184,Non-critical,Wear detectable
Bearing1_1,2536,2803,266,108.86459755777996,484.97706042776844,-841.6904408806462,1059.4196359962061,Non-critical,Wear detectable
Bearing1_1,2537,2803,265,107.51054590917104,484.97706042776844,-843.0444925292551,1058.0655843475972,Non-critical,Wear detectable
Bearing1_1,2538,2803,264,107.72124060529227,484.97706042776844,-842.8337978331339,1058.2762790437184,Non-critical,Wear detectable
Bearing1_1,2539,2803,263,108.65390286165874,484.97706042776844,-841.9011355767674,1059.208941300085,Non-critical,Wear detectable
Bearing1_1,2540,2803,262,110.10906497215598,484.97706042776844,-840.4459734662701,1060.6641034105821,Non-critical,Wear detectable
Bearing1_1,2541,2803,261,108.65390286165874,484.97706042776844,-841.9011355767674,1059.208941300085,Non-critical,Wear detectable
Bearing1_1,2542,2803,260,109.03521810096477,484.97706042776844,-841.5198203374613,1059.5902565393908,Non-critical,Wear detectable
Bearing1_1,2543,2803,259,110.10906497215598,484.97706042776844,-840.4459734662701,1060.6641034105821,Non-critical,Wear detectable
Bearing1_1,2544,2803,258,118.90208437118294,484.97706042776844,-831.6529540672432,1069.457122809609,Non-critical,Wear detectable
Bearing1_1,2545,2803,257,110.10906497215598,484.97706042776844,-840.4459734662701,1060.6641034105821,Non-critical,Wear detectable
Bearing1_1,2546,2803,256,122.04758117964646,484.97706042776844,-828.5074572587796,1072.6026196180726,Non-critical,Wear detectable
Bearing1_1,2547,2803,255,112.28517377848961,484.97706042776844,-838.2698646599365,1062.8402122169157,Non-critical,Wear detectable
Bearing1_1,2548,2803,254,104.47675934183853,484.97706042776844,-846.0782790965876,1055.0317977802647,Non-critical,Wear detectable
Bearing1_1,2549,2803,253,106.47677319091625,484.97706042776844,-844.0782652475099,1057.0318116293424,Non-critical,Wear detectable
Bearing1_1,2550,2803,252,112.28517377848961,484.97706042776844,-838.2698646599365,1062.8402122169157,Non-critical,Wear detectable
Bearing1_1,2551,2803,251,116.80427152217531,484.97706042776844,-833.7507669162508,1067.3593099606014,Non-critical,Wear detectable
Bearing1_1,2552,2803,250,111.05073572155698,484.97706042776844,-839.5043027168691,1061.605774159983,Non-critical,Wear detectable
Bearing1_1,2553,2803,249,112.28517377848961,484.97706042776844,-838.2698646599365,1062.8402122169157,Non-critical,Wear detectable
Bearing1_1,2554,2803,248,109.03521810096477,484.97706042776844,-841.5198203374613,1059.5902565393908,Non-critical,Wear detectable
Bearing1_1,2555,2803,247,110.11526554423914,484.97706042776844,-840.439772894187,1060.6703039826652,Non-critical,Wear detectable
Bearing1_1,2556,2803,246,113.14832595355959,484.97706042776844,-837.4067124848665,1063.7033643919856,Non-critical,Wear detectable
Bearing1_1,2557,2803,245,108.87079812986312,484.97706042776844,-841.684240308563,1059.4258365682892,Non-critical,Wear detectable
Bearing1_1,2558,2803,244,112.07447908236838,484.97706042776844,-838.4805593560577,1062.6295175207945,Non-critical,Wear detectable
Bearing1_1,2559,2803,243,119.84353250357893,484.97706042776844,-830.7115059348472,1070.398570942005,Non-critical,Wear detectable
Bearing1_1,2560,2803,242,111.90385853918357,484.97706042776844,-838.6511798992425,1062.4588969776096,Non-critical,Wear detectable
Bearing1_1,2561,2803,241,112.28517377848961,484.97706042776844,-838.2698646599365,1062.8402122169157,Non-critical,Wear detectable
Bearing1_1,2562,2803,240,112.28517377848961,484.97706042776844,-838.2698646599365,1062.8402122169157,Non-critical,Wear detectable
Bearing1_1,2563,2803,239,111.69316384306235,484.97706042776844,-838.8618745953637,1062.2482022814884,Non-critical,Wear detectable
Bearing1_1,2564,2803,238,109.24591279708599,484.97706042776844,-841.3091256413401,1059.800951235512,Non-critical,Wear detectable
Bearing1_1,2565,2803,237,112.28517377848961,484.97706042776844,-838.2698646599365,1062.8402122169157,Non-critical,Wear detectable
Bearing1_1,2566,2803,236,111.91005911126673,484.97706042776844,-838.6449793271594,1062.465097549693,Non-critical,Wear detectable
Bearing1_1,2567,2803,235,112.28517377848961,484.97706042776844,-838.2698646599365,1062.8402122169157,Non-critical,Wear detectable
Bearing1_1,2568,2803,234,112.93763125743837,484.97706042776844,-837.6174071809877,1063.4926696958644,Non-critical,Wear detectable
Bearing1_1,2569,2803,233,103.27281060545847,484.97706042776844,-847.2822278329676,1053.8278490438845,Non-critical,Wear detectable
Bearing1_1,2570,2803,232,103.08547777611871,484.97706042776844,-847.4695606623073,1053.6405162145447,Non-critical,Wear detectable
Bearing1_1,2571,2803,231,99.66490155540906,484.97706042776844,-850.890136883017,1050.2199399938352,Non-critical,Wear detectable
Bearing1_1,2572,2803,230,102.71036310889583,484.97706042776844,-847.8446753295302,1053.265401547322,Non-critical,Wear detectable
Bearing1_1,2573,2803,229,101.47801703843088,484.97706042776844,-849.0770213999953,1052.033055476857,Non-critical,Wear detectable
Bearing1_1,2574,2803,228,102.87478307999748,484.97706042776844,-847.6802553584287,1053.4298215184235,Non-critical,Wear detectable
Bearing1_1,2575,2803,227,103.09167834820187,484.97706042776844,-847.4633600902242,1053.646716786628,Non-critical,Wear detectable
Bearing1_1,2576,2803,226,99.83552209859387,484.97706042776844,-850.7195163398322,1050.39056053702,Non-critical,Wear detectable
Bearing1_1,2577,2803,225,103.65412584476451,484.97706042776844,-846.9009125936616,1054.2091642831906,Non-critical,Wear detectable
Bearing1_1,2578,2803,224,97.78857596553257,484.97706042776844,-852.7664624728935,1048.3436144039588,Non-critical,Wear detectable
Bearing1_1,2579,2803,223,102.4511066963092,484.97706042776844,-848.1039317421169,1053.0061451347353,Non-critical,Wear detectable
Bearing1_1,2580,2803,222,99.66490155540906,484.97706042776844,-850.890136883017,1050.2199399938352,Non-critical,Wear detectable
Bearing1_1,2581,2803,221,101.38809849943024,484.97706042776844,-849.1669399389958,1051.9431369378563,Non-critical,Wear detectable
Bearing1_1,2582,2803,220,100.79608856400299,484.97706042776844,-849.7589498744231,1051.3511270024292,Non-critical,Wear detectable
Bearing1_1,2583,2803,219,101.3942990715134,484.97706042776844,-849.1607393669127,1051.9493375099396,Non-critical,Wear detectable
Bearing1_1,2584,2803,218,102.25125067450023,484.97706042776844,-848.3037877639258,1052.8062891129264,Non-critical,Wear detectable
Bearing1_1,2585,2803,217,98.34883751802663,484.97706042776844,-852.2062009203995,1048.9038759564528,Non-critical,Wear detectable
Bearing1_1,2586,2803,216,98.34883751802663,484.97706042776844,-852.2062009203995,1048.9038759564528,Non-critical,Wear detectable
Bearing1_1,2587,2803,215,101.38809849943024,484.97706042776844,-849.1669399389958,1051.9431369378563,Non-critical,Wear detectable
Bearing1_1,2588,2803,214,101.00678326012421,484.97706042776844,-849.5482551783019,1051.5618216985504,Non-critical,Wear detectable
Bearing1_1,2589,2803,213,108.94645722451952,484.97706042776844,-841.6085812139065,1059.5014956629457,Non-critical,Wear detectable
Bearing1_1,2590,2803,212,98.34883751802663,484.97706042776844,-852.2062009203995,1048.9038759564528,Non-critical,Wear detectable
Bearing1_1,2591,2803,211,95.7926997187064,484.97706042776844,-854.7623387197197,1046.3477381571324,Non-critical,Wear detectable
Bearing1_1,2592,2803,210,83.78532167223084,484.97706042776844,-866.7697167661953,1034.340360110657,Non-critical,Wear detectable
Bearing1_1,2593,2803,209,83.61470112904603,484.97706042776844,-866.9403373093801,1034.169739567472,Non-critical,Wear detectable
Bearing1_1,2594,2803,208,83.61470112904603,484.97706042776844,-866.9403373093801,1034.169739567472,Non-critical,Wear detectable
Bearing1_1,2595,2803,207,83.35710911911575,484.97706042776844,-867.1979293193103,1033.9121475575419,Non-critical,Wear detectable
Bearing1_1,2596,2803,206,79.26776262641172,484.97706042776844,-871.2872758120144,1029.822801064838,Non-critical,Imminent failure
Bearing1_1,2597,2803,205,83.99601636835206,484.97706042776844,-866.559022070074,1034.5510548067782,Non-critical,Wear detectable
Bearing1_1,2598,2803,204,80.57544014764241,484.97706042776844,-869.9795982907837,1031.1304785860684,Non-critical,Wear detectable
Bearing1_1,2599,2803,203,83.61470112904603,484.97706042776844,-866.9403373093801,1034.169739567472,Non-critical,Wear detectable
Bearing1_1,2600,2803,202,83.99601636835206,484.97706042776844,-866.559022070074,1034.5510548067782,Non-critical,Wear detectable
Bearing1_1,2601,2803,201,83.99601636835206,484.97706042776844,-866.559022070074,1034.5510548067782,Non-critical,Wear detectable
Bearing1_1,2602,2803,200,83.78532167223084,484.97706042776844,-866.7697167661953,1034.340360110657,Wear detectable,Wear detectable
Bearing1_1,2603,2803,199,77.14614697828652,484.97706042776844,-873.4088914601396,1027.7011854167126,Wear detectable,Imminent failure
Bearing1_1,2604,2803,198,84.85916854342204,484.97706042776844,-865.6958698950041,1035.414206981848,Wear detectable,Wear detectable
Bearing1_1,2605,2803,197,80.95675538694844,484.97706042776844,-869.5982830514777,1031.5117938253745,Wear detectable,Wear detectable
Bearing1_1,2606,2803,196,83.99601636835206,484.97706042776844,-866.559022070074,1034.5510548067782,Wear detectable,Wear detectable
Bearing1_1,2607,2803,195,76.18760193170098,484.97706042776844,-874.3674365067251,1026.742640370127,Wear detectable,Imminent failure
Bearing1_1,2608,2803,194,80.74606069082722,484.97706042776844,-869.8089777475989,1031.3010991292533,Wear detectable,Wear detectable
Bearing1_1,2609,2803,193,81.81990756201843,484.97706042776844,-868.7351308764077,1032.3749460004444,Wear detectable,Wear detectable
Bearing1_1,2610,2803,192,84.85916854342204,484.97706042776844,-865.6958698950041,1035.414206981848,Wear detectable,Wear detectable
Bearing1_1,2611,2803,191,78.69911455776592,484.97706042776844,-871.8559238806602,1029.254152996192,Wear detectable,Imminent failure
Bearing1_1,2612,2803,190,83.78532167223084,484.97706042776844,-866.7697167661953,1034.340360110657,Wear detectable,Wear detectable
Bearing1_1,2613,2803,189,79.43208319515472,484.97706042776844,-871.1229552432713,1029.9871216335807,Wear detectable,Imminent failure
Bearing1_1,2614,2803,188,80.95675538694844,484.97706042776844,-869.5982830514777,1031.5117938253745,Wear detectable,Wear detectable
Bearing1_1,2615,2803,187,84.00221694043522,484.97706042776844,-866.5528214979909,1034.5572553788613,Wear detectable,Wear detectable
Bearing1_1,2616,2803,186,128.95720125130768,484.97706042776844,-821.5978371871184,1079.5122396897339,Wear detectable,Wear detectable
Bearing1_1,2617,2803,185,78.52823427835884,484.97706042776844,-872.0268041600673,1029.083272716785,Wear detectable,Imminent failure
Bearing1_1,2618,2803,184,83.99601636835206,484.97706042776844,-866.559022070074,1034.5510548067782,Wear detectable,Wear detectable
Bearing1_1,2619,2803,183,83.78532167223084,484.97706042776844,-866.7697167661953,1034.340360110657,Wear detectable,Wear detectable
Bearing1_1,2620,2803,182,81.47684076813722,484.97706042776844,-869.0781976702889,1032.0318792065634,Wear detectable,Wear detectable
Bearing1_1,2621,2803,181,79.68204720110963,484.97706042776844,-870.8729912373165,1030.2370856395357,Wear detectable,Imminent failure
Bearing1_1,2622,2803,180,81.85815600744326,484.97706042776844,-868.6968824309829,1032.4131944458693,Wear detectable,Wear detectable
Bearing1_1,2623,2803,179,81.64746131132203,484.97706042776844,-868.9075771271041,1032.202499749748,Wear detectable,Wear detectable
Bearing1_1,2624,2803,178,82.72130818251324,484.97706042776844,-867.8337302559129,1033.2763466209394,Wear detectable,Wear detectable
Bearing1_1,2625,2803,177,78.8250955981228,484.97706042776844,-871.7299428403032,1029.380134036549,Wear detectable,Imminent failure
Bearing1_1,2626,2803,176,79.38754309468544,484.97706042776844,-871.1674953437407,1029.9425815331115,Wear detectable,Imminent failure
Bearing1_1,2627,2803,175,76.06852756324754,484.97706042776844,-874.4865108751785,1026.6235660016737,Wear detectable,Imminent failure
Bearing1_1,2628,2803,174,76.63717563189334,484.97706042776844,-873.9178628065328,1027.1922140703196,Wear detectable,Imminent failure
Bearing1_1,2629,2803,173,79.97094071972114,484.97706042776844,-870.5840977187049,1030.5259791581473,Wear detectable,Imminent failure
Bearing1_1,2630,2803,172,78.89709384852993,484.97706042776844,-871.6579445898961,1029.452132286956,Wear detectable,Imminent failure
Bearing1_1,2631,2803,171,75.21713871381242,484.97706042776844,-875.3378997246136,1025.7721771522386,Wear detectable,Imminent failure
Bearing1_1,2632,2803,170,75.42783340993364,484.97706042776844,-875.1272050284924,1025.9828718483598,Wear detectable,Imminent failure
Bearing1_1,2633,2803,169,74.78892616069733,484.97706042776844,-875.7661122777288,1025.3439645991234,Wear detectable,Imminent failure
Bearing1_1,2634,2803,168,75.42783340993364,484.97706042776844,-875.1272050284924,1025.9828718483598,Wear detectable,Imminent failure
Bearing1_1,2635,2803,167,76.32951222302711,484.97706042776844,-874.225526215399,1026.8845506614532,Wear detectable,Imminent failure
Bearing1_1,2636,2803,166,69.22505056396787,484.97706042776844,-881.3299878744582,1019.780089002394,Wear detectable,Imminent failure
Bearing1_1,2637,2803,165,70.1750138719197,484.97706042776844,-880.3800245665063,1020.7300523103459,Wear detectable,Imminent failure
Bearing1_1,2638,2803,164,70.46951797834389,484.97706042776844,-880.0855204600822,1021.02455641677,Wear detectable,Imminent failure
Bearing1_1,2639,2803,163,69.6063658032739,484.97706042776844,-880.9486726351522,1020.1614042417,Wear detectable,Imminent failure
Bearing1_1,2640,2803,162,66.56710482187029,484.97706042776844,-883.9879336165558,1017.1221432602964,Wear detectable,Imminent failure
Bearing1_1,2641,2803,161,66.18578958256425,484.97706042776844,-884.3692488558619,1016.7408280209903,Wear detectable,Imminent failure
Bearing1_1,2642,2803,160,64.17928045500658,484.97706042776844,-886.3757579834195,1014.7343188934327,Wear detectable,Imminent failure
Bearing1_1,2643,2803,159,70.46951797834389,484.97706042776844,-880.0855204600822,1021.02455641677,Wear detectable,Imminent failure
Bearing1_1,2644,2803,158,69.6063658032739,484.97706042776844,-880.9486726351522,1020.1614042417,Wear detectable,Imminent failure
Bearing1_1,2645,2803,157,64.30946399268777,484.97706042776844,-886.2455744457384,1014.8645024311138,Wear detectable,Imminent failure
Bearing1_1,2646,2803,156,70.46951797834389,484.97706042776844,-880.0855204600822,1021.02455641677,Wear detectable,Imminent failure
Bearing1_1,2647,2803,155,57.632632678891525,484.97706042776844,-892.9224057595345,1008.1876711173177,Wear detectable,Imminent failure
Bearing1_1,2648,2803,154,62.29062724024136,484.97706042776844,-888.2644111981847,1012.8456656786675,Wear detectable,Imminent failure
Bearing1_1,2649,2803,153,59.89027350807403,484.97706042776844,-890.664764930352,1010.4453119465002,Wear detectable,Imminent failure
Bearing1_1,2650,2803,152,70.35662356450803,484.97706042776844,-880.1984148739181,1020.9116620029341,Wear detectable,Imminent failure
Bearing1_1,2651,2803,151,60.65035958984376,484.97706042776844,-889.9046788485823,1011.2053980282699,Wear detectable,Imminent failure
Bearing1_1,2652,2803,150,60.75342568314401,484.97706042776844,-889.8016127552821,1011.3084641215701,Wear detectable,Imminent failure
Bearing1_1,2653,2803,149,59.508958268768005,484.97706042776844,-891.0460801696581,1010.0639967071941,Wear detectable,Imminent failure
Bearing1_1,2654,2803,148,60.75342568314401,484.97706042776844,-889.8016127552821,1011.3084641215701,Wear detectable,Imminent failure
Bearing1_1,2655,2803,147,58.4957848539615,484.97706042776844,-892.0592535844646,1009.0508232923876,Wear detectable,Imminent failure
Bearing1_1,2656,2803,146,63.792686664547624,484.97706042776844,-886.7623517738784,1014.3477251029738,Wear detectable,Imminent failure
Bearing1_1,2657,2803,145,59.89027350807403,484.97706042776844,-890.664764930352,1010.4453119465002,Wear detectable,Imminent failure
Bearing1_1,2658,2803,144,62.718839793356445,484.97706042776844,-887.8361986450697,1013.2738782317825,Wear detectable,Imminent failure
Bearing1_1,2659,2803,143,62.929534489477646,484.97706042776844,-887.6255039489484,1013.4845729279037,Wear detectable,Imminent failure
Bearing1_1,2660,2803,142,56.868078061400844,484.97706042776844,-893.6869603770252,1007.423116499827,Wear detectable,Imminent failure
Bearing1_1,2661,2803,141,57.502449141210334,484.97706042776844,-893.0525892972157,1008.0574875796365,Wear detectable,Imminent failure
Bearing1_1,2662,2803,140,56.88291691213898,484.97706042776844,-893.6721215262871,1007.4379553505651,Wear detectable,Imminent failure
Bearing1_1,2663,2803,139,54.231171742124566,484.97706042776844,-896.3238666963015,1004.7862101805507,Wear detectable,Imminent failure
Bearing1_1,2664,2803,138,52.70029897824767,484.97706042776844,-897.8547394601784,1003.2553374166738,Wear detectable,Imminent failure
Bearing1_1,2665,2803,137,64.61189618041308,484.97706042776844,-885.943142258013,1015.1669346188392,Wear detectable,Imminent failure
Bearing1_1,2666,2803,136,55.08812334511137,484.97706042776844,-895.4669150933147,1005.6431617835375,Wear detectable,Imminent failure
Bearing1_1,2667,2803,135,54.59692249948441,484.97706042776844,-895.9581159389417,1005.1519609379105,Wear detectable,Imminent failure
Bearing1_1,2668,2803,134,52.3370042828478,484.97706042776844,-898.2180341555783,1002.8920427212739,Wear detectable,Imminent failure
Bearing1_1,2669,2803,133,54.80761719560561,484.97706042776844,-895.7474212428205,1005.3626556340317,Wear detectable,Imminent failure
Bearing1_1,2670,2803,132,54.59692249948441,484.97706042776844,-895.9581159389417,1005.1519609379105,Wear detectable,Imminent failure
Bearing1_1,2671,2803,131,51.05864188938159,484.97706042776844,-899.4963965490444,1001.6136803278077,Wear detectable,Imminent failure
Bearing1_1,2672,2803,130,45.230245534371,484.97706042776844,-905.3247929040551,995.7852839727971,Wear detectable,Imminent failure
Bearing1_1,2673,2803,129,39.38593388566186,484.97706042776844,-911.1691045527642,989.940972324088,Wear detectable,Imminent failure
Bearing1_1,2674,2803,128,41.767262974045614,484.97706042776844,-908.7877754643805,992.3223014124717,Wear detectable,Imminent failure
Bearing1_1,2675,2803,127,46.8130330830069,484.97706042776844,-903.7420053554192,997.368071521433,Wear detectable,Imminent failure
Bearing1_1,2676,2803,126,42.46609458037262,484.97706042776844,-908.0889438580534,993.0211330187988,Wear detectable,Imminent failure
Bearing1_1,2677,2803,125,46.8130330830069,484.97706042776844,-903.7420053554192,997.368071521433,Wear detectable,Imminent failure
Bearing1_1,2678,2803,124,48.057500497382904,484.97706042776844,-902.4975379410432,998.612538935809,Wear detectable,Imminent failure
Bearing1_1,2679,2803,123,47.194348322312926,484.97706042776844,-903.3606901161131,997.7493867607391,Wear detectable,Imminent failure
Bearing1_1,2680,2803,122,47.76299639095873,484.97706042776844,-902.7920420474674,998.3180348293848,Wear detectable,Imminent failure
Bearing1_1,2681,2803,121,43.94439264478811,484.97706042776844,-906.610645793638,994.4994310832142,Wear detectable,Imminent failure
Bearing1_1,2682,2803,120,47.194348322312926,484.97706042776844,-903.3606901161131,997.7493867607391,Wear detectable,Imminent failure
Bearing1_1,2683,2803,119,44.34242017024909,484.97706042776844,-906.212618268177,994.8974586086752,Wear detectable,Imminent failure
Bearing1_1,2684,2803,118,47.194348322312926,484.97706042776844,-903.3606901161131,997.7493867607391,Wear detectable,Imminent failure
Bearing1_1,2685,2803,117,46.55997724250341,484.97706042776844,-903.9950611959227,997.1150156809294,Wear detectable,Imminent failure
Bearing1_1,2686,2803,116,45.02444008806246,484.97706042776844,-905.5305983503637,995.5794785264885,Wear detectable,Imminent failure
Bearing1_1,2687,2803,115,41.55656827792441,484.97706042776844,-908.9984701605017,992.1116067163505,Wear detectable,Imminent failure
Bearing1_1,2688,2803,114,46.8130330830069,484.97706042776844,-903.7420053554192,997.368071521433,Wear detectable,Imminent failure
Bearing1_1,2689,2803,113,46.983653626191725,484.97706042776844,-903.5713848122343,997.5386920646179,Wear detectable,Imminent failure
Bearing1_1,2690,2803,112,47.2005488943961,484.97706042776844,-903.35448954403,997.7555873328222,Wear detectable,Imminent failure
Bearing1_1,2691,2803,111,48.057500497382904,484.97706042776844,-902.4975379410432,998.612538935809,Wear detectable,Imminent failure
Bearing1_1,2692,2803,110,47.194348322312926,484.97706042776844,-903.3606901161131,997.7493867607391,Wear detectable,Imminent failure
Bearing1_1,2693,2803,109,41.68675181560561,484.97706042776844,-908.8682866228205,992.2417902540317,Wear detectable,Imminent failure
Bearing1_1,2694,2803,108,44.161287912992485,484.97706042776844,-906.3937505254336,994.7163263514186,Wear detectable,Imminent failure
Bearing1_1,2695,2803,107,41.89744651172681,484.97706042776844,-908.6575919266993,992.4524849501529,Wear detectable,Imminent failure
Bearing1_1,2696,2803,106,47.194348322312926,484.97706042776844,-903.3606901161131,997.7493867607391,Wear detectable,Imminent failure
Bearing1_1,2697,2803,105,41.89744651172681,484.97706042776844,-908.6575919266993,992.4524849501529,Wear detectable,Imminent failure
Bearing1_1,2698,2803,104,41.516131272420786,484.97706042776844,-909.0389071660053,992.0711697108469,Wear detectable,Imminent failure
Bearing1_1,2699,2803,103,41.89744651172681,484.97706042776844,-908.6575919266993,992.4524849501529,Wear detectable,Imminent failure
Bearing1_1,2700,2803,102,46.6023383868857,484.97706042776844,-903.9527000515404,997.1573768253118,Wear detectable,Imminent failure
Bearing1_1,2701,2803,101,40.24908606073184,484.97706042776844,-910.3059523776942,990.804124499158,Wear detectable,Imminent failure
Bearing1_1,2702,2803,100,44.15508734090931,484.97706042776844,-906.3999510975168,994.7101257793354,Wear detectable,Imminent failure
Bearing1_1,2703,2803,99,47.194348322312926,484.97706042776844,-903.3606901161131,997.7493867607391,Wear detectable,Imminent failure
Bearing1_1,2704,2803,98,46.8130330830069,484.97706042776844,-903.7420053554192,997.368071521433,Wear detectable,Imminent failure
Bearing1_1,2705,2803,97,46.8130330830069,484.97706042776844,-903.7420053554192,997.368071521433,Wear detectable,Imminent failure
Bearing1_1,2706,2803,96,53.24261084636046,484.97706042776844,-897.3124275920657,1003.7976492847865,Wear detectable,Imminent failure
Bearing1_1,2707,2803,95,45.01823951597929,484.97706042776844,-905.5367989224468,995.5732779544054,Wear detectable,Imminent failure
Bearing1_1,2708,2803,94,46.983653626191725,484.97706042776844,-903.5713848122343,997.5386920646179,Wear detectable,Imminent failure
Bearing1_1,2709,2803,93,41.89744651172681,484.97706042776844,-908.6575919266993,992.4524849501529,Wear detectable,Imminent failure
Bearing1_1,2710,2803,92,43.94439264478811,484.97706042776844,-906.610645793638,994.4994310832142,Wear detectable,Imminent failure
Bearing1_1,2711,2803,91,41.89744651172681,484.97706042776844,-908.6575919266993,992.4524849501529,Wear detectable,Imminent failure
Bearing1_1,2712,2803,90,43.88011087578577,484.97706042776844,-906.6749275626403,994.4351493142119,Wear detectable,Imminent failure
Bearing1_1,2713,2803,89,40.378002632227265,484.97706042776844,-910.1770358061988,990.9330410706534,Wear detectable,Imminent failure
Bearing1_1,2714,2803,88,45.67490444281338,484.97706042776844,-904.8801339956127,996.2299428812395,Wear detectable,Imminent failure
Bearing1_1,2715,2803,87,45.67490444281338,484.97706042776844,-904.8801339956127,996.2299428812395,Wear detectable,Imminent failure
Bearing1_1,2716,2803,86,41.62247004660327,484.97706042776844,-908.9325683918228,992.1775084850294,Wear detectable,Imminent failure
Bearing1_1,2717,2803,85,44.448758944431574,484.97706042776844,-906.1062794939945,995.0037973828577,Wear detectable,Imminent failure
Bearing1_1,2718,2803,84,45.67490444281338,484.97706042776844,-904.8801339956127,996.2299428812395,Wear detectable,Imminent failure
Bearing1_1,2719,2803,83,41.3279659401791,484.97706042776844,-909.227072498247,991.8830043786052,Wear detectable,Imminent failure
Bearing1_1,2720,2803,82,45.46420974669218,484.97706042776844,-905.0908286917339,996.0192481851183,Wear detectable,Imminent failure
Bearing1_1,2721,2803,81,46.00932236831035,484.97706042776844,-904.5457160701158,996.5643608067364,Wear detectable,Imminent failure
Bearing1_1,2722,2803,80,36.851047699837224,484.97706042776844,-913.7039907385889,987.4060861382633,Imminent failure,Imminent failure
Bearing1_1,2723,2803,79,39.536901082134804,484.97706042776844,-911.0181373562913,990.0919395205609,Imminent failure,Imminent failure
Bearing1_1,2724,2803,78,42.57616206353842,484.97706042776844,-907.9788763748877,993.1312005019645,Imminent failure,Imminent failure
Bearing1_1,2725,2803,77,43.4393142386084,484.97706042776844,-907.1157241998177,993.9943526770345,Imminent failure,Imminent failure
Bearing1_1,2726,2803,76,37.84790832159811,484.97706042776844,-912.707130116828,988.4029467600242,Imminent failure,Imminent failure
Bearing1_1,2727,2803,75,38.14241242802228,484.97706042776844,-912.4126260104038,988.6974508664484,Imminent failure,Imminent failure
Bearing1_1,2728,2803,74,41.98415212811119,484.97706042776844,-908.5708863103149,992.5391905665373,Imminent failure,Imminent failure
Bearing1_1,2729,2803,73,43.4393142386084,484.97706042776844,-907.1157241998177,993.9943526770345,Imminent failure,Imminent failure
Bearing1_1,2730,2803,72,43.44551481069157,484.97706042776844,-907.1095236277346,994.0005532491176,Imminent failure,Imminent failure
Bearing1_1,2731,2803,71,43.228619542487195,484.97706042776844,-907.3264188959389,993.7836579809133,Imminent failure,Imminent failure
Bearing1_1,2732,2803,70,37.14907671527111,484.97706042776844,-913.405961723155,987.7041151536972,Imminent failure,Imminent failure
Bearing1_1,2733,2803,69,43.4393142386084,484.97706042776844,-907.1157241998177,993.9943526770345,Imminent failure,Imminent failure
Bearing1_1,2734,2803,68,39.536901082134804,484.97706042776844,-911.0181373562913,990.0919395205609,Imminent failure,Imminent failure
Bearing1_1,2735,2803,67,42.19484682423239,484.97706042776844,-908.3601916141937,992.7498852626585,Imminent failure,Imminent failure
Bearing1_1,2736,2803,66,47.76127241251598,484.97706042776844,-902.7937660259101,998.316310850942,Imminent failure,Imminent failure
Bearing1_1,2737,2803,65,49.2923963293915,484.97706042776844,-901.2626421090346,999.8474347678176,Imminent failure,Imminent failure
Bearing1_1,2738,2803,64,39.536901082134804,484.97706042776844,-911.0181373562913,990.0919395205609,Imminent failure,Imminent failure
Bearing1_1,2739,2803,63,40.40005325720478,484.97706042776844,-910.1549851812213,990.9550916956309,Imminent failure,Imminent failure
Bearing1_1,2740,2803,62,42.57616206353842,484.97706042776844,-907.9788763748877,993.1312005019645,Imminent failure,Imminent failure
Bearing1_1,2741,2803,61,36.644889173142786,484.97706042776844,-913.9101492652833,987.1999276115689,Imminent failure,Imminent failure
Bearing1_1,2742,2803,60,35.83278463744624,484.97706042776844,-914.7222538009798,986.3878230758723,Imminent failure,Imminent failure
Bearing1_1,2743,2803,59,42.19484682423239,484.97706042776844,-908.3601916141937,992.7498852626585,Imminent failure,Imminent failure
Bearing1_1,2744,2803,58,38.89141829067617,484.97706042776844,-911.66362014775,989.4464567291022,Imminent failure,Imminent failure
Bearing1_1,2745,2803,57,36.580679575601444,484.97706042776844,-913.9743588628246,987.1357180140276,Imminent failure,Imminent failure
Bearing1_1,2746,2803,56,36.4973933517293,484.97706042776844,-914.0576450866968,987.0524317901554,Imminent failure,Imminent failure
Bearing1_1,2747,2803,55,35.23983287187422,484.97706042776844,-915.3152055665519,985.7948713103003,Imminent failure,Imminent failure
Bearing1_1,2748,2803,54,26.734793286387333,484.97706042776844,-923.8202451520388,977.2898317248134,Imminent failure,Imminent failure
Bearing1_1,2749,2803,53,28.763086562198357,484.97706042776844,-921.7919518762277,979.3181250006245,Imminent failure,Imminent failure
Bearing1_1,2750,2803,52,25.476583769513148,484.97706042776844,-925.078454668913,976.0316222079392,Imminent failure,Imminent failure
Bearing1_1,2751,2803,51,23.19036257596793,484.97706042776844,-927.3646758624582,973.745401014394,Imminent failure,Imminent failure
Bearing1_1,2752,2803,50,25.476583769513148,484.97706042776844,-925.078454668913,976.0316222079392,Imminent failure,Imminent failure
Bearing1_1,2753,2803,49,22.32143918123918,484.97706042776844,-928.2335992571869,972.8764776196653,Imminent failure,Imminent failure
Bearing1_1,2754,2803,48,19.841475370920207,484.97706042776844,-930.7135630675059,970.3965138093463,Imminent failure,Imminent failure
Bearing1_1,2755,2803,47,19.841475370920207,484.97706042776844,-930.7135630675059,970.3965138093463,Imminent failure,Imminent failure
Bearing1_1,2756,2803,46,17.55259933105837,484.97706042776844,-933.0024391073678,968.1076377694844,Imminent failure,Imminent failure
Bearing1_1,2757,2803,45,16.990151834495734,484.97706042776844,-933.5648866039304,967.5451902729218,Imminent failure,Imminent failure
Bearing1_1,2758,2803,44,19.841475370920207,484.97706042776844,-930.7135630675059,970.3965138093463,Imminent failure,Imminent failure
Bearing1_1,2759,2803,43,15.29008975929988,484.97706042776844,-935.2649486791262,965.845128197726,Imminent failure,Imminent failure
Bearing1_1,2760,2803,42,15.506985027504262,484.97706042776844,-935.0480534109219,966.0620234659303,Imminent failure,Imminent failure
Bearing1_1,2761,2803,41,16.463231819515485,484.97706042776844,-934.0918066189106,967.0182702579416,Imminent failure,Imminent failure
Bearing1_1,2762,2803,40,13.317348113640989,484.97706042776844,-937.2376903247851,963.872386552067,Imminent failure,Imminent failure
Bearing1_1,2763,2803,39,13.951719193450542,484.97706042776844,-936.6033192449755,964.5067576318767,Imminent failure,Imminent failure
Bearing1_1,2764,2803,38,13.734823925246165,484.97706042776844,-936.82021451318,964.2898623636722,Imminent failure,Imminent failure
Bearing1_1,2765,2803,37,15.506985027504262,484.97706042776844,-935.0480534109219,966.0620234659303,Imminent failure,Imminent failure
Bearing1_1,2766,2803,36,13.951719193450542,484.97706042776844,-936.6033192449755,964.5067576318767,Imminent failure,Imminent failure
Bearing1_1,2767,2803,35,13.093114746588427,484.97706042776844,-937.4619236918377,963.6481531850145,Imminent failure,Imminent failure
Bearing1_1,2768,2803,34,13.093114746588427,484.97706042776844,-937.4619236918377,963.6481531850145,Imminent failure,Imminent failure
Bearing1_1,2769,2803,33,13.093114746588427,484.97706042776844,-937.4619236918377,963.6481531850145,Imminent failure,Imminent failure
Bearing1_1,2770,2803,32,11.364989810672087,484.97706042776844,-939.190048627754,961.9200282490982,Imminent failure,Imminent failure
Bearing1_1,2771,2803,31,11.364989810672087,484.97706042776844,-939.190048627754,961.9200282490982,Imminent failure,Imminent failure
Bearing1_1,2772,2803,30,11.364989810672087,484.97706042776844,-939.190048627754,961.9200282490982,Imminent failure,Imminent failure
Bearing1_1,2773,2803,29,11.364989810672087,484.97706042776844,-939.190048627754,961.9200282490982,Imminent failure,Imminent failure
Bearing1_1,2774,2803,28,11.996076420584288,484.97706042776844,-938.5589620178418,962.5511148590103,Imminent failure,Imminent failure
Bearing1_1,2775,2803,27,10.44081058653057,484.97706042776844,-940.1142278518955,960.9958490249567,Imminent failure,Imminent failure
Bearing1_1,2776,2803,26,11.78958911196996,484.97706042776844,-938.7654493264562,962.344627550396,Imminent failure,Imminent failure
Bearing1_1,2777,2803,25,11.78958911196996,484.97706042776844,-938.7654493264562,962.344627550396,Imminent failure,Imminent failure
Bearing1_1,2778,2803,24,10.447316228611779,484.97706042776844,-940.1077222098144,961.0023546670378,Imminent failure,Imminent failure
Bearing1_1,2779,2803,23,7.710577187233414,484.97706042776844,-942.8444612511927,958.2656156256595,Imminent failure,Imminent failure
Bearing1_1,2780,2803,22,10.222089813298354,484.97706042776844,-940.3329486251278,960.7771282517244,Imminent failure,Imminent failure
Bearing1_1,2781,2803,21,10.222089813298354,484.97706042776844,-940.3329486251278,960.7771282517244,Imminent failure,Imminent failure
Bearing1_1,2782,2803,20,7.710577187233414,484.97706042776844,-942.8444612511927,958.2656156256595,Imminent failure,Imminent failure
Bearing1_1,2783,2803,19,9.265843021287125,484.97706042776844,-941.289195417139,959.8208814597132,Imminent failure,Imminent failure
Bearing1_1,2784,2803,18,9.933814763092677,484.97706042776844,-940.6212236753335,960.4888532015187,Imminent failure,Imminent failure
Bearing1_1,2785,2803,17,9.265843021287125,484.97706042776844,-941.289195417139,959.8208814597132,Imminent failure,Imminent failure
Bearing1_1,2786,2803,16,9.265843021287125,484.97706042776844,-941.289195417139,959.8208814597132,Imminent failure,Imminent failure
Bearing1_1,2787,2803,15,10.005194545093977,484.97706042776844,-940.5498438933321,960.5602329835201,Imminent failure,Imminent failure
Bearing1_1,2788,2803,14,7.710577187233414,484.97706042776844,-942.8444612511927,958.2656156256595,Imminent failure,Imminent failure
Bearing1_1,2789,2803,13,10.222089813298354,484.97706042776844,-940.3329486251278,960.7771282517244,Imminent failure,Imminent failure
Bearing1_1,2790,2803,12,7.710577187233414,484.97706042776844,-942.8444612511927,958.2656156256595,Imminent failure,Imminent failure
Bearing1_1,2791,2803,11,9.265843021287125,484.97706042776844,-941.289195417139,959.8208814597132,Imminent failure,Imminent failure
Bearing1_1,2792,2803,10,7.493681919029037,484.97706042776844,-943.061356519397,958.0487203574552,Imminent failure,Imminent failure
Bearing1_1,2793,2803,9,7.710577187233414,484.97706042776844,-942.8444612511927,958.2656156256595,Imminent failure,Imminent failure
Bearing1_1,2794,2803,8,7.710577187233414,484.97706042776844,-942.8444612511927,958.2656156256595,Imminent failure,Imminent failure
Bearing1_1,2795,2803,7,7.710577187233414,484.97706042776844,-942.8444612511927,958.2656156256595,Imminent failure,Imminent failure
Bearing1_1,2796,2803,6,11.319292520268759,484.97706042776844,-939.2357459181574,961.8743309586948,Imminent failure,Imminent failure
Bearing1_1,2797,2803,5,11.554719061148965,484.97706042776844,-939.0003193772772,962.109757499575,Imminent failure,Imminent failure
Bearing1_1,2798,2803,4,9.265843021287125,484.97706042776844,-941.289195417139,959.8208814597132,Imminent failure,Imminent failure
Bearing1_1,2799,2803,3,10.952025456970539,484.97706042776844,-939.6030129814555,961.5070638953966,Imminent failure,Imminent failure
Bearing1_1,2800,2803,2,9.265843021287125,484.97706042776844,-941.289195417139,959.8208814597132,Imminent failure,Imminent failure
Bearing1_1,2801,2803,1,11.554719061148965,484.97706042776844,-939.0003193772772,962.109757499575,Imminent failure,Imminent failure
Bearing1_1,2802,2803,0,9.825080699887138,484.97706042776844,-940.7299577385389,960.3801191383133,Imminent failure,Imminent failure
Bearing1_2,0,871,870,322.84357179376815,484.97706042776844,-627.711466644658,1273.3986102321942,Non-critical,Non-critical
Bearing1_2,1,871,869,466.29539895948716,484.97706042776844,-484.25963947893894,1416.8504373979133,Non-critical,Non-critical
Bearing1_2,2,871,868,549.8984540640602,484.97706042776844,-400.65658437436593,1500.4534925024864,Non-critical,Non-critical
Bearing1_2,3,871,867,614.0864314499167,484.97706042776844,-336.46860698850935,1564.6414698883427,Non-critical,Non-critical
Bearing1_2,4,871,866,624.3439423869034,484.97706042776844,-326.21109605152265,1574.8989808253295,Non-critical,Non-critical
Bearing1_2,5,871,865,676.070836045389,484.97706042776844,-274.4842023930371,1626.625874483815,Non-critical,Non-critical
Bearing1_2,6,871,864,678.7590654010988,484.97706042776844,-271.79597303732726,1629.314103839525,Non-critical,Non-critical
Bearing1_2,7,871,863,1157.2432099697282,484.97706042776844,206.68817153130215,2107.7982484081544,Non-critical,Non-critical
Bearing1_2,8,871,862,961.431602826477,484.97706042776844,10.876564388050951,1911.986641264903,Non-critical,Non-critical
Bearing1_2,9,871,861,772.7728289392444,484.97706042776844,-177.7822094991817,1723.3278673776704,Non-critical,Non-critical
Bearing1_2,10,871,860,1198.823315100779,484.97706042776844,248.26827666235283,2149.378353539205,Non-critical,Non-critical
Bearing1_2,11,871,859,843.4421087491053,484.97706042776844,-107.11292968932082,1793.9971471875315,Non-critical,Non-critical
Bearing1_2,12,871,858,711.3295108408707,484.97706042776844,-239.22552759755536,1661.8845492792968,Non-critical,Non-critical
Bearing1_2,13,871,857,732.2528607561313,484.97706042776844,-218.30217768229477,1682.8078991945574,Non-critical,Non-critical
Bearing1_2,14,871,856,860.1023997805833,484.97706042776844,-90.45263865784284,1810.6574382190092,Non-critical,Non-critical
Bearing1_2,15,871,855,808.7055183129307,484.97706042776844,-141.84952012549536,1759.260556751357,Non-critical,Non-critical
Bearing1_2,16,871,854,1199.5511709503842,484.97706042776844,248.99613251195808,2150.1062093888104,Non-critical,Non-critical
Bearing1_2,17,871,853,936.1079988332107,484.97706042776844,-14.447039605215423,1886.6630372716368,Non-critical,Non-critical
Bearing1_2,18,871,852,806.8847656229239,484.97706042776844,-143.67027281550224,1757.43980406135,Non-critical,Non-critical
Bearing1_2,19,871,851,864.5786800293706,484.97706042776844,-85.97635840905548,1815.1337184677968,Non-critical,Non-critical
Bearing1_2,20,871,850,970.350927518619,484.97706042776844,19.795889080192865,1920.905965957045,Non-critical,Non-critical
Bearing1_2,21,871,849,760.433430185652,484.97706042776844,-190.12160825277408,1710.988468624078,Non-critical,Non-critical
Bearing1_2,22,871,848,830.2958595260161,484.97706042776844,-120.25917891241,1780.850897964442,Non-critical,Non-critical
Bearing1_2,23,871,847,1096.2930147633144,484.97706042776844,145.73797632488834,2046.8480532017406,Non-critical,Non-critical
Bearing1_2,24,871,846,822.3491186974873,484.97706042776844,-128.20591974093884,1772.9041571359135,Non-critical,Non-critical
Bearing1_2,25,871,845,859.9409449326898,484.97706042776844,-90.61409350573626,1810.495983371116,Non-critical,Non-critical
Bearing1_2,26,871,844,856.1991415568748,484.97706042776844,-94.3558968815513,1806.754179995301,Non-critical,Non-critical
Bearing1_2,27,871,843,813.0286943910196,484.97706042776844,-137.5263440474065,1763.5837328294456,Non-critical,Non-critical
Bearing1_2,28,871,842,861.4593076965682,484.97706042776844,-89.09573074185789,1812.0143461349944,Non-critical,Non-critical
Bearing1_2,29,871,841,777.0232198757013,484.97706042776844,-173.53181856272477,1727.5782583141274,Non-critical,Non-critical
Bearing1_2,30,871,840,721.9257448048426,484.97706042776844,-228.62929363358353,1672.4807832432687,Non-critical,Non-critical
Bearing1_2,31,871,839,858.095150277913,484.97706042776844,-92.45988816051306,1808.650188716339,Non-critical,Non-critical
Bearing1_2,32,871,838,855.03604892112,484.97706042776844,-95.51898951730607,1805.5910873595462,Non-critical,Non-critical
Bearing1_2,33,871,837,896.082002197943,484.97706042776844,-54.47303624048311,1846.637040636369,Non-critical,Non-critical
Bearing1_2,34,871,836,812.6682609553109,484.97706042776844,-137.88677748311522,1763.2232993937369,Non-critical,Non-critical
Bearing1_2,35,871,835,819.167657782965,484.97706042776844,-131.38738065546113,1769.722696221391,Non-critical,Non-critical
Bearing1_2,36,871,834,801.7013990454205,484.97706042776844,-148.85363939300555,1752.2564374838466,Non-critical,Non-critical
Bearing1_2,37,871,833,1037.650037484575,484.97706042776844,87.09499904614893,1988.205075923001,Non-critical,Non-critical
Bearing1_2,38,871,832,768.1419911098819,484.97706042776844,-182.41304732854417,1718.697029548308,Non-critical,Non-critical
Bearing1_2,39,871,831,809.6273000776845,484.97706042776844,-140.9277383607416,1760.1823385161106,Non-critical,Non-critical
Bearing1_2,40,871,830,796.3970378968876,484.97706042776844,-154.1580005415385,1746.9520763353137,Non-critical,Non-critical
Bearing1_2,41,871,829,768.3105546584375,484.97706042776844,-182.24448377998863,1718.8655930968634,Non-critical,Non-critical
Bearing1_2,42,871,828,756.6034257882617,484.97706042776844,-193.9516126501644,1707.1584642266878,Non-critical,Non-critical
Bearing1_2,43,871,827,759.9665965741905,484.97706042776844,-190.58844186423562,1710.5216350126166,Non-critical,Non-critical
Bearing1_2,44,871,826,753.3468494636276,484.97706042776844,-197.20818897479853,1703.9018879020537,Non-critical,Non-critical
Bearing1_2,45,871,825,757.8899267655305,484.97706042776844,-192.6651116728956,1708.4449652039566,Non-critical,Non-critical
Bearing1_2,46,871,824,834.8760394138562,484.97706042776844,-115.67899902456986,1785.4310778522822,Non-critical,Non-critical
Bearing1_2,47,871,823,817.4986819619875,484.97706042776844,-133.05635647643862,1768.0537204004136,Non-critical,Non-critical
Bearing1_2,48,871,822,795.3230803348134,484.97706042776844,-155.23195810361267,1745.8781187732395,Non-critical,Non-critical
Bearing1_2,49,871,821,788.1128375111915,484.97706042776844,-162.44220092723458,1738.6678759496176,Non-critical,Non-critical
Bearing1_2,50,871,820,770.1915457977291,484.97706042776844,-180.36349264069702,1720.7465842361553,Non-critical,Non-critical
Bearing1_2,51,871,819,795.5535531457754,484.97706042776844,-155.00148529265073,1746.1085915842013,Non-critical,Non-critical
Bearing1_2,52,871,818,795.5535531457754,484.97706042776844,-155.00148529265073,1746.1085915842013,Non-critical,Non-critical
Bearing1_2,53,871,817,811.9209382823008,484.97706042776844,-138.63410015612533,1762.475976720727,Non-critical,Non-critical
Bearing1_2,54,871,816,805.931972472702,484.97706042776844,-144.6230659657241,1756.487010911128,Non-critical,Non-critical
Bearing1_2,55,871,815,1030.6892893597592,484.97706042776844,80.13425092133309,1981.2443277981852,Non-critical,Non-critical
Bearing1_2,56,871,814,914.5073421771256,484.97706042776844,-36.04769626130053,1865.0623806155518,Non-critical,Non-critical
Bearing1_2,57,871,813,897.0608497105821,484.97706042776844,-53.49418872784395,1847.6158881490082,Non-critical,Non-critical
Bearing1_2,58,871,812,1015.0699248051375,484.97706042776844,64.51488636671138,1965.6249632435636,Non-critical,Non-critical
Bearing1_2,59,871,811,841.731187906531,484.97706042776844,-108.82385053189512,1792.286226344957,Non-critical,Non-critical
Bearing1_2,60,871,810,1011.7701693378962,484.97706042776844,61.21513089947007,1962.3252077763223,Non-critical,Non-critical
Bearing1_2,61,871,809,1025.8907614917152,484.97706042776844,75.33572305328914,1976.4457999301412,Non-critical,Non-critical
Bearing1_2,62,871,808,785.7500783150608,484.97706042776844,-164.80496012336528,1736.3051167534868,Non-critical,Non-critical
Bearing1_2,63,871,807,925.4932630459334,484.97706042776844,-25.061775392492677,1876.0483014843594,Non-critical,Non-critical
Bearing1_2,64,871,806,764.7915175032331,484.97706042776844,-185.76352093519301,1715.346555941659,Non-critical,Non-critical
Bearing1_2,65,871,805,768.2474408806661,484.97706042776844,-182.30759755776,1718.802479319092,Non-critical,Non-critical
Bearing1_2,66,871,804,944.5693235412499,484.97706042776844,-5.985714897176194,1895.124361979676,Non-critical,Non-critical
Bearing1_2,67,871,803,991.1413687026388,484.97706042776844,40.586330264212734,1941.6964071410648,Non-critical,Non-critical
Bearing1_2,68,871,802,986.7457182988694,484.97706042776844,36.19067986044331,1937.3007567372956,Non-critical,Non-critical
Bearing1_2,69,871,801,1018.330686117368,484.97706042776844,67.77564767894194,1968.8857245557942,Non-critical,Non-critical
Bearing1_2,70,871,800,979.93312874659,484.97706042776844,29.378090308163905,1930.4881671850162,Non-critical,Non-critical
Bearing1_2,71,871,799,800.7717420774709,484.97706042776844,-149.7832963609552,1751.326780515897,Non-critical,Non-critical
Bearing1_2,72,871,798,777.1854705106399,484.97706042776844,-173.3695679277862,1727.740508949066,Non-critical,Non-critical
Bearing1_2,73,871,797,782.310947191089,484.97706042776844,-168.2440912473371,1732.865985629515,Non-critical,Non-critical
Bearing1_2,74,871,796,799.4402780789928,484.97706042776844,-151.11476035943326,1749.9953165174188,Non-critical,Non-critical
Bearing1_2,75,871,795,748.1491512743763,484.97706042776844,-202.40588716404977,1698.7041897128024,Non-critical,Non-critical
Bearing1_2,76,871,794,737.1176550497595,484.97706042776844,-213.4373833886666,1687.6726934881856,Non-critical,Non-critical
Bearing1_2,77,871,793,739.6181232626195,484.97706042776844,-210.93691517580658,1690.1731617010455,Non-critical,Non-critical
Bearing1_2,78,871,792,928.0281991335524,484.97706042776844,-22.526839304873647,1878.5832375719785,Non-critical,Non-critical
Bearing1_2,79,871,791,762.6431716921976,484.97706042776844,-187.9118667462285,1713.1982101306237,Non-critical,Non-critical
Bearing1_2,80,871,790,742.5079271863093,484.97706042776844,-208.0471112521168,1693.0629656247354,Non-critical,Non-critical
Bearing1_2,81,871,789,742.5079271863093,484.97706042776844,-208.0471112521168,1693.0629656247354,Non-critical,Non-critical
Bearing1_2,82,871,788,718.0533147082068,484.97706042776844,-232.50172373021928,1668.608353146633,Non-critical,Non-critical
Bearing1_2,83,871,787,707.3988952000936,484.97706042776844,-243.15614323833245,1657.9539336385196,Non-critical,Non-critical
Bearing1_2,84,871,786,797.9733300580674,484.97706042776844,-152.5817083803587,1748.5283684964934,Non-critical,Non-critical
Bearing1_2,85,871,785,739.1660901712676,484.97706042776844,-211.38894826715853,1689.7211286096936,Non-critical,Non-critical
Bearing1_2,86,871,784,714.0565720710518,484.97706042776844,-236.49846636737425,1664.611610509478,Non-critical,Non-critical
Bearing1_2,87,871,783,945.9525725306448,484.97706042776844,-4.602465907781266,1896.5076109690708,Non-critical,Non-critical
Bearing1_2,88,871,782,751.2298831610696,484.97706042776844,-199.32515527735654,1701.7849215994956,Non-critical,Non-critical
Bearing1_2,89,871,781,881.4885246478566,484.97706042776844,-69.0665137905695,1832.0435630862826,Non-critical,Non-critical
Bearing1_2,90,871,780,751.3307988681818,484.97706042776844,-199.22423957024432,1701.8858373066078,Non-critical,Non-critical
Bearing1_2,91,871,779,734.5445749584032,484.97706042776844,-216.01046348002285,1685.0996133968292,Non-critical,Non-critical
Bearing1_2,92,871,778,721.6854071972549,484.97706042776844,-228.8696312411712,1672.240445635681,Non-critical,Non-critical
Bearing1_2,93,871,777,739.0293983847497,484.97706042776844,-211.5256400536764,1689.5844368231758,Non-critical,Non-critical
Bearing1_2,94,871,776,904.083033967866,484.97706042776844,-46.47200447056014,1854.638072406292,Non-critical,Non-critical
Bearing1_2,95,871,775,732.061961170886,484.97706042776844,-218.49307726754012,1682.6169996093122,Non-critical,Non-critical
Bearing1_2,96,871,774,922.0569629242104,484.97706042776844,-28.498075514215657,1872.6120013626364,Non-critical,Non-critical
Bearing1_2,97,871,773,896.6761704404566,484.97706042776844,-53.87886799796945,1847.2312088788826,Non-critical,Non-critical
Bearing1_2,98,871,772,732.2158491031144,484.97706042776844,-218.33918933531174,1682.7708875415406,Non-critical,Non-critical
Bearing1_2,99,871,771,730.750801953159,484.97706042776844,-219.8042364852671,1681.3058403915852,Non-critical,Non-critical
Bearing1_2,100,871,770,792.2921221718133,484.97706042776844,-158.26291626661282,1742.8471606102394,Non-critical,Non-critical
Bearing1_2,101,871,769,736.6728786930237,484.97706042776844,-213.88215974540242,1687.2279171314499,Non-critical,Non-critical
Bearing1_2,102,871,768,744.2218003272163,484.97706042776844,-206.33323811120977,1694.7768387656424,Non-critical,Non-critical
Bearing1_2,103,871,767,741.0063586654044,484.97706042776844,-209.54867977302172,1691.5613971038306,Non-critical,Non-critical
Bearing1_2,104,871,766,719.0261431520117,484.97706042776844,-231.52889528641435,1669.5811815904378,Non-critical,Non-critical
Bearing1_2,105,871,765,874.9091430779282,484.97706042776844,-75.64589536049789,1825.4641815163543,Non-critical,Non-critical
Bearing1_2,106,871,764,727.6082857038491,484.97706042776844,-222.946752734577,1678.163324142275,Non-critical,Non-critical
Bearing1_2,107,871,763,801.7121809306138,484.97706042776844,-148.84285750781225,1752.26721936904,Non-critical,Non-critical
Bearing1_2,108,871,762,905.435260721586,484.97706042776844,-45.119777716840076,1855.990299160012,Non-critical,Non-critical
Bearing1_2,109,871,761,691.3541362574595,484.97706042776844,-259.20090218096664,1641.9091746958857,Non-critical,Non-critical
Bearing1_2,110,871,760,686.0810441499809,484.97706042776844,-264.47399428844517,1636.6360825884071,Non-critical,Non-critical
Bearing1_2,111,871,759,682.6544220419536,484.97706042776844,-267.9006163964725,1633.2094604803797,Non-critical,Non-critical
Bearing1_2,112,871,758,647.3325784906218,484.97706042776844,-303.2224599478043,1597.887616929048,Non-critical,Non-critical
Bearing1_2,113,871,757,724.1349079236842,484.97706042776844,-226.4201305147419,1674.6899463621103,Non-critical,Non-critical
Bearing1_2,114,871,756,870.5096941277516,484.97706042776844,-80.04534431067452,1821.0647325661776,Non-critical,Non-critical
Bearing1_2,115,871,755,662.6125112879535,484.97706042776844,-287.94252715047264,1613.1675497263795,Non-critical,Non-critical
Bearing1_2,116,871,754,835.8850210508721,484.97706042776844,-114.67001738755403,1786.4400594892982,Non-critical,Non-critical
Bearing1_2,117,871,753,835.8850210508721,484.97706042776844,-114.67001738755403,1786.4400594892982,Non-critical,Non-critical
Bearing1_2,118,871,752,662.6125112879535,484.97706042776844,-287.94252715047264,1613.1675497263795,Non-critical,Non-critical
Bearing1_2,119,871,751,838.1499826692017,484.97706042776844,-112.40505576922442,1788.7050211076278,Non-critical,Non-critical
Bearing1_2,120,871,750,893.1668628585368,484.97706042776844,-57.38817557988932,1843.7219012969629,Non-critical,Non-critical
Bearing1_2,121,871,749,664.4266053276185,484.97706042776844,-286.1284331108076,1614.9816437660447,Non-critical,Non-critical
Bearing1_2,122,871,748,943.2253378393042,484.97706042776844,-7.329700599121907,1893.7803762777303,Non-critical,Non-critical
Bearing1_2,123,871,747,905.4564420612072,484.97706042776844,-45.09859637721888,1856.0114804996333,Non-critical,Non-critical
Bearing1_2,124,871,746,758.8787606408963,484.97706042776844,-191.6762777975298,1709.4337990793224,Non-critical,Non-critical
Bearing1_2,125,871,745,677.6530547849211,484.97706042776844,-272.901983653505,1628.208093223347,Non-critical,Non-critical
Bearing1_2,126,871,744,904.259319148044,484.97706042776844,-46.29571929038207,1854.8143575864701,Non-critical,Non-critical
Bearing1_2,127,871,743,933.1639298074432,484.97706042776844,-17.3911086309829,1883.7189682458693,Non-critical,Non-critical
Bearing1_2,128,871,742,676.2245135816479,484.97706042776844,-274.3305248567782,1626.7795520200739,Non-critical,Non-critical
Bearing1_2,129,871,741,873.9303918580587,484.97706042776844,-76.62464658036743,1824.4854302964848,Non-critical,Non-critical
Bearing1_2,130,871,740,873.9303918580587,484.97706042776844,-76.62464658036743,1824.4854302964848,Non-critical,Non-critical
Bearing1_2,131,871,739,664.2525729871771,484.97706042776844,-286.30246545124896,1614.8076114256032,Non-critical,Non-critical
Bearing1_2,132,871,738,719.269726898162,484.97706042776844,-231.28531154026405,1669.8247653365881,Non-critical,Non-critical
Bearing1_2,133,871,737,886.8875947714608,484.97706042776844,-63.667443666965255,1837.442633209887,Non-critical,Non-critical
Bearing1_2,134,871,736,894.0082585724541,484.97706042776844,-56.546779865971985,1844.5632970108802,Non-critical,Non-critical
Bearing1_2,135,871,735,647.7464658245016,484.97706042776844,-302.8085726139245,1598.3015042629277,Non-critical,Non-critical
Bearing1_2,136,871,734,926.2925661171337,484.97706042776844,-24.26247232129242,1876.8476045555599,Non-critical,Non-critical
Bearing1_2,137,871,733,676.1218895592739,484.97706042776844,-274.4331488791522,1626.6769279977,Non-critical,Non-critical
Bearing1_2,138,871,732,695.7760574662166,484.97706042776844,-254.77898097220952,1646.3310959046426,Non-critical,Non-critical
Bearing1_2,139,871,731,666.8273536396232,484.97706042776844,-283.7276847988029,1617.3823920780492,Non-critical,Non-critical
Bearing1_2,140,871,730,765.3305806501287,484.97706042776844,-185.2244577882974,1715.885619088555,Non-critical,Non-critical
Bearing1_2,141,871,729,697.4834260498482,484.97706042776844,-253.07161238857793,1648.0384644882743,Non-critical,Non-critical
Bearing1_2,142,871,728,695.4169095516627,484.97706042776844,-255.1381288867634,1645.9719479900887,Non-critical,Non-critical
Bearing1_2,143,871,727,922.3846345861508,484.97706042776844,-28.170403852275285,1872.939673024577,Non-critical,Non-critical
Bearing1_2,144,871,726,943.0742974081217,484.97706042776844,-7.4807410303044435,1893.6293358465477,Non-critical,Non-critical
Bearing1_2,145,871,725,797.319050390848,484.97706042776844,-153.23598804757808,1747.8740888292741,Non-critical,Non-critical
Bearing1_2,146,871,724,720.0844041894525,484.97706042776844,-230.47063424897362,1670.6394426278785,Non-critical,Non-critical
Bearing1_2,147,871,723,862.7634771479254,484.97706042776844,-87.79156129050068,1813.3185155863516,Non-critical,Non-critical
Bearing1_2,148,871,722,705.2878349215242,484.97706042776844,-245.26720351690187,1655.8428733599503,Non-critical,Non-critical
Bearing1_2,149,871,721,960.651956019715,484.97706042776844,10.096917581288949,1911.2069944581413,Non-critical,Non-critical
Bearing1_2,150,871,720,727.6938794290375,484.97706042776844,-222.86115900938864,1678.2489178674637,Non-critical,Non-critical
Bearing1_2,151,871,719,729.1224206323107,484.97706042776844,-221.43261780611545,1679.6774590707369,Non-critical,Non-critical
Bearing1_2,152,871,718,986.9479767204873,484.97706042776844,36.39293828206121,1937.5030151589135,Non-critical,Non-critical
Bearing1_2,153,871,717,965.2451835863826,484.97706042776844,14.690145147956514,1915.8002220248086,Non-critical,Non-critical
Bearing1_2,154,871,716,1007.0983128490417,484.97706042776844,56.543274410615595,1957.6533512874678,Non-critical,Non-critical
Bearing1_2,155,871,715,970.7324565380874,484.97706042776844,20.17741809966128,1921.2874949765135,Non-critical,Non-critical
Bearing1_2,156,871,714,968.8772938845071,484.97706042776844,18.322255446081044,1919.4323323229332,Non-critical,Non-critical
Bearing1_2,157,871,713,960.0736706531304,484.97706042776844,9.518632214704326,1910.6287090915566,Non-critical,Non-critical
Bearing1_2,158,871,712,943.3475421766682,484.97706042776844,-7.20749626175791,1893.9025806150944,Non-critical,Non-critical
Bearing1_2,159,871,711,716.7871419286331,484.97706042776844,-233.767896509793,1667.3421803670592,Non-critical,Non-critical
Bearing1_2,160,871,710,934.1052991293844,484.97706042776844,-16.44973930904166,1884.6603375678105,Non-critical,Non-critical
Bearing1_2,161,871,709,683.8215772031439,484.97706042776844,-266.7334612352822,1634.37661564157,Non-critical,Non-critical
Bearing1_2,162,871,708,928.7658398128835,484.97706042776844,-21.789198625542554,1879.3208782513098,Non-critical,Non-critical
Bearing1_2,163,871,707,913.9643836622168,484.97706042776844,-36.59065477620925,1864.519422100643,Non-critical,Non-critical
Bearing1_2,164,871,706,858.6490545192146,484.97706042776844,-91.90598391921151,1809.2040929576406,Non-critical,Non-critical
Bearing1_2,165,871,705,804.8464987076311,484.97706042776844,-145.708539730795,1755.4015371460573,Non-critical,Non-critical
Bearing1_2,166,871,704,674.7466040019575,484.97706042776844,-275.8084344364686,1625.3016424403836,Non-critical,Non-critical
Bearing1_2,167,871,703,878.3133990709426,484.97706042776844,-72.24163936748346,1828.8684375093687,Non-critical,Non-critical
Bearing1_2,168,871,702,886.6422703708421,484.97706042776844,-63.91276806758401,1837.1973088092682,Non-critical,Non-critical
Bearing1_2,169,871,701,694.1739396604864,484.97706042776844,-256.38109877793966,1644.7289780989126,Non-critical,Non-critical
Bearing1_2,170,871,700,673.0912305502706,484.97706042776844,-277.46380788815554,1623.6462689886966,Non-critical,Non-critical
Bearing1_2,171,871,699,945.7100247220616,484.97706042776844,-4.8450137163645195,1896.2650631604877,Non-critical,Non-critical
Bearing1_2,172,871,698,767.8014046487078,484.97706042776844,-182.75363378971826,1718.3564430871338,Non-critical,Non-critical
Bearing1_2,173,871,697,708.8644933661769,484.97706042776844,-241.69054507224917,1659.4195318046031,Non-critical,Non-critical
Bearing1_2,174,871,696,906.9170675609108,484.97706042776844,-43.63797087751527,1857.472105999337,Non-critical,Non-critical
Bearing1_2,175,871,695,912.8404083514159,484.97706042776844,-37.714630087010164,1863.395446789842,Non-critical,Non-critical
Bearing1_2,176,871,694,928.102461340388,484.97706042776844,-22.45257709803809,1878.657499778814,Non-critical,Non-critical
Bearing1_2,177,871,693,898.7593682974807,484.97706042776844,-51.79567014094539,1849.3144067359067,Non-critical,Non-critical
Bearing1_2,178,871,692,696.3709658386682,484.97706042776844,-254.18407259975788,1646.9260042770943,Non-critical,Non-critical
Bearing1_2,179,871,691,699.7799871149122,484.97706042776844,-250.77505132351394,1650.3350255533383,Non-critical,Non-critical
Bearing1_2,180,871,690,708.8728810474297,484.97706042776844,-241.6821573909964,1659.427919485856,Non-critical,Non-critical
Bearing1_2,181,871,689,948.8697756568872,484.97706042776844,-1.6852627815388814,1899.4248140953132,Non-critical,Non-critical
Bearing1_2,182,871,688,712.0739315584411,484.97706042776844,-238.48110687998496,1662.6289699968672,Non-critical,Non-critical
Bearing1_2,183,871,687,813.6082559369353,484.97706042776844,-136.94678250149082,1764.1632943753614,Non-critical,Non-critical
Bearing1_2,184,871,686,707.6583085567551,484.97706042776844,-242.89672988167104,1658.2133469951812,Non-critical,Non-critical
Bearing1_2,185,871,685,921.4547959886099,484.97706042776844,-29.100242449816164,1872.009834427036,Non-critical,Non-critical
Bearing1_2,186,871,684,938.7659075752747,484.97706042776844,-11.7891308631514,1889.320946013701,Non-critical,Non-critical
Bearing1_2,187,871,683,768.1008342103098,484.97706042776844,-182.45420422811628,1718.655872648736,Non-critical,Non-critical
Bearing1_2,188,871,682,701.9354907489454,484.97706042776844,-248.61954768948067,1652.4905291873715,Non-critical,Non-critical
Bearing1_2,189,871,681,689.2099100048866,484.97706042776844,-261.34512843353946,1639.7649484433127,Non-critical,Non-critical
Bearing1_2,190,871,680,670.2049405364502,484.97706042776844,-280.3500979019759,1620.7599789748763,Non-critical,Non-critical
Bearing1_2,191,871,679,920.8144722890462,484.97706042776844,-29.7405661493799,1871.3695107274723,Non-critical,Non-critical
Bearing1_2,192,871,678,897.3988448403996,484.97706042776844,-53.15619359802645,1847.9538832788257,Non-critical,Non-critical
Bearing1_2,193,871,677,858.872873326605,484.97706042776844,-91.68216511182106,1809.4279117650312,Non-critical,Non-critical
Bearing1_2,194,871,676,644.110115695502,484.97706042776844,-306.44492274292406,1594.6651541339281,Non-critical,Non-critical
Bearing1_2,195,871,675,644.4444654371598,484.97706042776844,-306.1105730012663,1594.999503875586,Non-critical,Non-critical
Bearing1_2,196,871,674,654.5594620150357,484.97706042776844,-295.9955764233904,1605.114500453462,Non-critical,Non-critical
Bearing1_2,197,871,673,626.0941951856147,484.97706042776844,-324.4608432528114,1576.6492336240408,Non-critical,Non-critical
Bearing1_2,198,871,672,816.6503595748667,484.97706042776844,-133.9046788635594,1767.2053980132928,Non-critical,Non-critical
Bearing1_2,199,871,671,631.8948169856708,484.97706042776844,-318.6602214527553,1582.4498554240968,Non-critical,Non-critical
Bearing1_2,200,871,670,653.0409830970336,484.97706042776844,-297.51405534139246,1603.5960215354598,Non-critical,Non-critical
Bearing1_2,201,871,669,884.3063501195616,484.97706042776844,-66.24868831886454,1834.8613885579875,Non-critical,Non-critical
Bearing1_2,202,871,668,899.3565181919539,484.97706042776844,-51.198520246472185,1849.91155663038,Non-critical,Non-critical
Bearing1_2,203,871,667,653.0409830970336,484.97706042776844,-297.51405534139246,1603.5960215354598,Non-critical,Non-critical
Bearing1_2,204,871,666,685.0756615849581,484.97706042776844,-265.479376853468,1635.6307000233842,Non-critical,Non-critical
Bearing1_2,205,871,665,882.2657059720874,484.97706042776844,-68.28933246633869,1832.8207444105135,Non-critical,Non-critical
Bearing1_2,206,871,664,671.7306912586284,484.97706042776844,-278.82434717979766,1622.2857296970546,Non-critical,Non-critical
Bearing1_2,207,871,663,672.7627686935908,484.97706042776844,-277.79226974483527,1623.317807132017,Non-critical,Non-critical
Bearing1_2,208,871,662,882.2657059720874,484.97706042776844,-68.28933246633869,1832.8207444105135,Non-critical,Non-critical
Bearing1_2,209,871,661,680.0585770116147,484.97706042776844,-270.4964614268114,1630.613615450041,Non-critical,Non-critical
Bearing1_2,210,871,660,728.5784612474973,484.97706042776844,-221.97657719092877,1679.1334996859234,Non-critical,Non-critical
Bearing1_2,211,871,659,669.4843970916789,484.97706042776844,-281.07064134674715,1620.039435530105,Non-critical,Non-critical
Bearing1_2,212,871,658,876.4548838921298,484.97706042776844,-74.10015454629627,1827.009922330556,Non-critical,Non-critical
Bearing1_2,213,871,657,879.3594492327376,484.97706042776844,-71.19558920568852,1829.9144876711637,Non-critical,Non-critical
Bearing1_2,214,871,656,761.1306396693278,484.97706042776844,-189.42439876909827,1711.685678107754,Non-critical,Non-critical
Bearing1_2,215,871,655,673.1781668916665,484.97706042776844,-277.3768715467596,1623.7332053300925,Non-critical,Non-critical
Bearing1_2,216,871,654,682.0467578979683,484.97706042776844,-268.5082805404578,1632.6017963363943,Non-critical,Non-critical
Bearing1_2,217,871,653,670.4797326853691,484.97706042776844,-280.075305753057,1621.034771123795,Non-critical,Non-critical
Bearing1_2,218,871,652,905.7048799737137,484.97706042776844,-44.85015846471242,1856.2599184121398,Non-critical,Non-critical
Bearing1_2,219,871,651,622.855796946191,484.97706042776844,-327.69924149223505,1573.4108353846173,Non-critical,Non-critical
Bearing1_2,220,871,650,632.5298375033532,484.97706042776844,-318.0252009350729,1583.0848759417793,Non-critical,Non-critical
Bearing1_2,221,871,649,633.0368684758945,484.97706042776844,-317.5181699625316,1583.5919069143206,Non-critical,Non-critical
Bearing1_2,222,871,648,878.6466107292406,484.97706042776844,-71.9084277091855,1829.2016491676668,Non-critical,Non-critical
Bearing1_2,223,871,647,647.8829149309635,484.97706042776844,-302.67212350746263,1598.4379533693896,Non-critical,Non-critical
Bearing1_2,224,871,646,651.4599515192168,484.97706042776844,-299.0950869192093,1602.014989957643,Non-critical,Non-critical
Bearing1_2,225,871,645,650.0314103159436,484.97706042776844,-300.5236281224825,1600.5864487543697,Non-critical,Non-critical
Bearing1_2,226,871,644,875.2838474200134,484.97706042776844,-75.27119101841265,1825.8388858584394,Non-critical,Non-critical
Bearing1_2,227,871,643,636.6006305590668,484.97706042776844,-313.95440787935934,1587.1556689974927,Non-critical,Non-critical
Bearing1_2,228,871,642,884.2018533628212,484.97706042776844,-66.35318507560487,1834.7568918012473,Non-critical,Non-critical
Bearing1_2,229,871,641,872.680618200515,484.97706042776844,-77.87442023791107,1823.2356566389412,Non-critical,Non-critical
Bearing1_2,230,871,640,641.6541682556488,484.97706042776844,-308.90087018277734,1592.209206694075,Non-critical,Non-critical
Bearing1_2,231,871,639,864.6917801142512,484.97706042776844,-85.86325832417492,1815.2468185526773,Non-critical,Non-critical
Bearing1_2,232,871,638,634.9178870876458,484.97706042776844,-315.6371513507803,1585.4729255260718,Non-critical,Non-critical
Bearing1_2,233,871,637,649.8444494947229,484.97706042776844,-300.7105889437032,1600.399487933149,Non-critical,Non-critical
Bearing1_2,234,871,636,851.8952804584125,484.97706042776844,-98.65975798001364,1802.4503188968386,Non-critical,Non-critical
Bearing1_2,235,871,635,865.4060573761419,484.97706042776844,-85.14898106228418,1815.9610958145681,Non-critical,Non-critical
Bearing1_2,236,871,634,633.1198733262396,484.97706042776844,-317.4351651121865,1583.6749117646657,Non-critical,Non-critical
Bearing1_2,237,871,633,819.2421971082931,484.97706042776844,-131.31284133013298,1769.797235546719,Non-critical,Non-critical
Bearing1_2,238,871,632,825.7433999167073,484.97706042776844,-124.8116385217188,1776.2984383551334,Non-critical,Non-critical
Bearing1_2,239,871,631,825.494210275215,484.97706042776844,-125.06082816321111,1776.0492487136412,Non-critical,Non-critical
Bearing1_2,240,871,630,758.885850959653,484.97706042776844,-191.6691874787731,1709.440889398079,Non-critical,Non-critical
Bearing1_2,241,871,629,759.4787062704225,484.97706042776844,-191.07633216800355,1710.0337447088486,Non-critical,Non-critical
Bearing1_2,242,871,628,624.307304274042,484.97706042776844,-326.24773416438404,1574.862342712468,Non-critical,Non-critical
Bearing1_2,243,871,627,664.813790881166,484.97706042776844,-285.74124755726007,1615.3688293195921,Non-critical,Non-critical
Bearing1_2,244,871,626,842.9238894797347,484.97706042776844,-107.63114895869137,1793.478927918161,Non-critical,Non-critical
Bearing1_2,245,871,625,639.8501864103193,484.97706042776844,-310.70485202810676,1590.4052248487455,Non-critical,Non-critical
Bearing1_2,246,871,624,860.9467482094117,484.97706042776844,-89.60829022901441,1811.501786647838,Non-critical,Non-critical
Bearing1_2,247,871,623,671.4093069688588,484.97706042776844,-279.1457314695673,1621.9643454072848,Non-critical,Non-critical
Bearing1_2,248,871,622,610.1832413808552,484.97706042776844,-340.3717970575709,1560.7382798192812,Non-critical,Non-critical
Bearing1_2,249,871,621,821.2550811710095,484.97706042776844,-129.29995726741663,1771.8101196094356,Non-critical,Non-critical
Bearing1_2,250,871,620,602.4117165301203,484.97706042776844,-348.1433219083058,1552.9667549685464,Non-critical,Non-critical
Bearing1_2,251,871,619,612.222875950444,484.97706042776844,-338.33216248798215,1562.7779143888702,Non-critical,Non-critical
Bearing1_2,252,871,618,628.8875534465313,484.97706042776844,-321.66748499189475,1579.4425918849574,Non-critical,Non-critical
Bearing1_2,253,871,617,655.7032874073001,484.97706042776844,-294.851751031126,1606.2583258457262,Non-critical,Non-critical
Bearing1_2,254,871,616,660.3771314864107,484.97706042776844,-290.1779069520154,1610.9321699248367,Non-critical,Non-critical
Bearing1_2,255,871,615,832.5731535899299,484.97706042776844,-117.98188484849618,1783.128192028356,Non-critical,Non-critical
Bearing1_2,256,871,614,639.7823068896158,484.97706042776844,-310.77273154881027,1590.337345328042,Non-critical,Non-critical
Bearing1_2,257,871,613,637.8955098213734,484.97706042776844,-312.65952861705273,1588.4505482597995,Non-critical,Non-critical
Bearing1_2,258,871,612,828.7172907108153,484.97706042776844,-121.8377477276108,1779.2723291492414,Non-critical,Non-critical
Bearing1_2,259,871,611,827.0031449357872,484.97706042776844,-123.5518935026389,1777.5581833742133,Non-critical,Non-critical
Bearing1_2,260,871,610,664.5231486821705,484.97706042776844,-286.0318897562556,1615.0781871205966,Non-critical,Non-critical
Bearing1_2,261,871,609,825.905620339846,484.97706042776844,-124.6494180985801,1776.460658778272,Non-critical,Non-critical
Bearing1_2,262,871,608,886.3108730935182,484.97706042776844,-64.24416534490786,1836.8659115319442,Non-critical,Non-critical
Bearing1_2,263,871,607,835.6775679152404,484.97706042776844,-114.8774705231857,1786.2326063536666,Non-critical,Non-critical
Bearing1_2,264,871,606,871.5098946626182,484.97706042776844,-79.0451437758079,1822.0649331010443,Non-critical,Non-critical
Bearing1_2,265,871,605,639.1884918360875,484.97706042776844,-311.36654660233864,1589.7435302745134,Non-critical,Non-critical
Bearing1_2,266,871,604,648.989038551439,484.97706042776844,-301.56599988698713,1599.544076989865,Non-critical,Non-critical
Bearing1_2,267,871,603,818.6619663680245,484.97706042776844,-131.89307207040156,1769.2170048064506,Non-critical,Non-critical
Bearing1_2,268,871,602,849.8767354815483,484.97706042776844,-100.67830295687781,1800.4317739199744,Non-critical,Non-critical
Bearing1_2,269,871,601,762.1467485489944,484.97706042776844,-188.40828988943167,1712.7017869874205,Non-critical,Non-critical
Bearing1_2,270,871,600,615.0277603511996,484.97706042776844,-335.5272780872265,1565.5827987896257,Non-critical,Non-critical
Bearing1_2,271,871,599,626.7493010702663,484.97706042776844,-323.80573736815984,1577.3043395086925,Non-critical,Non-critical
Bearing1_2,272,871,598,718.7798802870652,484.97706042776844,-231.77515815136087,1669.3349187254912,Non-critical,Non-critical
Bearing1_2,273,871,597,775.7474493637857,484.97706042776844,-174.80758907464042,1726.3024878022118,Non-critical,Non-critical
Bearing1_2,274,871,596,625.1326785237313,484.97706042776844,-325.42235991469477,1575.6877169621575,Non-critical,Non-critical
Bearing1_2,275,871,595,622.8247286647826,484.97706042776844,-327.7303097736435,1573.3797671032087,Non-critical,Non-critical
Bearing1_2,276,871,594,869.26820967869,484.97706042776844,-81.28682875973607,1819.8232481171162,Non-critical,Non-critical
Bearing1_2,277,871,593,641.8667505810254,484.97706042776844,-308.6882878574007,1592.4217890194514,Non-critical,Non-critical
Bearing1_2,278,871,592,625.1326785237313,484.97706042776844,-325.42235991469477,1575.6877169621575,Non-critical,Non-critical
Bearing1_2,279,871,591,622.5912935251782,484.97706042776844,-327.96374491324787,1573.1463319636043,Non-critical,Non-critical
Bearing1_2,280,871,590,868.5563390482528,484.97706042776844,-81.99869939017333,1819.111377486679,Non-critical,Non-critical
Bearing1_2,281,871,589,626.9747400431622,484.97706042776844,-323.58029839526387,1577.5297784815884,Non-critical,Non-critical
Bearing1_2,282,871,588,861.2999978354133,484.97706042776844,-89.25504060301284,1811.8550362738392,Non-critical,Non-critical
Bearing1_2,283,871,587,682.2689227028287,484.97706042776844,-268.2861157355974,1632.8239611412548,Non-critical,Non-critical
Bearing1_2,284,871,586,623.8934606273377,484.97706042776844,-326.66157781108836,1574.4484990657638,Non-critical,Non-critical
Bearing1_2,285,871,585,708.5920249205537,484.97706042776844,-241.96301351787235,1659.1470633589797,Non-critical,Non-critical
Bearing1_2,286,871,584,605.8189427894407,484.97706042776844,-344.7360956489854,1556.3739812278668,Non-critical,Non-critical
Bearing1_2,287,871,583,605.8189427894407,484.97706042776844,-344.7360956489854,1556.3739812278668,Non-critical,Non-critical
Bearing1_2,288,871,582,841.2916415532754,484.97706042776844,-109.26339688515066,1791.8466799917014,Non-critical,Non-critical
Bearing1_2,289,871,581,609.5122765494227,484.97706042776844,-341.0427618890034,1560.067314987849,Non-critical,Non-critical
Bearing1_2,290,871,580,828.9927176858562,484.97706042776844,-121.56232075256992,1779.5477561242824,Non-critical,Non-critical
Bearing1_2,291,871,579,609.5122765494227,484.97706042776844,-341.0427618890034,1560.067314987849,Non-critical,Non-critical
Bearing1_2,292,871,578,819.7868719113712,484.97706042776844,-130.76816652705486,1770.3419103497972,Non-critical,Non-critical
Bearing1_2,293,871,577,602.0473826118895,484.97706042776844,-348.5076558265366,1552.6024210503156,Non-critical,Non-critical
Bearing1_2,294,871,576,600.3994055015032,484.97706042776844,-350.15563293692287,1550.9544439399292,Non-critical,Non-critical
Bearing1_2,295,871,575,709.7102491833264,484.97706042776844,-240.84478925509973,1660.2652876217526,Non-critical,Non-critical
Bearing1_2,296,871,574,580.6579220789422,484.97706042776844,-369.8971163594839,1531.2129605173682,Non-critical,Non-critical
Bearing1_2,297,871,573,581.7507038549048,484.97706042776844,-368.80433458352127,1532.305742293331,Non-critical,Non-critical
Bearing1_2,298,871,572,581.2748261441604,484.97706042776844,-369.28021229426565,1531.8298645825867,Non-critical,Non-critical
Bearing1_2,299,871,571,578.9953446944072,484.97706042776844,-371.5596937440189,1529.5503831328333,Non-critical,Non-critical
Bearing1_2,300,871,570,576.6284076654065,484.97706042776844,-373.9266307730196,1527.1834461038325,Non-critical,Non-critical
Bearing1_2,301,871,569,649.6615410398654,484.97706042776844,-300.8934973985607,1600.2165794782914,Non-critical,Non-critical
Bearing1_2,302,871,568,580.6845442228587,484.97706042776844,-369.8704942155674,1531.2395826612847,Non-critical,Non-critical
Bearing1_2,303,871,567,573.7964332895276,484.97706042776844,-376.7586051488985,1524.3514717279536,Non-critical,Non-critical
Bearing1_2,304,871,566,769.1891333544758,484.97706042776844,-181.36590508395034,1719.7441717929019,Non-critical,Non-critical
Bearing1_2,305,871,565,790.0811231443167,484.97706042776844,-160.47391529410936,1740.6361615827427,Non-critical,Non-critical
Bearing1_2,306,871,564,677.1762755951692,484.97706042776844,-273.37876284325694,1627.7313140335953,Non-critical,Non-critical
Bearing1_2,307,871,563,673.782079657543,484.97706042776844,-276.7729587808831,1624.3371180959691,Non-critical,Non-critical
Bearing1_2,308,871,562,596.0403335123235,484.97706042776844,-354.5147049261026,1546.5953719507497,Non-critical,Non-critical
Bearing1_2,309,871,561,599.4857665766406,484.97706042776844,-351.0692718617855,1550.0408050150668,Non-critical,Non-critical
Bearing1_2,310,871,560,789.9253314384099,484.97706042776844,-160.6297070000162,1740.480369876836,Non-critical,Non-critical
Bearing1_2,311,871,559,588.1287588340008,484.97706042776844,-362.4262796044253,1538.683797272427,Non-critical,Non-critical
Bearing1_2,312,871,558,588.8928877274657,484.97706042776844,-361.6621507109604,1539.4479261658917,Non-critical,Non-critical
Bearing1_2,313,871,557,597.6677957290392,484.97706042776844,-352.8872427093869,1548.2228341674654,Non-critical,Non-critical
Bearing1_2,314,871,556,597.6677957290392,484.97706042776844,-352.8872427093869,1548.2228341674654,Non-critical,Non-critical
Bearing1_2,315,871,555,720.0123369819702,484.97706042776844,-230.54270145645592,1670.5673754203963,Non-critical,Non-critical
Bearing1_2,316,871,554,571.2330149968208,484.97706042776844,-379.3220234416053,1521.7880534352469,Non-critical,Non-critical
Bearing1_2,317,871,553,571.2569678553938,484.97706042776844,-379.2980705830323,1521.8120062938199,Non-critical,Non-critical
Bearing1_2,318,871,552,732.099438125084,484.97706042776844,-218.45560031334207,1682.6544765635101,Non-critical,Non-critical
Bearing1_2,319,871,551,571.2330149968208,484.97706042776844,-379.3220234416053,1521.7880534352469,Non-critical,Non-critical
Bearing1_2,320,871,550,571.5717185314884,484.97706042776844,-378.9833199069377,1522.1267569699144,Non-critical,Non-critical
Bearing1_2,321,871,549,575.9419221659086,484.97706042776844,-374.61311627251746,1526.4969606043346,Non-critical,Non-critical
Bearing1_2,322,871,548,571.2330149968208,484.97706042776844,-379.3220234416053,1521.7880534352469,Non-critical,Non-critical
Bearing1_2,323,871,547,750.633969361109,484.97706042776844,-199.92106907731704,1701.1890077995351,Non-critical,Non-critical
Bearing1_2,324,871,546,564.4033084246533,484.97706042776844,-386.15173001377275,1514.9583468630794,Non-critical,Non-critical
Bearing1_2,325,871,545,588.0424035782614,484.97706042776844,-362.51263486016467,1538.5974420166876,Non-critical,Non-critical
Bearing1_2,326,871,544,584.6059262813305,484.97706042776844,-365.94911215709556,1535.1609647197565,Non-critical,Non-critical
Bearing1_2,327,871,543,584.5997257092474,484.97706042776844,-365.9553127291787,1535.1547641476736,Non-critical,Non-critical
Bearing1_2,328,871,542,747.0245978768841,484.97706042776844,-203.53044056154204,1697.5796363153102,Non-critical,Non-critical
Bearing1_2,329,871,541,588.3430599761616,484.97706042776844,-362.2119784622645,1538.8980984145878,Non-critical,Non-critical
Bearing1_2,330,871,540,585.0818039920749,484.97706042776844,-365.47323444635117,1535.636842430501,Non-critical,Non-critical
Bearing1_2,331,871,539,590.8771331494434,484.97706042776844,-359.67790528898274,1541.4321715878696,Non-critical,Non-critical
Bearing1_2,332,871,538,743.4421185579541,484.97706042776844,-207.11291988047196,1693.9971569963802,Non-critical,Non-critical
Bearing1_2,333,871,537,741.4616384849834,484.97706042776844,-209.0933999534427,1692.0166769234095,Non-critical,Non-critical
Bearing1_2,334,871,536,689.1108523959983,484.97706042776844,-261.44418604242776,1639.6658908344243,Non-critical,Non-critical
Bearing1_2,335,871,535,715.2594449030435,484.97706042776844,-235.29559353538264,1665.8144833414694,Non-critical,Non-critical
Bearing1_2,336,871,534,681.4660909243571,484.97706042776844,-269.088947514069,1632.021129362783,Non-critical,Non-critical
Bearing1_2,337,871,533,570.5631277005645,484.97706042776844,-379.99191073786164,1521.1181661389905,Non-critical,Non-critical
Bearing1_2,338,871,532,693.1475803801379,484.97706042776844,-257.40745805828817,1643.7026188185641,Non-critical,Non-critical
Bearing1_2,339,871,531,572.0036601845125,484.97706042776844,-378.55137825391364,1522.5586986229387,Non-critical,Non-critical
Bearing1_2,340,871,530,562.5360021330392,484.97706042776844,-388.01903630538686,1513.0910405714653,Non-critical,Non-critical
Bearing1_2,341,871,529,572.3683913342333,484.97706042776844,-378.18664710419284,1522.9234297726593,Non-critical,Non-critical
Bearing1_2,342,871,528,562.5360021330392,484.97706042776844,-388.01903630538686,1513.0910405714653,Non-critical,Non-critical
Bearing1_2,343,871,527,572.3923441928063,484.97706042776844,-378.16269424561983,1522.9473826312324,Non-critical,Non-critical
Bearing1_2,344,871,526,569.9142630300483,484.97706042776844,-380.64077540837775,1520.4693014684744,Non-critical,Non-critical
Bearing1_2,345,871,525,565.3828985919109,484.97706042776844,-385.17213984651517,1515.937937030337,Non-critical,Non-critical
Bearing1_2,346,871,524,557.8840841654447,484.97706042776844,-392.67095427298136,1508.4391226038708,Non-critical,Non-critical
Bearing1_2,347,871,523,558.4947876585799,484.97706042776844,-392.0602507798462,1509.049826097006,Non-critical,Non-critical
Bearing1_2,348,871,522,565.7154015544954,484.97706042776844,-384.83963688393067,1516.2704399929216,Non-critical,Non-critical
Bearing1_2,349,871,521,560.3382124696296,484.97706042776844,-390.21682596879646,1510.8932509080557,Non-critical,Non-critical
Bearing1_2,350,871,520,565.3828985919109,484.97706042776844,-385.17213984651517,1515.937937030337,Non-critical,Non-critical
Bearing1_2,351,871,519,554.1123737601376,484.97706042776844,-396.44266467828845,1504.6674121985639,Non-critical,Non-critical
Bearing1_2,352,871,518,597.3438817537185,484.97706042776844,-353.2111566847076,1547.8989201921445,Non-critical,Non-critical
Bearing1_2,353,871,517,628.6447581312552,484.97706042776844,-321.91028030717086,1579.1997965696814,Non-critical,Non-critical
Bearing1_2,354,871,516,540.3829020758623,484.97706042776844,-410.17213636256383,1490.9379405142884,Non-critical,Non-critical
Bearing1_2,355,871,515,538.5394772648125,484.97706042776844,-412.0155611736136,1489.0945157032386,Non-critical,Non-critical
Bearing1_2,356,871,514,596.7752336850727,484.97706042776844,-353.77980475335335,1547.3302721234988,Non-critical,Non-critical
Bearing1_2,357,871,513,538.5394772648125,484.97706042776844,-412.0155611736136,1489.0945157032386,Non-critical,Non-critical
Bearing1_2,358,871,512,543.4917231469691,484.97706042776844,-407.063315291457,1494.0467615853952,Non-critical,Non-critical
Bearing1_2,359,871,511,538.5394772648125,484.97706042776844,-412.0155611736136,1489.0945157032386,Non-critical,Non-critical
Bearing1_2,360,871,510,544.8168847050084,484.97706042776844,-405.7381537334177,1495.3719231434345,Non-critical,Non-critical
Bearing1_2,361,871,509,634.7620155358413,484.97706042776844,-315.79302290258477,1585.3170539742673,Non-critical,Non-critical
Bearing1_2,362,871,508,602.9396222478329,484.97706042776844,-347.61541619059324,1553.494660686259,Non-critical,Non-critical
Bearing1_2,363,871,507,544.1352177589268,484.97706042776844,-406.41982067949925,1494.690256197353,Non-critical,Non-critical
Bearing1_2,364,871,506,547.6388456875208,484.97706042776844,-402.91619275090534,1498.1938841259469,Non-critical,Non-critical
Bearing1_2,365,871,505,602.0321458567286,484.97706042776844,-348.52289258169753,1552.5871842951547,Non-critical,Non-critical
Bearing1_2,366,871,504,582.0789852557508,484.97706042776844,-368.4760531826753,1532.634023694177,Non-critical,Non-critical
Bearing1_2,367,871,503,603.1095044457177,484.97706042776844,-347.4455339927084,1553.6645428841439,Non-critical,Non-critical
Bearing1_2,368,871,502,543.9868691573537,484.97706042776844,-406.5681692810724,1494.5419075957798,Non-critical,Non-critical
Bearing1_2,369,871,501,543.9868691573537,484.97706042776844,-406.5681692810724,1494.5419075957798,Non-critical,Non-critical
Bearing1_2,370,871,500,547.0386751575967,484.97706042776844,-403.5163632808294,1497.5937135960228,Non-critical,Non-critical
Bearing1_2,371,871,499,516.9013681661908,484.97706042776844,-433.65367027223533,1467.4564066046169,Non-critical,Non-critical
Bearing1_2,372,871,498,516.9315215968469,484.97706042776844,-433.6235168415792,1467.486560035273,Non-critical,Non-critical
Bearing1_2,373,871,497,573.9569535957655,484.97706042776844,-376.59808484266057,1524.5119920341917,Non-critical,Non-critical
Bearing1_2,374,871,496,577.006597171193,484.97706042776844,-373.5484412672331,1527.561635609619,Non-critical,Non-critical
Bearing1_2,375,871,495,521.4297174461477,484.97706042776844,-429.1253209922784,1471.9847558845738,Non-critical,Non-critical
Bearing1_2,376,871,494,516.9075687382739,484.97706042776844,-433.6474697001522,1467.4626071767,Non-critical,Non-critical
Bearing1_2,377,871,493,519.3845700804628,484.97706042776844,-431.1704683579633,1469.939608518889,Non-critical,Non-critical
Bearing1_2,378,871,492,519.3845700804628,484.97706042776844,-431.1704683579633,1469.939608518889,Non-critical,Non-critical
Bearing1_2,379,871,491,516.6163964880609,484.97706042776844,-433.9386419503652,1467.171434926487,Non-critical,Non-critical
Bearing1_2,380,871,490,576.2461741792698,484.97706042776844,-374.3088642591563,1526.801212617696,Non-critical,Non-critical
Bearing1_2,381,871,489,516.6163964880609,484.97706042776844,-433.9386419503652,1467.171434926487,Non-critical,Non-critical
Bearing1_2,382,871,488,550.8343974240066,484.97706042776844,-399.72064101441947,1501.3894358624327,Non-critical,Non-critical
Bearing1_2,383,871,487,516.6163964880609,484.97706042776844,-433.9386419503652,1467.171434926487,Non-critical,Non-critical
Bearing1_2,384,871,486,516.6163964880609,484.97706042776844,-433.9386419503652,1467.171434926487,Non-critical,Non-critical
Bearing1_2,385,871,485,516.4877712777533,484.97706042776844,-434.0672671606728,1467.0428097161794,Non-critical,Non-critical
Bearing1_2,386,871,484,523.9865857042194,484.97706042776844,-426.56845273420674,1474.5416241426456,Non-critical,Non-critical
Bearing1_2,387,871,483,579.8472089177975,484.97706042776844,-370.7078295206286,1530.4022473562236,Non-critical,Non-critical
Bearing1_2,388,871,482,515.3797197334891,484.97706042776844,-435.175318704937,1465.9347581719153,Non-critical,Non-critical
Bearing1_2,389,871,481,504.86738357480067,484.97706042776844,-445.6876548636254,1455.4224220132269,Non-critical,Non-critical
Bearing1_2,390,871,480,503.67116026631476,484.97706042776844,-446.88387817211134,1454.226198704741,Non-critical,Non-critical
Bearing1_2,391,871,479,504.63053259640526,484.97706042776844,-445.92450584202084,1455.1855710348314,Non-critical,Non-critical
Bearing1_2,392,871,478,497.2000585136793,484.97706042776844,-453.3549799247468,1447.7550969521053,Non-critical,Non-critical
Bearing1_2,393,871,477,505.23592021763267,484.97706042776844,-445.3191182207934,1455.7909586560588,Non-critical,Non-critical
Bearing1_2,394,871,476,504.10036424874363,484.97706042776844,-446.45467418968246,1454.6554026871697,Non-critical,Non-critical
Bearing1_2,395,871,475,494.0430633949801,484.97706042776844,-456.511975043446,1444.5981018334062,Non-critical,Non-critical
Bearing1_2,396,871,474,503.6649596942316,484.97706042776844,-446.8900787441945,1454.2199981326576,Non-critical,Non-critical
Bearing1_2,397,871,473,495.9723209714002,484.97706042776844,-454.5827174670259,1446.5273594098262,Non-critical,Non-critical
Bearing1_2,398,871,472,508.5711199490676,484.97706042776844,-441.9839184893585,1459.1261583874937,Non-critical,Non-critical
Bearing1_2,399,871,471,510.551600022038,484.97706042776844,-440.0034384163881,1461.1066384604642,Non-critical,Non-critical
Bearing1_2,400,871,470,498.51644855593344,484.97706042776844,-452.03858988249266,1449.0714869943595,Non-critical,Non-critical
Bearing1_2,401,871,469,476.38696914785044,484.97706042776844,-474.16806929057566,1426.9420075862765,Non-critical,Non-critical
Bearing1_2,402,871,468,489.52708591827246,484.97706042776844,-461.02795252015363,1440.0821243566986,Non-critical,Non-critical
Bearing1_2,403,871,467,491.6143549304997,484.97706042776844,-458.9406835079264,1442.1693933689257,Non-critical,Non-critical
Bearing1_2,404,871,466,491.564426475578,484.97706042776844,-458.9906119628481,1442.119464914004,Non-critical,Non-critical
Bearing1_2,405,871,465,474.91097712955184,484.97706042776844,-475.64406130887426,1425.466015567978,Non-critical,Non-critical
Bearing1_2,406,871,464,476.88703075813123,484.97706042776844,-473.66800768029486,1427.4420691965574,Non-critical,Non-critical
Bearing1_2,407,871,463,499.33451290402456,484.97706042776844,-451.22052553440153,1449.8895513424507,Non-critical,Non-critical
Bearing1_2,408,871,462,475.07329777702324,484.97706042776844,-475.48174066140285,1425.6283362154493,Non-critical,Non-critical
Bearing1_2,409,871,461,479.28291083221677,484.97706042776844,-471.2721276062093,1429.8379492706429,Non-critical,Non-critical
Bearing1_2,410,871,460,475.5344259499153,484.97706042776844,-475.0206124885108,1426.0894643883414,Non-critical,Non-critical
Bearing1_2,411,871,459,475.20192298733093,484.97706042776844,-475.35311545109516,1425.756961425757,Non-critical,Non-critical
Bearing1_2,412,871,458,480.04197872446616,484.97706042776844,-470.51305971395993,1430.5970171628924,Non-critical,Non-critical
Bearing1_2,413,871,457,478.9034156762816,484.97706042776844,-471.6516227621445,1429.4584541147078,Non-critical,Non-critical
Bearing1_2,414,871,456,485.43264491329666,484.97706042776844,-465.12239352512944,1435.9876833517228,Non-critical,Non-critical
Bearing1_2,415,871,455,478.4376760517992,484.97706042776844,-472.1173623866269,1428.9927144902254,Non-critical,Non-critical
Bearing1_2,416,871,454,475.03795203613504,484.97706042776844,-475.51708640229106,1425.5929904745612,Non-critical,Non-critical
Bearing1_2,417,871,453,446.025140542344,484.97706042776844,-504.5298978960821,1396.5801789807701,Non-critical,Non-critical
Bearing1_2,418,871,452,483.4673867671229,484.97706042776844,-467.0876516713032,1434.022425205549,Non-critical,Non-critical
Bearing1_2,419,871,451,472.0076905427225,484.97706042776844,-478.5473478957036,1422.5627289811487,Non-critical,Non-critical
Bearing1_2,420,871,450,483.46706820662905,484.97706042776844,-467.08797023179704,1434.0221066450551,Non-critical,Non-critical
Bearing1_2,421,871,449,467.8315698637087,484.97706042776844,-482.7234685747174,1418.3866083021348,Non-critical,Non-critical
Bearing1_2,422,871,448,462.015653540673,484.97706042776844,-488.5393848977531,1412.5706919790991,Non-critical,Non-critical
Bearing1_2,423,871,447,471.525612259895,484.97706042776844,-479.0294261785311,1422.080650698321,Non-critical,Non-critical
Bearing1_2,424,871,446,475.60660010478085,484.97706042776844,-474.94843833364524,1426.161638543207,Non-critical,Non-critical
Bearing1_2,425,871,445,471.525612259895,484.97706042776844,-479.0294261785311,1422.080650698321,Non-critical,Non-critical
Bearing1_2,426,871,444,483.9888189614658,484.97706042776844,-466.56621947696027,1434.543857399892,Non-critical,Non-critical
Bearing1_2,427,871,443,451.53301742694384,484.97706042776844,-499.02202101148225,1402.0880558653698,Non-critical,Non-critical
Bearing1_2,428,871,442,446.8413260889228,484.97706042776844,-503.7137123495033,1397.3963645273489,Non-critical,Non-critical
Bearing1_2,429,871,441,453.139320694786,484.97706042776844,-497.4157177436401,1403.6943591332122,Non-critical,Non-critical
Bearing1_2,430,871,440,427.4293540056881,484.97706042776844,-523.125684432738,1377.9843924441143,Non-critical,Non-critical
Bearing1_2,431,871,439,450.6954919127581,484.97706042776844,-499.859546525668,1401.2505303511841,Non-critical,Non-critical
Bearing1_2,432,871,438,442.5101162410374,484.97706042776844,-508.0449221973887,1393.0651546794634,Non-critical,Non-critical
Bearing1_2,433,871,437,454.45157218777143,484.97706042776844,-496.10346625065466,1405.0066106261975,Non-critical,Non-critical
Bearing1_2,434,871,436,444.656227337753,484.97706042776844,-505.8988111006731,1395.211265776179,Non-critical,Non-critical
Bearing1_2,435,871,435,473.63813201508805,484.97706042776844,-476.91690642333805,1424.193170453514,Non-critical,Non-critical
Bearing1_2,436,871,434,445.9874883688143,484.97706042776844,-504.5675500696118,1396.5425268072404,Non-critical,Non-critical
Bearing1_2,437,871,433,448.03314100643405,484.97706042776844,-502.52189743199204,1398.58817944486,Non-critical,Non-critical
Bearing1_2,438,871,432,430.83943298504147,484.97706042776844,-519.7156054533846,1381.3944714234676,Non-critical,Non-critical
Bearing1_2,439,871,431,441.7428582435766,484.97706042776844,-508.8121801948495,1392.2978966820028,Non-critical,Non-critical
Bearing1_2,440,871,430,428.98794115824376,484.97706042776844,-521.5670972801823,1379.5429795966697,Non-critical,Non-critical
Bearing1_2,441,871,429,436.65635306571727,484.97706042776844,-513.8986853727088,1387.2113915041434,Non-critical,Non-critical
Bearing1_2,442,871,428,438.25292951668126,484.97706042776844,-512.3021089217448,1388.8079679551074,Non-critical,Non-critical
Bearing1_2,443,871,427,441.76681110214975,484.97706042776844,-508.78822733627635,1392.3218495405758,Non-critical,Non-critical
Bearing1_2,444,871,426,441.41389453167886,484.97706042776844,-509.14114390674723,1391.968932970105,Non-critical,Non-critical
Bearing1_2,445,871,425,434.79907725129056,484.97706042776844,-515.7559611871355,1385.3541156897168,Non-critical,Non-critical
Bearing1_2,446,871,424,462.8010884766611,484.97706042776844,-487.753949961765,1413.3561269150873,Non-critical,Non-critical
Bearing1_2,447,871,423,435.2503877549009,484.97706042776844,-515.3046506835252,1385.805426193327,Non-critical,Non-critical
Bearing1_2,448,871,422,446.01331506903404,484.97706042776844,-504.54172336939206,1396.5683535074602,Non-critical,Non-critical
Bearing1_2,449,871,421,444.454826296306,484.97706042776844,-506.1002121421201,1395.0098647347322,Non-critical,Non-critical
Bearing1_2,450,871,420,443.2695055757015,484.97706042776844,-507.2855328627246,1393.8245440141277,Non-critical,Non-critical
Bearing1_2,451,871,419,430.22904543537265,484.97706042776844,-520.3259930030534,1380.7840838737989,Non-critical,Non-critical
Bearing1_2,452,871,418,422.44218814987715,484.97706042776844,-528.112850288549,1372.9972265883032,Non-critical,Non-critical
Bearing1_2,453,871,417,422.44218814987715,484.97706042776844,-528.112850288549,1372.9972265883032,Non-critical,Non-critical
Bearing1_2,454,871,416,427.6221763963763,484.97706042776844,-522.9328620420498,1378.1772148348023,Non-critical,Non-critical
Bearing1_2,455,871,415,422.77469111246154,484.97706042776844,-527.7803473259646,1373.3297295508876,Non-critical,Non-critical
Bearing1_2,456,871,414,393.1063357023633,484.97706042776844,-557.4487027360628,1343.6613741407893,Non-critical,Non-critical
Bearing1_2,457,871,413,446.3729769069227,484.97706042776844,-504.1820615315034,1396.9280153453487,Non-critical,Non-critical
Bearing1_2,458,871,412,413.2857262625837,484.97706042776844,-537.2693121758424,1363.84076470101,Non-critical,Non-critical
Bearing1_2,459,871,411,393.1063357023633,484.97706042776844,-557.4487027360628,1343.6613741407893,Non-critical,Non-critical
Bearing1_2,460,871,410,413.64470143873916,484.97706042776844,-536.9103369996869,1364.1997398771653,Non-critical,Non-critical
Bearing1_2,461,871,409,413.1441860049281,484.97706042776844,-537.410852433498,1363.699224443354,Non-critical,Non-critical
Bearing1_2,462,871,408,420.74706209684604,484.97706042776844,-529.8079763415801,1371.302100535272,Non-critical,Non-critical
Bearing1_2,463,871,407,409.5431512664005,484.97706042776844,-541.0118871720256,1360.0981897048266,Non-critical,Non-critical
Bearing1_2,464,871,406,409.86041155333714,484.97706042776844,-540.694626885089,1360.4154499917631,Non-critical,Non-critical
Bearing1_2,465,871,405,383.5627264424912,484.97706042776844,-566.9923119959349,1334.1177648809173,Non-critical,Non-critical
Bearing1_2,466,871,404,419.2782931676348,484.97706042776844,-531.2767452707913,1369.833331606061,Non-critical,Non-critical
Bearing1_2,467,871,403,418.328329859683,484.97706042776844,-532.2267085787431,1368.883368298109,Non-critical,Non-critical
Bearing1_2,468,871,402,407.3035902660249,484.97706042776844,-543.2514481724012,1357.858628704451,Non-critical,Non-critical
Bearing1_2,469,871,401,419.2782931676348,484.97706042776844,-531.2767452707913,1369.833331606061,Non-critical,Non-critical
Bearing1_2,470,871,400,418.709645098989,484.97706042776844,-531.8453933394371,1369.264683537415,Non-critical,Non-critical
Bearing1_2,471,871,399,417.9125347746909,484.97706042776844,-532.6425036637352,1368.467573213117,Non-critical,Non-critical
Bearing1_2,472,871,398,406.88027690422166,484.97706042776844,-543.6747615342044,1357.4353153426478,Non-critical,Non-critical
Bearing1_2,473,871,397,413.00930946033054,484.97706042776844,-537.5457289780956,1363.5643478987568,Non-critical,Non-critical
Bearing1_2,474,871,396,412.4406613916847,484.97706042776844,-538.1143770467413,1362.9956998301109,Non-critical,Non-critical
Bearing1_2,475,871,395,419.4241807329395,484.97706042776844,-531.1308577054866,1369.9792191713655,Non-critical,Non-critical
Bearing1_2,476,871,394,394.86260582614796,484.97706042776844,-555.6924326122781,1345.417644264574,Non-critical,Non-critical
Bearing1_2,477,871,393,395.7857038230184,484.97706042776844,-554.7693346154076,1346.3407422614446,Non-critical,Non-critical
Bearing1_2,478,871,392,395.17500032988323,484.97706042776844,-555.3800381085429,1345.7300387683094,Non-critical,Non-critical
Bearing1_2,479,871,391,389.3026999155747,484.97706042776844,-561.2523385228515,1339.8577383540007,Non-critical,Non-critical
Bearing1_2,480,871,390,395.7857038230184,484.97706042776844,-554.7693346154076,1346.3407422614446,Non-critical,Non-critical
Bearing1_2,481,871,389,388.8021844817637,484.97706042776844,-561.7528539566624,1339.3572229201898,Non-critical,Non-critical
Bearing1_2,482,871,388,394.93941601109634,484.97706042776844,-555.6156224273298,1345.4944544495224,Non-critical,Non-critical
Bearing1_2,483,871,387,361.20725202654353,484.97706042776844,-589.3477864118826,1311.7622904649697,Non-critical,Non-critical
Bearing1_2,484,871,386,394.32871251796115,484.97706042776844,-556.2263259204649,1344.8837509563873,Non-critical,Non-critical
Bearing1_2,485,871,385,394.93941601109634,484.97706042776844,-555.6156224273298,1345.4944544495224,Non-critical,Non-critical
Bearing1_2,486,871,384,394.48129058684196,484.97706042776844,-556.0737478515841,1345.036329025268,Non-critical,Non-critical
Bearing1_2,487,871,383,376.3608936128939,484.97706042776844,-574.1941448255322,1326.91593205132,Non-critical,Non-critical
Bearing1_2,488,871,382,369.90554135074063,484.97706042776844,-580.6494970876854,1320.4605797891668,Non-critical,Non-critical
Bearing1_2,489,871,381,380.6684686648738,484.97706042776844,-569.8865697735523,1331.2235071032999,Non-critical,Non-critical
Bearing1_2,490,871,380,381.2371167335196,484.97706042776844,-569.3179217049064,1331.7921551719458,Non-critical,Non-critical
Bearing1_2,491,871,379,369.86484460901477,484.97706042776844,-580.6901938294113,1320.4198830474409,Non-critical,Non-critical
Bearing1_2,492,871,378,378.37658402371244,484.97706042776844,-572.1784544147137,1328.9316224621384,Non-critical,Non-critical
Bearing1_2,493,871,377,372.2393524943798,484.97706042776844,-578.3156859440463,1322.794390932806,Non-critical,Non-critical
Bearing1_2,494,871,376,369.68866375010344,484.97706042776844,-580.8663746883226,1320.2437021885296,Non-critical,Non-critical
Bearing1_2,495,871,375,363.2737924774945,484.97706042776844,-587.2812459609315,1313.8288309159207,Non-critical,Non-critical
Bearing1_2,496,871,374,362.3411504131532,484.97706042776844,-588.2138880252729,1312.8961888515792,Non-critical,Non-critical
Bearing1_2,497,871,373,370.21373763763916,484.97706042776844,-580.3413008007869,1320.7687760760653,Non-critical,Non-critical
Bearing1_2,498,871,372,360.37133326520956,484.97706042776844,-590.1837051732166,1310.9263717036356,Non-critical,Non-critical
Bearing1_2,499,871,371,369.68866375010344,484.97706042776844,-580.8663746883226,1320.2437021885296,Non-critical,Non-critical
Bearing1_2,500,871,370,356.53405642825044,484.97706042776844,-594.0209820101757,1307.0890948666765,Non-critical,Non-critical
Bearing1_2,501,871,369,371.1342605793427,484.97706042776844,-579.4207778590834,1321.689299017769,Non-critical,Non-critical
Bearing1_2,502,871,368,368.84237593818136,484.97706042776844,-581.7126625002447,1319.3974143766075,Non-critical,Non-critical
Bearing1_2,503,871,367,369.68866375010344,484.97706042776844,-580.8663746883226,1320.2437021885296,Non-critical,Non-critical
Bearing1_2,504,871,366,371.08736326553367,484.97706042776844,-579.4676751728924,1321.6424017039599,Non-critical,Non-critical
Bearing1_2,505,871,365,369.68866375010344,484.97706042776844,-580.8663746883226,1320.2437021885296,Non-critical,Non-critical
Bearing1_2,506,871,364,359.76062977207437,484.97706042776844,-590.7944086663517,1310.3156682105005,Non-critical,Non-critical
Bearing1_2,507,871,363,374.82326588754336,484.97706042776844,-575.7317725508827,1325.3783043259696,Non-critical,Non-critical
Bearing1_2,508,871,362,338.4007634686947,484.97706042776844,-612.1542749697314,1288.9558019071208,Non-critical,Non-critical
Bearing1_2,509,871,361,331.0821185554254,484.97706042776844,-619.4729198830007,1281.6371569938515,Non-critical,Non-critical
Bearing1_2,510,871,360,363.59167696765803,484.97706042776844,-586.9633614707681,1314.1467154060842,Non-critical,Non-critical
Bearing1_2,511,871,359,379.7659569186129,484.97706042776844,-570.7890815198132,1330.320995357039,Non-critical,Non-critical
Bearing1_2,512,871,358,372.49093219374487,484.97706042776844,-578.0641062446812,1323.045970632171,Non-critical,Non-critical
Bearing1_2,513,871,357,364.76482526462985,484.97706042776844,-585.7902131737962,1315.319863703056,Non-critical,Non-critical
Bearing1_2,514,871,356,370.9104255557607,484.97706042776844,-579.6446128826653,1321.4654639941868,Non-critical,Non-critical
Bearing1_2,515,871,355,372.49093219374487,484.97706042776844,-578.0641062446812,1323.045970632171,Non-critical,Non-critical
Bearing1_2,516,871,354,346.84070275324837,484.97706042776844,-603.7143356851777,1297.3957411916745,Non-critical,Non-critical
Bearing1_2,517,871,353,353.99020688614746,484.97706042776844,-596.5648315522786,1304.5452453245734,Non-critical,Non-critical
Bearing1_2,518,871,352,346.84070275324837,484.97706042776844,-603.7143356851777,1297.3957411916745,Non-critical,Non-critical
Bearing1_2,519,871,351,337.94144752716153,484.97706042776844,-612.6135909112645,1288.4964859655877,Non-critical,Non-critical
Bearing1_2,520,871,350,351.10047795164724,484.97706042776844,-599.4545604867789,1301.6555163900734,Non-critical,Non-critical
Bearing1_2,521,871,349,362.6499513616961,484.97706042776844,-587.9050870767301,1313.2049898001221,Non-critical,Non-critical
Bearing1_2,522,871,348,350.5318298830014,484.97706042776844,-600.0232085554246,1301.0868683214276,Non-critical,Non-critical
Bearing1_2,523,871,347,346.02007894163864,484.97706042776844,-604.5349594967875,1296.5751173800647,Non-critical,Non-critical
Bearing1_2,524,871,346,350.2798541400375,484.97706042776844,-600.2751842983886,1300.8348925784635,Non-critical,Non-critical
Bearing1_2,525,871,345,349.7112060713917,484.97706042776844,-600.8438323670343,1300.2662445098179,Non-critical,Non-critical
Bearing1_2,526,871,344,321.54762554752574,484.97706042776844,-629.0074128909004,1272.102663985952,Non-critical,Non-critical
Bearing1_2,527,871,343,361.82932755008636,484.97706042776844,-588.7257108883398,1312.3843659885124,Non-critical,Non-critical
Bearing1_2,528,871,342,344.89769772790885,484.97706042776844,-605.6573407105172,1295.452736166335,Non-critical,Non-critical
Bearing1_2,529,871,341,319.27149774605346,484.97706042776844,-631.2835406923726,1269.8265361844797,Non-critical,Non-critical
Bearing1_2,530,871,340,349.7112060713917,484.97706042776844,-600.8438323670343,1300.2662445098179,Non-critical,Non-critical
Bearing1_2,531,871,339,337.57784871100023,484.97706042776844,-612.9771897274259,1288.1328871494263,Non-critical,Non-critical
Bearing1_2,532,871,338,339.00992204938086,484.97706042776844,-611.5451163890452,1289.564960487807,Non-critical,Non-critical
Bearing1_2,533,871,337,343.20156461294494,484.97706042776844,-607.3534738254812,1293.756603051371,Non-critical,Non-critical
Bearing1_2,534,871,336,343.26969724777973,484.97706042776844,-607.2853411906464,1293.8247356862057,Non-critical,Non-critical
Bearing1_2,535,871,335,329.8710566863073,484.97706042776844,-620.6839817521188,1280.4260951247334,Non-critical,Non-critical
Bearing1_2,536,871,334,328.0264131503044,484.97706042776844,-622.5286252881217,1278.5814515887305,Non-critical,Non-critical
Bearing1_2,537,871,333,331.5870996233321,484.97706042776844,-618.9679388150939,1282.1421380617583,Non-critical,Non-critical
Bearing1_2,538,871,332,338.21557305737196,484.97706042776844,-612.3394653810542,1288.770611495798,Non-critical,Non-critical
Bearing1_2,539,871,331,336.92566837639123,484.97706042776844,-613.6293700620349,1287.4807068148173,Non-critical,Non-critical
Bearing1_2,540,871,330,328.4834381457528,484.97706042776844,-622.0716002926733,1279.0384765841789,Non-critical,Non-critical
Bearing1_2,541,871,329,315.0603455059131,484.97706042776844,-635.494692932513,1265.615383944339,Non-critical,Non-critical
Bearing1_2,542,871,328,336.92566837639123,484.97706042776844,-613.6293700620349,1287.4807068148173,Non-critical,Non-critical
Bearing1_2,543,871,327,335.8002501452657,484.97706042776844,-614.7547882931603,1286.3552885836918,Non-critical,Non-critical
Bearing1_2,544,871,326,324.1566720801355,484.97706042776844,-626.3983663582906,1274.7117105185616,Non-critical,Non-critical
Bearing1_2,545,871,325,331.5404749468668,484.97706042776844,-619.0145634915593,1282.0955133852929,Non-critical,Non-critical
Bearing1_2,546,871,324,346.70289632848335,484.97706042776844,-603.8521421099427,1297.2579347669093,Non-critical,Non-critical
Bearing1_2,547,871,323,345.49793416155455,484.97706042776844,-605.0571042768715,1296.0529725999806,Non-critical,Non-critical
Bearing1_2,548,871,322,335.2316020766199,484.97706042776844,-615.3234363618062,1285.786640515046,Non-critical,Non-critical
Bearing1_2,549,871,321,309.1065040077429,484.97706042776844,-641.4485344306831,1259.661542446169,Non-critical,Non-critical
Bearing1_2,550,871,320,322.45026034278004,484.97706042776844,-628.104778095646,1273.0052987812062,Non-critical,Non-critical
Bearing1_2,551,871,319,319.2161582084754,484.97706042776844,-631.3388802299507,1269.7711966469014,Non-critical,Non-critical
Bearing1_2,552,871,318,323.01890841142585,484.97706042776844,-627.5361300270002,1273.5739468498518,Non-critical,Non-critical
Bearing1_2,553,871,317,318.759133213027,484.97706042776844,-631.7959052253991,1269.314171651453,Non-critical,Non-critical
Bearing1_2,554,871,316,319.573172426292,484.97706042776844,-630.9818660121341,1270.128210864718,Non-critical,Non-critical
Bearing1_2,555,871,315,303.81936777476375,484.97706042776844,-646.7356706636624,1254.3744062131898,Non-critical,Non-critical
Bearing1_2,556,871,314,313.3395483771433,484.97706042776844,-637.2154900612828,1263.8945868155693,Non-critical,Non-critical
Bearing1_2,557,871,313,313.3395483771433,484.97706042776844,-637.2154900612828,1263.8945868155693,Non-critical,Non-critical
Bearing1_2,558,871,312,313.3395483771433,484.97706042776844,-637.2154900612828,1263.8945868155693,Non-critical,Non-critical
Bearing1_2,559,871,311,310.53401479020573,484.97706042776844,-640.0210236482203,1261.0890532286319,Non-critical,Non-critical
Bearing1_2,560,871,310,298.36742800651183,484.97706042776844,-652.1876104319142,1248.922466444938,Non-critical,Non-critical
Bearing1_2,561,871,309,311.50198386565705,484.97706042776844,-639.053054572769,1262.0570223040831,Non-critical,Non-critical
Bearing1_2,562,871,308,304.70474166401436,484.97706042776844,-645.8502967744117,1255.2597801024403,Non-critical,Non-critical
Bearing1_2,563,871,307,296.24927080229287,484.97706042776844,-654.3057676361332,1246.804309240719,Non-critical,Non-critical
Bearing1_2,564,871,306,294.9086843191781,484.97706042776844,-655.6463541192479,1245.4637227576043,Non-critical,Non-critical
Bearing1_2,565,871,305,302.6087481465868,484.97706042776844,-647.9462902918393,1253.163786585013,Non-critical,Non-critical
Bearing1_2,566,871,304,274.6950485182585,484.97706042776844,-675.8599899201677,1225.2500869566845,Non-critical,Non-critical
Bearing1_2,567,871,303,298.85780798820474,484.97706042776844,-651.6972304502214,1249.412846426631,Non-critical,Non-critical
Bearing1_2,568,871,302,300.4702926412536,484.97706042776844,-650.0847457971724,1251.0253310796797,Non-critical,Non-critical
Bearing1_2,569,871,301,289.0503955310003,484.97706042776844,-661.5046429074258,1239.6054339694265,Non-critical,Non-critical
Bearing1_2,570,871,300,291.7204063331664,484.97706042776844,-658.8346321052597,1242.2754447715924,Non-critical,Non-critical
Bearing1_2,571,871,299,281.2746219474492,484.97706042776844,-669.2804164909769,1231.8296603858753,Non-critical,Non-critical
Bearing1_2,572,871,298,248.5284919761355,484.97706042776844,-702.0265464622905,1199.0835304145617,Non-critical,Non-critical
Bearing1_2,573,871,297,291.7204063331664,484.97706042776844,-658.8346321052597,1242.2754447715924,Non-critical,Non-critical
Bearing1_2,574,871,296,281.2746219474492,484.97706042776844,-669.2804164909769,1231.8296603858753,Non-critical,Non-critical
Bearing1_2,575,871,295,288.7531041119793,484.97706042776844,-661.8019343264468,1239.3081425504054,Non-critical,Non-critical
Bearing1_2,576,871,294,288.7531041119793,484.97706042776844,-661.8019343264468,1239.3081425504054,Non-critical,Non-critical
Bearing1_2,577,871,293,288.7531041119793,484.97706042776844,-661.8019343264468,1239.3081425504054,Non-critical,Non-critical
Bearing1_2,578,871,292,288.7531041119793,484.97706042776844,-661.8019343264468,1239.3081425504054,Non-critical,Non-critical
Bearing1_2,579,871,291,247.67636698322457,484.97706042776844,-702.8786714552016,1198.2314054216506,Non-critical,Non-critical
Bearing1_2,580,871,290,287.3352477415788,484.97706042776844,-663.2197906968472,1237.890286180005,Non-critical,Non-critical
Bearing1_2,581,871,289,286.752846661094,484.97706042776844,-663.8021917773322,1237.30788509952,Non-critical,Non-critical
Bearing1_2,582,871,288,282.89999620329576,484.97706042776844,-667.6550422351304,1233.4550346417218,Non-critical,Non-critical
Bearing1_2,583,871,287,287.945951234714,484.97706042776844,-662.6090872037121,1238.50098967314,Non-critical,Non-critical
Bearing1_2,584,871,286,282.5640840336966,484.97706042776844,-667.9909544047296,1233.1191224721226,Non-critical,Non-critical
Bearing1_2,585,871,285,285.8353932234712,484.97706042776844,-664.7196452149549,1236.3904316618973,Non-critical,Non-critical
Bearing1_2,586,871,284,278.1715770935647,484.97706042776844,-672.3834613448614,1228.7266155319908,Non-critical,Non-critical
Bearing1_2,587,871,283,283.12790922270807,484.97706042776844,-667.427129215718,1233.6829476611342,Non-critical,Non-critical
Bearing1_2,588,871,282,278.7131777375455,484.97706042776844,-671.8418607008806,1229.2682161759717,Non-critical,Non-critical
Bearing1_2,589,871,281,286.27555484248967,484.97706042776844,-664.2794835959364,1236.8305932809158,Non-critical,Non-critical
Bearing1_2,590,871,280,289.61984230061796,484.97706042776844,-660.9351961378081,1240.174880739044,Non-critical,Non-critical
Bearing1_2,591,871,279,286.27555484248967,484.97706042776844,-664.2794835959364,1236.8305932809158,Non-critical,Non-critical
Bearing1_2,592,871,278,275.82977045677245,484.97706042776844,-674.7252679816536,1226.3848088951986,Non-critical,Non-critical
Bearing1_2,593,871,277,275.59016031978575,484.97706042776844,-674.9648781186404,1226.1451987582118,Non-critical,Non-critical
Bearing1_2,594,871,276,275.26649910483025,484.97706042776844,-675.2885393335958,1225.8215375432565,Non-critical,Non-critical
Bearing1_2,595,871,275,285.5865774897253,484.97706042776844,-664.9684609487008,1236.1416159281514,Non-critical,Non-critical
Bearing1_2,596,871,274,272.2979614833169,484.97706042776844,-678.2570769551091,1222.852999921743,Non-critical,Non-critical
Bearing1_2,597,871,273,272.2979614833169,484.97706042776844,-678.2570769551091,1222.852999921743,Non-critical,Non-critical
Bearing1_2,598,871,272,271.1817808416703,484.97706042776844,-679.3732575967558,1221.7368192800964,Non-critical,Non-critical
Bearing1_2,599,871,271,262.2825256155835,484.97706042776844,-688.2725128228426,1212.8375640540096,Non-critical,Non-critical
Bearing1_2,600,871,270,272.2979614833169,484.97706042776844,-678.2570769551091,1222.852999921743,Non-critical,Non-critical
Bearing1_2,601,871,269,272.2979614833169,484.97706042776844,-678.2570769551091,1222.852999921743,Non-critical,Non-critical
Bearing1_2,602,871,268,266.17739864592494,484.97706042776844,-684.3776397925012,1216.732437084351,Non-critical,Non-critical
Bearing1_2,603,871,267,281.27462422266984,484.97706042776844,-669.2804142157563,1231.8296626610959,Non-critical,Non-critical
Bearing1_2,604,871,266,269.5817200134989,484.97706042776844,-680.9733184249271,1220.136758451925,Non-critical,Non-critical
Bearing1_2,605,871,265,295.1328647240537,484.97706042776844,-655.4221737143723,1245.6879031624799,Non-critical,Non-critical
Bearing1_2,606,871,264,262.8736749185315,484.97706042776844,-687.6813635198946,1213.4287133569576,Non-critical,Non-critical
Bearing1_2,607,871,263,229.01849074087522,484.97706042776844,-721.5365476975509,1179.5735291793012,Non-critical,Non-critical
Bearing1_2,608,871,262,280.87825824579386,484.97706042776844,-669.6767801926322,1231.4332966842198,Non-critical,Non-critical
Bearing1_2,609,871,261,261.4349528325282,484.97706042776844,-689.1200856058979,1211.9899912709543,Non-critical,Non-critical
Bearing1_2,610,871,260,231.53930798487528,484.97706042776844,-719.0157304535508,1182.0943464233014,Non-critical,Non-critical
Bearing1_2,611,871,259,263.1680375393932,484.97706042776844,-687.387000899033,1213.7230759778192,Non-critical,Non-critical
Bearing1_2,612,871,258,262.0456563256634,484.97706042776844,-688.5093821127628,1212.6006947640894,Non-critical,Non-critical
Bearing1_2,613,871,257,262.04455589685745,484.97706042776844,-688.5104825415686,1212.5995943352837,Non-critical,Non-critical
Bearing1_2,614,871,256,253.41846868318422,484.97706042776844,-697.1365697552419,1203.9735071216103,Non-critical,Non-critical
Bearing1_2,615,871,255,261.28104191689613,484.97706042776844,-689.27399652153,1211.8360803553223,Non-critical,Non-critical
Bearing1_2,616,871,254,259.84748777974016,484.97706042776844,-690.7075506586859,1210.4025262181663,Non-critical,Non-critical
Bearing1_2,617,871,253,264.5560685229224,484.97706042776844,-685.9989699155037,1215.1111069613485,Non-critical,Non-critical
Bearing1_2,618,871,252,256.688473920263,484.97706042776844,-693.8665645181632,1207.243512358689,Non-critical,Non-critical
Bearing1_2,619,871,251,222.32933193262494,484.97706042776844,-728.2257065058011,1172.884370371051,Non-critical,Non-critical
Bearing1_2,620,871,250,249.3697253321602,484.97706042776844,-701.1853131062659,1199.9247637705862,Non-critical,Non-critical
Bearing1_2,621,871,249,244.79732528382203,484.97706042776844,-705.7577131546041,1195.3523637222481,Non-critical,Non-critical
Bearing1_2,622,871,248,252.21806509894543,484.97706042776844,-698.3369733394807,1202.7731035373715,Non-critical,Non-critical
Bearing1_2,623,871,247,246.54461588064538,484.97706042776844,-704.0104225577807,1197.0996543190715,Non-critical,Non-critical
Bearing1_2,624,871,246,209.87222328272054,484.97706042776844,-740.6828151557056,1160.4272617211466,Non-critical,Non-critical
Bearing1_2,625,871,245,247.00164087609377,484.97706042776844,-703.5533975623323,1197.55667931452,Non-critical,Non-critical
Bearing1_2,626,871,244,244.56171423644795,484.97706042776844,-705.9933242019781,1195.116752674874,Non-critical,Non-critical
Bearing1_2,627,871,243,242.106070545305,484.97706042776844,-708.4489678931211,1192.661108983731,Non-critical,Non-critical
Bearing1_2,628,871,242,246.10824339607828,484.97706042776844,-704.4467950423478,1196.6632818345045,Non-critical,Non-critical
Bearing1_2,629,871,241,236.1194840058095,484.97706042776844,-714.4355544326165,1186.6745224442357,Non-critical,Non-critical
Bearing1_2,630,871,240,240.19176499908139,484.97706042776844,-710.3632734393448,1190.7468034375074,Non-critical,Non-critical
Bearing1_2,631,871,239,241.4586930675774,484.97706042776844,-709.0963453708487,1192.0137315060035,Non-critical,Non-critical
Bearing1_2,632,871,238,215.88130509007345,484.97706042776844,-734.6737333483527,1166.4363435284995,Non-critical,Non-critical
Bearing1_2,633,871,237,231.01290868186024,484.97706042776844,-719.5421297565658,1181.5679471202864,Non-critical,Non-critical
Bearing1_2,634,871,236,238.7886822654112,484.97706042776844,-711.7663561730149,1189.3437207038373,Non-critical,Non-critical
Bearing1_2,635,871,235,231.88984090026565,484.97706042776844,-718.6651975381604,1182.4448793386919,Non-critical,Non-critical
Bearing1_2,636,871,234,221.25053497387046,484.97706042776844,-729.3045034645556,1171.8055734122966,Non-critical,Non-critical
Bearing1_2,637,871,233,229.26701912321414,484.97706042776844,-721.288019315212,1179.8220575616401,Non-critical,Non-critical
Bearing1_2,638,871,232,232.50457756522016,484.97706042776844,-718.0504608732059,1183.0596160036462,Non-critical,Non-critical
Bearing1_2,639,871,231,220.54020795497237,484.97706042776844,-730.0148304834537,1171.0952463933984,Non-critical,Non-critical
Bearing1_2,640,871,230,222.03331262784062,484.97706042776844,-728.5217258105855,1172.5883510662668,Non-critical,Non-critical
Bearing1_2,641,871,229,229.09862141317703,484.97706042776844,-721.456417025249,1179.6536598516032,Non-critical,Non-critical
Bearing1_2,642,871,228,225.81790711787568,484.97706042776844,-724.7371313205504,1176.3729455563018,Non-critical,Non-critical
Bearing1_2,643,871,227,189.2991930176376,484.97706042776844,-761.2558454207885,1139.8542314560636,Non-critical,Wear detectable
Bearing1_2,644,871,226,229.66726948182284,484.97706042776844,-720.8877689566033,1180.222307920249,Non-critical,Non-critical
Bearing1_2,645,871,225,232.5569984163231,484.97706042776844,-717.9980400221029,1183.1120368547492,Non-critical,Non-critical
Bearing1_2,646,871,224,226.35290085486847,484.97706042776844,-724.2021375835576,1176.9079392932945,Non-critical,Non-critical
Bearing1_2,647,871,223,225.09644856240374,484.97706042776844,-725.4585898760224,1175.6514870008298,Non-critical,Non-critical
Bearing1_2,648,871,222,217.911771053036,484.97706042776844,-732.6432673853901,1168.466809491462,Non-critical,Non-critical
Bearing1_2,649,871,221,226.91618238725061,484.97706042776844,-723.6388560511755,1177.4712208256767,Non-critical,Non-critical
Bearing1_2,650,871,220,194.2470362670067,484.97706042776844,-756.3080021714194,1144.802074705433,Non-critical,Wear detectable
Bearing1_2,651,871,219,220.5422899732511,484.97706042776844,-730.012748465175,1171.0973284116772,Non-critical,Non-critical
Bearing1_2,652,871,218,211.32650067820404,484.97706042776844,-739.228537760222,1161.8815391166302,Non-critical,Non-critical
Bearing1_2,653,871,217,204.1898015710189,484.97706042776844,-746.3652368674072,1154.744840009445,Non-critical,Non-critical
Bearing1_2,654,871,216,201.46480841724872,484.97706042776844,-749.0902300211774,1152.0198468556748,Non-critical,Non-critical
Bearing1_2,655,871,215,220.5360894011679,484.97706042776844,-730.0189490372582,1171.091127839594,Non-critical,Non-critical
Bearing1_2,656,871,214,212.5137663934865,484.97706042776844,-738.0412720449397,1163.0688048319125,Non-critical,Non-critical
Bearing1_2,657,871,213,225.42690601892656,484.97706042776844,-725.1281324194995,1175.9819444573527,Non-critical,Non-critical
Bearing1_2,658,871,212,210.3583079918441,484.97706042776844,-740.196730446582,1160.9133464302702,Non-critical,Non-critical
Bearing1_2,659,871,211,209.70518753127544,484.97706042776844,-740.8498509071507,1160.2602259697014,Non-critical,Non-critical
Bearing1_2,660,871,210,220.39058205397933,484.97706042776844,-730.1644563844468,1170.9456204924054,Non-critical,Non-critical
Bearing1_2,661,871,209,211.83159473650466,484.97706042776844,-738.7234437019215,1162.3866331749307,Non-critical,Non-critical
Bearing1_2,662,871,208,220.95923012262514,484.97706042776844,-729.5958083158009,1171.5142685610513,Non-critical,Non-critical
Bearing1_2,663,871,207,194.52614111218813,484.97706042776844,-756.0288973262379,1145.0811795506143,Non-critical,Wear detectable
Bearing1_2,664,871,206,176.73055339946745,484.97706042776844,-773.8244850389586,1127.2855918378937,Non-critical,Wear detectable
Bearing1_2,665,871,205,207.86352583757818,484.97706042776844,-742.6915126008479,1158.4185642760042,Non-critical,Non-critical
Bearing1_2,666,871,204,193.88074117055504,484.97706042776844,-756.674297267871,1144.4357796089812,Non-critical,Wear detectable
Bearing1_2,667,871,203,193.88074117055504,484.97706042776844,-756.674297267871,1144.4357796089812,Non-critical,Wear detectable
Bearing1_2,668,871,202,194.33776616600343,484.97706042776844,-756.2172722724226,1144.8928046044296,Non-critical,Wear detectable
Bearing1_2,669,871,201,194.77655195416435,484.97706042776844,-755.7784864842617,1145.3315903925904,Non-critical,Wear detectable
Bearing1_2,670,871,200,196.00714837578425,484.97706042776844,-754.5478900626418,1146.5621868142102,Wear detectable,Wear detectable
Bearing1_2,671,871,199,183.3796774810636,484.97706042776844,-767.1753609573625,1133.9347159194897,Wear detectable,Wear detectable
Bearing1_2,672,871,198,193.49942593124902,484.97706042776844,-757.0556125071771,1144.054464369675,Wear detectable,Wear detectable
Bearing1_2,673,871,197,194.12035130754177,484.97706042776844,-756.4346871308843,1144.6753897459678,Wear detectable,Wear detectable
Bearing1_2,674,871,196,186.35147453808682,484.97706042776844,-764.2035639003393,1136.9065129765129,Wear detectable,Wear detectable
Bearing1_2,675,871,195,185.73054916179407,484.97706042776844,-764.824489276632,1136.2855876002202,Wear detectable,Wear detectable
Bearing1_2,676,871,194,186.06496708729102,484.97706042776844,-764.490071351135,1136.620005525717,Wear detectable,Wear detectable
Bearing1_2,677,871,193,156.4291824596187,484.97706042776844,-794.1258559788074,1106.984220898045,Wear detectable,Wear detectable
Bearing1_2,678,871,192,185.50116090796493,484.97706042776844,-765.0538775304611,1136.056199346391,Wear detectable,Wear detectable
Bearing1_2,679,871,191,169.04664886789635,484.97706042776844,-781.5083895705297,1119.6016873063224,Wear detectable,Wear detectable
Bearing1_2,680,871,190,193.01766119371078,484.97706042776844,-757.5373772447153,1143.5726996321368,Wear detectable,Wear detectable
Bearing1_2,681,871,189,186.187563761788,484.97706042776844,-764.367474676638,1136.7426022002142,Wear detectable,Wear detectable
Bearing1_2,682,871,188,167.359151389582,484.97706042776844,-783.195887048844,1117.9141898280081,Wear detectable,Wear detectable
Bearing1_2,683,871,187,198.87844324135068,484.97706042776844,-751.6765951970754,1149.4334816797768,Wear detectable,Wear detectable
Bearing1_2,684,871,186,195.23128182108346,484.97706042776844,-755.3237566173426,1145.7863202595095,Wear detectable,Wear detectable
Bearing1_2,685,871,185,169.898469752501,484.97706042776844,-780.6565686859251,1120.453508190927,Wear detectable,Wear detectable
Bearing1_2,686,871,184,175.65940461064918,484.97706042776844,-774.8956338277769,1126.2144430490753,Wear detectable,Wear detectable
Bearing1_2,687,871,183,153.74030071385454,484.97706042776844,-796.8147377245716,1104.2953391522806,Wear detectable,Wear detectable
Bearing1_2,688,871,182,172.15374351510144,484.97706042776844,-778.4012949233247,1122.7087819535275,Wear detectable,Wear detectable
Bearing1_2,689,871,181,181.57588300764607,484.97706042776844,-768.97915543078,1132.130921446072,Wear detectable,Wear detectable
Bearing1_2,690,871,180,170.8435911711331,484.97706042776844,-779.711447267293,1121.3986296095593,Wear detectable,Wear detectable
Bearing1_2,691,871,179,171.1300986219289,484.97706042776844,-779.4249398164972,1121.685137060355,Wear detectable,Wear detectable
Bearing1_2,692,871,178,184.9201704657744,484.97706042776844,-765.6348679726517,1135.4752089042004,Wear detectable,Wear detectable
Bearing1_2,693,871,177,170.89048848494218,484.97706042776844,-779.6645499534839,1121.4455269233683,Wear detectable,Wear detectable
Bearing1_2,694,871,176,178.90697263428586,484.97706042776844,-771.6480658041403,1129.462011072712,Wear detectable,Wear detectable
Bearing1_2,695,871,175,164.2733847149131,484.97706042776844,-786.281653723513,1114.8284231533391,Wear detectable,Wear detectable
Bearing1_2,696,871,174,164.22648740110404,484.97706042776844,-786.3285510373221,1114.78152583953,Wear detectable,Wear detectable
Bearing1_2,697,871,173,164.8521516681843,484.97706042776844,-785.7028867702418,1115.4071901066104,Wear detectable,Wear detectable
Bearing1_2,698,871,172,164.73661028244467,484.97706042776844,-785.8184281559815,1115.2916487208709,Wear detectable,Wear detectable
Bearing1_2,699,871,171,171.8317434400024,484.97706042776844,-778.7232949984236,1122.3867818784286,Wear detectable,Wear detectable
Bearing1_2,700,871,170,165.53663974507236,484.97706042776844,-785.0183986933537,1116.0916781834985,Wear detectable,Wear detectable
Bearing1_2,701,871,169,170.9566063868437,484.97706042776844,-779.5984320515824,1121.5116448252697,Wear detectable,Wear detectable
Bearing1_2,702,871,168,156.38425805790322,484.97706042776844,-794.1707803805228,1106.9392964963292,Wear detectable,Wear detectable
Bearing1_2,703,871,167,152.90406172548055,484.97706042776844,-797.6509767129455,1103.4591001639067,Wear detectable,Wear detectable
Bearing1_2,704,871,166,154.54863199494582,484.97706042776844,-796.0064064434803,1105.103670433372,Wear detectable,Wear detectable
Bearing1_2,705,871,165,152.66847289956823,484.97706042776844,-797.8865655388579,1103.2235113379943,Wear detectable,Wear detectable
Bearing1_2,706,871,164,154.54243142286265,484.97706042776844,-796.0126070155634,1105.0974698612888,Wear detectable,Wear detectable
Bearing1_2,707,871,163,162.41804175577695,484.97706042776844,-788.1369966826492,1112.973080194203,Wear detectable,Wear detectable
Bearing1_2,708,871,162,154.54243142286265,484.97706042776844,-796.0126070155634,1105.0974698612888,Wear detectable,Wear detectable
Bearing1_2,709,871,161,152.89786115339737,484.97706042776844,-797.6571772850288,1103.4528995918236,Wear detectable,Wear detectable
Bearing1_2,710,871,160,160.8375351177927,484.97706042776844,-789.7175033206333,1111.3925735562188,Wear detectable,Wear detectable
Bearing1_2,711,871,159,152.45662141394345,484.97706042776844,-798.0984170244826,1103.0116598523696,Wear detectable,Wear detectable
Bearing1_2,712,871,158,152.45042084186028,484.97706042776844,-798.1046175965658,1103.0054592802865,Wear detectable,Wear detectable
Bearing1_2,713,871,157,133.37913985794103,484.97706042776844,-817.1758985804851,1083.934178296367,Wear detectable,Wear detectable
Bearing1_2,714,871,156,144.83889521127304,484.97706042776844,-805.716143227153,1095.3939336496992,Wear detectable,Wear detectable
Bearing1_2,715,871,155,142.70085198565155,484.97706042776844,-807.8541864527746,1093.2558904240777,Wear detectable,Wear detectable
Bearing1_2,716,871,154,139.73447458880082,484.97706042776844,-810.8205638496253,1090.2895130272268,Wear detectable,Wear detectable
Bearing1_2,717,871,153,139.12377109566566,484.97706042776844,-811.4312673427604,1089.6788095340917,Wear detectable,Wear detectable
Bearing1_2,718,871,152,143.74026308330363,484.97706042776844,-806.8147753551225,1094.2953015217297,Wear detectable,Wear detectable
Bearing1_2,719,871,151,139.73447458880082,484.97706042776844,-810.8205638496253,1090.2895130272268,Wear detectable,Wear detectable
Bearing1_2,720,871,150,139.73447458880082,484.97706042776844,-810.8205638496253,1090.2895130272268,Wear detectable,Wear detectable
Bearing1_2,721,871,149,140.04227180772176,484.97706042776844,-810.5127666307044,1090.5973102461478,Wear detectable,Wear detectable
Bearing1_2,722,871,148,142.9677505835758,484.97706042776844,-807.5872878548503,1093.522789022002,Wear detectable,Wear detectable
Bearing1_2,723,871,147,140.04847237980493,484.97706042776844,-810.5065660586212,1090.603510818231,Wear detectable,Wear detectable
Bearing1_2,724,871,146,140.0589074152336,484.97706042776844,-810.4961310231924,1090.6139458536597,Wear detectable,Wear detectable
Bearing1_2,725,871,145,140.4402226545396,484.97706042776844,-810.1148157838865,1090.9952610929656,Wear detectable,Wear detectable
Bearing1_2,726,871,144,140.4402226545396,484.97706042776844,-810.1148157838865,1090.9952610929656,Wear detectable,Wear detectable
Bearing1_2,727,871,143,140.0589074152336,484.97706042776844,-810.4961310231924,1090.6139458536597,Wear detectable,Wear detectable
Bearing1_2,728,871,142,139.60434889160553,484.97706042776844,-810.9506895468205,1090.1593873300317,Wear detectable,Wear detectable
Bearing1_2,729,871,141,140.44642322662278,484.97706042776844,-810.1086152118033,1091.001461665049,Wear detectable,Wear detectable
Bearing1_2,730,871,140,135.92750131631902,484.97706042776844,-814.627537122107,1086.4825397547452,Wear detectable,Wear detectable
Bearing1_2,731,871,139,132.24581734932124,484.97706042776844,-818.3092210891049,1082.8008557877474,Wear detectable,Wear detectable
Bearing1_2,732,871,138,133.08415758407565,484.97706042776844,-817.4708808543504,1083.6391960225017,Wear detectable,Wear detectable
Bearing1_2,733,871,137,119.72518689926882,484.97706042776844,-830.8298515391573,1070.280225337695,Wear detectable,Wear detectable
Bearing1_2,734,871,136,120.79291538785239,484.97706042776844,-829.7621230505737,1071.3479538262784,Wear detectable,Wear detectable
Bearing1_2,735,871,135,119.93323129551025,484.97706042776844,-830.6218071429158,1070.4882697339362,Wear detectable,Wear detectable
Bearing1_2,736,871,134,120.33589039240401,484.97706042776844,-830.219148046022,1070.89092883083,Wear detectable,Wear detectable
Bearing1_2,737,871,133,121.199042567474,484.97706042776844,-829.3559958709521,1071.7540810059002,Wear detectable,Wear detectable
Bearing1_2,738,871,132,104.8618427212182,484.97706042776844,-845.6931957172079,1055.4168811596444,Wear detectable,Wear detectable
Bearing1_2,739,871,131,119.72710888083742,484.97706042776844,-830.8279295575887,1070.2821473192635,Wear detectable,Wear detectable
Bearing1_2,740,871,130,103.38990903458162,484.97706042776844,-847.1651294038445,1053.9449474730077,Wear detectable,Wear detectable
Bearing1_2,741,871,129,111.91942102267474,484.97706042776844,-838.6356174157513,1062.4744594611009,Wear detectable,Wear detectable
Bearing1_2,742,871,128,111.99345128780477,484.97706042776844,-838.5615871506213,1062.5484897262309,Wear detectable,Wear detectable
Bearing1_2,743,871,127,113.1550009070575,484.97706042776844,-837.4000375313686,1063.7100393454837,Wear detectable,Wear detectable
Bearing1_2,744,871,126,111.72033540490573,484.97706042776844,-838.8347030335203,1062.2753738433319,Wear detectable,Wear detectable
Bearing1_2,745,871,125,123.86582685101858,484.97706042776844,-826.6892115874075,1074.4208652894447,Wear detectable,Wear detectable
Bearing1_2,746,871,124,111.5516961332739,484.97706042776844,-839.0033423051522,1062.1067345717,Wear detectable,Wear detectable
Bearing1_2,747,871,123,109.35441845352263,484.97706042776844,-841.2006199849035,1059.9094568919488,Wear detectable,Wear detectable
Bearing1_2,748,871,122,110.26661072264169,484.97706042776844,-840.2884277157845,1060.8216491610679,Wear detectable,Wear detectable
Bearing1_2,749,871,121,110.30465760095574,484.97706042776844,-840.2503808374704,1060.8596960393818,Wear detectable,Wear detectable
Bearing1_2,750,871,120,102.8179529560927,484.97706042776844,-847.7370854823334,1053.3729913945187,Wear detectable,Wear detectable
Bearing1_2,751,871,119,111.17038089396786,484.97706042776844,-839.3846575444583,1061.725419332394,Wear detectable,Wear detectable
Bearing1_2,752,871,118,113.2736949382484,484.97706042776844,-837.2813435001777,1063.8287333766746,Wear detectable,Wear detectable
Bearing1_2,753,871,117,111.7400710794586,484.97706042776844,-838.8149673589675,1062.2951095178846,Wear detectable,Wear detectable
Bearing1_2,754,871,116,110.55967740083267,484.97706042776844,-839.9953610375934,1061.1147158392587,Wear detectable,Wear detectable
Bearing1_2,755,871,115,117.84355310304892,484.97706042776844,-832.7114853353771,1068.398591541475,Wear detectable,Wear detectable
Bearing1_2,756,871,114,126.7554826323342,484.97706042776844,-823.7995558060919,1077.3105210707604,Wear detectable,Wear detectable
Bearing1_2,757,871,113,102.2072494629575,484.97706042776844,-848.3477889754686,1052.7622879013836,Wear detectable,Wear detectable
Bearing1_2,758,871,112,111.48891719059897,484.97706042776844,-839.0661212478271,1062.043955629025,Wear detectable,Wear detectable
Bearing1_2,759,871,111,108.92433783928351,484.97706042776844,-841.6307005991425,1059.4793762777097,Wear detectable,Wear detectable
Bearing1_2,760,871,110,95.78120741698974,484.97706042776844,-854.7738310214363,1046.3362458554159,Wear detectable,Wear detectable
Bearing1_2,761,871,109,88.2945027721267,484.97706042776844,-862.2605356662993,1038.8495412105528,Wear detectable,Wear detectable
Bearing1_2,762,871,108,92.70389955727208,484.97706042776844,-857.851138881154,1043.2589379956983,Wear detectable,Wear detectable
Bearing1_2,763,871,107,94.86104720875082,484.97706042776844,-855.6939912296752,1045.416085647177,Wear detectable,Wear detectable
Bearing1_2,764,871,106,113.18227159580132,484.97706042776844,-837.3727668426247,1063.7373100342274,Wear detectable,Wear detectable
Bearing1_2,765,871,105,97.0282459493079,484.97706042776844,-853.5267924891182,1047.583284387734,Wear detectable,Wear detectable
Bearing1_2,766,871,104,112.80068051701402,484.97706042776844,-837.7543579214121,1063.3557189554401,Wear detectable,Wear detectable
Bearing1_2,767,871,103,96.60003339619281,484.97706042776844,-853.9550050422333,1047.1550718346189,Wear detectable,Wear detectable
Bearing1_2,768,871,102,87.16364786776656,484.97706042776844,-863.3913905706595,1037.7186863061927,Wear detectable,Wear detectable
Bearing1_2,769,871,101,94.8371688416398,484.97706042776844,-855.7178695967863,1045.3922072800658,Wear detectable,Wear detectable
Bearing1_2,770,871,100,90.80601539819165,484.97706042776844,-859.7490230402344,1041.3610538366177,Wear detectable,Wear detectable
Bearing1_2,771,871,99,97.0282459493079,484.97706042776844,-853.5267924891182,1047.583284387734,Wear detectable,Wear detectable
Bearing1_2,772,871,98,85.18781347286702,484.97706042776844,-865.3672249655591,1035.7428519112932,Wear detectable,Wear detectable
Bearing1_2,773,871,97,92.30444254060797,484.97706042776844,-858.2505958978181,1042.859480979034,Wear detectable,Wear detectable
Bearing1_2,774,871,96,93.82569613335635,484.97706042776844,-856.7293423050697,1044.3807345717823,Wear detectable,Wear detectable
Bearing1_2,775,871,95,76.24647323177176,484.97706042776844,-874.3085652066543,1026.801511670198,Wear detectable,Imminent failure
Bearing1_2,776,871,94,93.05283166104545,484.97706042776844,-857.5022067773807,1043.6078700994715,Wear detectable,Wear detectable
Bearing1_2,777,871,93,90.73738800257618,484.97706042776844,-859.8176504358499,1041.2924264410024,Wear detectable,Wear detectable
Bearing1_2,778,871,92,93.40467017205394,484.97706042776844,-857.1503682663722,1043.95970861048,Wear detectable,Wear detectable
Bearing1_2,779,871,91,90.73738800257618,484.97706042776844,-859.8176504358499,1041.2924264410024,Wear detectable,Wear detectable
Bearing1_2,780,871,90,95.85130574654364,484.97706042776844,-854.7037326918825,1046.4063441849698,Wear detectable,Wear detectable
Bearing1_2,781,871,89,86.52256673569867,484.97706042776844,-864.0324717027274,1037.0776051741248,Wear detectable,Wear detectable
Bearing1_2,782,871,88,78.94142828587097,484.97706042776844,-871.6136101525551,1029.496466724297,Wear detectable,Imminent failure
Bearing1_2,783,871,87,82.80830749752027,484.97706042776844,-867.7467309409058,1033.3633459359464,Wear detectable,Wear detectable
Bearing1_2,784,871,86,84.26604072595966,484.97706042776844,-866.2889977124664,1034.8210791643858,Wear detectable,Wear detectable
Bearing1_2,785,871,85,82.12002411941022,484.97706042776844,-868.4350143190159,1032.6750625578363,Wear detectable,Wear detectable
Bearing1_2,786,871,84,81.25687194434023,484.97706042776844,-869.2981664940859,1031.8119103827664,Wear detectable,Wear detectable
Bearing1_2,787,871,83,72.84581669149927,484.97706042776844,-877.7092217469268,1023.4008551299254,Wear detectable,Imminent failure
Bearing1_2,788,871,82,82.71604159453479,484.97706042776844,-867.8389968438913,1033.271080032961,Wear detectable,Wear detectable
Bearing1_2,789,871,81,72.84581669149927,484.97706042776844,-877.7092217469268,1023.4008551299254,Wear detectable,Imminent failure
Bearing1_2,790,871,80,75.70928280992439,484.97706042776844,-874.8457556285017,1026.2643212483504,Imminent failure,Imminent failure
Bearing1_2,791,871,79,55.25419264574834,484.97706042776844,-895.3008457926777,1005.8092310841745,Imminent failure,Imminent failure
Bearing1_2,792,871,78,72.8396161194161,484.97706042776844,-877.71542231901,1023.3946545578422,Imminent failure,Imminent failure
Bearing1_2,793,871,77,84.4832853154289,484.97706042776844,-866.0717531229972,1035.038323753855,Imminent failure,Wear detectable
Bearing1_2,794,871,76,70.52417246094684,484.97706042776844,-880.0308659774793,1021.0792108993729,Imminent failure,Imminent failure
Bearing1_2,795,871,75,70.52417246094684,484.97706042776844,-880.0308659774793,1021.0792108993729,Imminent failure,Imminent failure
Bearing1_2,796,871,74,66.09245592586497,484.97706042776844,-884.4625825125611,1016.6474943642911,Imminent failure,Imminent failure
Bearing1_2,797,871,73,65.7754022666475,484.97706042776844,-884.7796361717786,1016.3304407050736,Imminent failure,Imminent failure
Bearing1_2,798,871,72,70.53037303303,484.97706042776844,-880.024665405396,1021.0854114714562,Imminent failure,Imminent failure
Bearing1_2,799,871,71,57.144354332922326,484.97706042776844,-893.4106841055037,1007.6993927713485,Imminent failure,Imminent failure
Bearing1_2,800,871,70,65.94073804698886,484.97706042776844,-884.6143003914373,1016.4957764854149,Imminent failure,Imminent failure
Bearing1_2,801,871,69,45.5267482880387,484.97706042776844,-905.0282901503874,996.0817867264648,Imminent failure,Imminent failure
Bearing1_2,802,871,68,61.94254084035668,484.97706042776844,-888.6124975980695,1012.4975792787827,Imminent failure,Imminent failure
Bearing1_2,803,871,67,61.94254084035668,484.97706042776844,-888.6124975980695,1012.4975792787827,Imminent failure,Imminent failure
Bearing1_2,804,871,66,55.19538064680552,484.97706042776844,-895.3596577916205,1005.7504190852317,Imminent failure,Imminent failure
Bearing1_2,805,871,65,63.704671089657964,484.97706042776844,-886.8503673487681,1014.259709528084,Imminent failure,Imminent failure
Bearing1_2,806,871,64,54.41301364046959,484.97706042776844,-896.1420247979565,1004.9680520788957,Imminent failure,Imminent failure
Bearing1_2,807,871,63,50.19199180150894,484.97706042776844,-900.3630466369171,1000.747030239935,Imminent failure,Imminent failure
Bearing1_2,808,871,62,50.19199180150894,484.97706042776844,-900.3630466369171,1000.747030239935,Imminent failure,Imminent failure
Bearing1_2,809,871,61,56.728457298938864,484.97706042776844,-893.8265811394872,1007.283495737365,Imminent failure,Imminent failure
Bearing1_2,810,871,60,54.20231894434839,484.97706042776844,-896.3527194940777,1004.7573573827744,Imminent failure,Imminent failure
Bearing1_2,811,871,59,56.728457298938864,484.97706042776844,-893.8265811394872,1007.283495737365,Imminent failure,Imminent failure
Bearing1_2,812,871,58,54.41301364046959,484.97706042776844,-896.1420247979565,1004.9680520788957,Imminent failure,Imminent failure
Bearing1_2,813,871,57,58.49058754824015,484.97706042776844,-892.064450890186,1009.0456259866662,Imminent failure,Imminent failure
Bearing1_2,814,871,56,66.9804481656924,484.97706042776844,-883.5745902727338,1017.5354866041184,Imminent failure,Imminent failure
Bearing1_2,815,871,55,53.24544236166087,484.97706042776844,-897.3095960767653,1003.8004808000869,Imminent failure,Imminent failure
Bearing1_2,816,871,54,55.52811782943953,484.97706042776844,-895.0269206089865,1006.0831562678657,Imminent failure,Imminent failure
Bearing1_2,817,871,53,51.057522395431405,484.97706042776844,-899.4975160429947,1001.6125608338575,Imminent failure,Imminent failure
Bearing1_2,818,871,52,45.84483068205119,484.97706042776844,-904.7102077563749,996.3998691204773,Imminent failure,Imminent failure
Bearing1_2,819,871,51,46.80891919206808,484.97706042776844,-903.746119246358,997.3639576304942,Imminent failure,Imminent failure
Bearing1_2,820,871,50,45.84483068205119,484.97706042776844,-904.7102077563749,996.3998691204773,Imminent failure,Imminent failure
Bearing1_2,821,871,49,30.57485086685271,484.97706042776844,-919.9801875715734,981.1298893052788,Imminent failure,Imminent failure
Bearing1_2,822,871,48,30.57485086685271,484.97706042776844,-919.9801875715734,981.1298893052788,Imminent failure,Imminent failure
Bearing1_2,823,871,47,42.793048585797294,484.97706042776844,-907.7619898526289,993.3480870242233,Imminent failure,Imminent failure
Bearing1_2,824,871,46,37.514326993717305,484.97706042776844,-913.0407114447088,988.0693654321434,Imminent failure,Imminent failure
Bearing1_2,825,871,45,42.19830669066991,484.97706042776844,-908.3567317477562,992.753345129096,Imminent failure,Imminent failure
Bearing1_2,826,871,44,44.64262927000203,484.97706042776844,-905.9124091684241,995.1976677084281,Imminent failure,Imminent failure
Bearing1_2,827,871,43,38.97732693196937,484.97706042776844,-911.5777115064567,989.5323653703955,Imminent failure,Imminent failure
Bearing1_2,828,871,42,39.26333726162894,484.97706042776844,-911.2917011767971,989.8183757000551,Imminent failure,Imminent failure
Bearing1_2,829,871,41,33.47013242872956,484.97706042776844,-917.0849060096965,984.0251708671557,Imminent failure,Imminent failure
Bearing1_2,830,871,40,33.60083915284159,484.97706042776844,-916.9541992855845,984.1558775912677,Imminent failure,Imminent failure
Bearing1_2,831,871,39,26.76691304431589,484.97706042776844,-923.7881253941102,977.321951482742,Imminent failure,Imminent failure
Bearing1_2,832,871,38,26.20446554775325,484.97706042776844,-924.3505728906729,976.7595039861793,Imminent failure,Imminent failure
Bearing1_2,833,871,37,26.20446554775325,484.97706042776844,-924.3505728906729,976.7595039861793,Imminent failure,Imminent failure
Bearing1_2,834,871,36,26.76691304431589,484.97706042776844,-923.7881253941102,977.321951482742,Imminent failure,Imminent failure
Bearing1_2,835,871,35,25.987570279548873,484.97706042776844,-924.5674681588772,976.542608717975,Imminent failure,Imminent failure
Bearing1_2,836,871,34,26.76691304431589,484.97706042776844,-923.7881253941102,977.321951482742,Imminent failure,Imminent failure
Bearing1_2,837,871,33,25.987570279548873,484.97706042776844,-924.5674681588772,976.542608717975,Imminent failure,Imminent failure
Bearing1_2,838,871,32,26.20446554775325,484.97706042776844,-924.3505728906729,976.7595039861793,Imminent failure,Imminent failure
Bearing1_2,839,871,31,25.1244181044789,484.97706042776844,-925.4306203339472,975.679456542905,Imminent failure,Imminent failure
Bearing1_2,840,871,30,26.20446554775325,484.97706042776844,-924.3505728906729,976.7595039861793,Imminent failure,Imminent failure
Bearing1_2,841,871,29,26.20446554775325,484.97706042776844,-924.3505728906729,976.7595039861793,Imminent failure,Imminent failure
Bearing1_2,842,871,28,26.20446554775325,484.97706042776844,-924.3505728906729,976.7595039861793,Imminent failure,Imminent failure
Bearing1_2,843,871,27,25.628784404122367,484.97706042776844,-924.9262540343037,976.1838228425485,Imminent failure,Imminent failure
Bearing1_2,844,871,26,25.06633690755973,484.97706042776844,-925.4887015308664,975.6213753459858,Imminent failure,Imminent failure
Bearing1_2,845,871,25,25.628784404122367,484.97706042776844,-924.9262540343037,976.1838228425485,Imminent failure,Imminent failure
Bearing1_2,846,871,24,22.148726785541374,484.97706042776844,-928.4063116528847,972.7037652239675,Imminent failure,Imminent failure
Bearing1_2,847,871,23,21.36938402077436,484.97706042776844,-929.1856544176518,971.9244224592004,Imminent failure,Imminent failure
Bearing1_2,848,871,22,21.36938402077436,484.97706042776844,-929.1856544176518,971.9244224592004,Imminent failure,Imminent failure
Bearing1_2,849,871,21,21.586279288978737,484.97706042776844,-928.9687591494474,972.1413177274048,Imminent failure,Imminent failure
Bearing1_2,850,871,20,20.91509836377452,484.97706042776844,-929.6399400746516,971.4701368022006,Imminent failure,Imminent failure
Bearing1_2,851,871,19,20.041927942723728,484.97706042776844,-930.5131104957023,970.5969663811499,Imminent failure,Imminent failure
Bearing1_2,852,871,18,18.522488683198002,484.97706042776844,-932.032549755228,969.0775271216241,Imminent failure,Imminent failure
Bearing1_2,853,871,17,15.64555568642833,484.97706042776844,-934.9094827519978,966.2005941248544,Imminent failure,Imminent failure
Bearing1_2,854,871,16,17.960041186635365,484.97706042776844,-932.5949972517907,968.5150796250615,Imminent failure,Imminent failure
Bearing1_2,855,871,15,15.758425556485184,484.97706042776844,-934.7966128819409,966.3134639949113,Imminent failure,Imminent failure
Bearing1_2,856,871,14,12.619542696547004,484.97706042776844,-937.9354957418791,963.1745811349731,Imminent failure,Imminent failure
Bearing1_2,857,871,13,12.402647428342627,484.97706042776844,-938.1523910100834,962.9576858667688,Imminent failure,Imminent failure
Bearing1_2,858,871,12,11.7544101979314,484.97706042776844,-938.8006282404947,962.3094486363575,Imminent failure,Imminent failure
Bearing1_2,859,871,11,11.7544101979314,484.97706042776844,-938.8006282404947,962.3094486363575,Imminent failure,Imminent failure
Bearing1_2,860,871,10,10.827731565079832,484.97706042776844,-939.7273068733463,961.3827700035059,Imminent failure,Imminent failure
Bearing1_2,861,871,9,9.07811962957305,484.97706042776844,-941.476918808853,959.6331580679991,Imminent failure,Imminent failure
Bearing1_2,862,871,8,9.07811962957305,484.97706042776844,-941.476918808853,959.6331580679991,Imminent failure,Imminent failure
Bearing1_2,863,871,7,7.269128622081907,484.97706042776844,-943.2859098163442,957.824167060508,Imminent failure,Imminent failure
Bearing1_2,864,871,6,7.220242111591415,484.97706042776844,-943.3347963268346,957.7752805500176,Imminent failure,Imminent failure
Bearing1_2,865,871,5,7.220242111591415,484.97706042776844,-943.3347963268346,957.7752805500176,Imminent failure,Imminent failure
Bearing1_2,866,871,4,6.602207803215547,484.97706042776844,-943.9528306352106,957.1572462416416,Imminent failure,Imminent failure
Bearing1_2,867,871,3,7.220242111591415,484.97706042776844,-943.3347963268346,957.7752805500176,Imminent failure,Imminent failure
Bearing1_2,868,871,2,7.164655299778184,484.97706042776844,-943.390383138648,957.7196937382042,Imminent failure,Imminent failure
Bearing1_2,869,871,1,7.786558303596861,484.97706042776844,-942.7684801348292,958.341596742023,Imminent failure,Imminent failure
Bearing1_2,870,871,0,7.2943214621992984,484.97706042776844,-943.2607169762268,957.8493599006254,Imminent failure,Imminent failure
