bearing,time_step,total_steps,Actual_RUL,Predicted_RUL,Uncertainty,Lower_RUL,Upper_RUL,Actual_Health_State,Predicted_Health_State
Bearing1_1,0,2803,2802,868.7747829052697,508.1930266737298,0.0,1864.8331151857801,Non-critical,Non-critical
Bearing1_1,1,2803,2801,871.051478236136,508.1930266737298,0.0,1867.1098105166463,Non-critical,Non-critical
Bearing1_1,2,2803,2800,868.7432470043999,508.1930266737298,0.0,1864.8015792849103,Non-critical,Non-critical
Bearing1_1,3,2803,2799,869.9592869460979,508.1930266737298,0.0,1866.0176192266083,Non-critical,Non-critical
Bearing1_1,4,2803,2798,839.6188928490845,508.1930266737298,0.0,1835.677225129595,Non-critical,Non-critical
Bearing1_1,5,2803,2797,843.1913696129599,508.1930266737298,0.0,1839.2497018934703,Non-critical,Non-critical
Bearing1_1,6,2803,2796,857.6037623776472,508.1930266737298,0.0,1853.6620946581575,Non-critical,Non-critical
Bearing1_1,7,2803,2795,897.8151283248342,508.1930266737298,0.0,1893.8734606053445,Non-critical,Non-critical
Bearing1_1,8,2803,2794,869.0753247657818,508.1930266737298,0.0,1865.1336570462922,Non-critical,Non-critical
Bearing1_1,9,2803,2793,854.3105813635459,508.1930266737298,0.0,1850.3689136440562,Non-critical,Non-critical
Bearing1_1,10,2803,2792,924.9122097226752,508.1930266737298,0.0,1920.9705420031855,Non-critical,Non-critical
Bearing1_1,11,2803,2791,868.1942112790567,508.1930266737298,0.0,1864.2525435595671,Non-critical,Non-critical
Bearing1_1,12,2803,2790,868.3196540313083,508.1930266737298,0.0,1864.3779863118189,Non-critical,Non-critical
Bearing1_1,13,2803,2789,879.0855920749297,508.1930266737298,0.0,1875.14392435544,Non-critical,Non-critical
Bearing1_1,14,2803,2788,860.2616328830262,508.1930266737298,0.0,1856.3199651635366,Non-critical,Non-critical
Bearing1_1,15,2803,2787,891.9749003492259,508.1930266737298,0.0,1888.0332326297362,Non-critical,Non-critical
Bearing1_1,16,2803,2786,854.9584380731136,508.1930266737298,0.0,1851.016770353624,Non-critical,Non-critical
Bearing1_1,17,2803,2785,851.1334570722761,508.1930266737298,0.0,1847.1917893527866,Non-critical,Non-critical
Bearing1_1,18,2803,2784,859.0474971595445,508.1930266737298,0.0,1855.105829440055,Non-critical,Non-critical
Bearing1_1,19,2803,2783,857.6530279298148,508.1930266737298,0.0,1853.7113602103252,Non-critical,Non-critical
Bearing1_1,20,2803,2782,888.5334526944059,508.1930266737298,0.0,1884.5917849749162,Non-critical,Non-critical
Bearing1_1,21,2803,2781,886.4874116582429,508.1930266737298,0.0,1882.5457439387533,Non-critical,Non-critical
Bearing1_1,22,2803,2780,865.4231710148695,508.1930266737298,0.0,1861.4815032953798,Non-critical,Non-critical
Bearing1_1,23,2803,2779,844.4811549500994,508.1930266737298,0.0,1840.5394872306097,Non-critical,Non-critical
Bearing1_1,24,2803,2778,890.47431911152,508.1930266737298,0.0,1886.5326513920304,Non-critical,Non-critical
Bearing1_1,25,2803,2777,870.1501890930516,508.1930266737298,0.0,1866.208521373562,Non-critical,Non-critical
Bearing1_1,26,2803,2776,892.4273911552999,508.1930266737298,0.0,1888.4857234358103,Non-critical,Non-critical
Bearing1_1,27,2803,2775,899.999598402724,508.1930266737298,0.0,1896.0579306832344,Non-critical,Non-critical
Bearing1_1,28,2803,2774,894.7748330376587,508.1930266737298,0.0,1890.833165318169,Non-critical,Non-critical
Bearing1_1,29,2803,2773,913.2016243420361,508.1930266737298,0.0,1909.2599566225465,Non-critical,Non-critical
Bearing1_1,30,2803,2772,889.9283716191305,508.1930266737298,0.0,1885.9867038996408,Non-critical,Non-critical
Bearing1_1,31,2803,2771,920.3615294809894,508.1930266737298,0.0,1916.4198617614998,Non-critical,Non-critical
Bearing1_1,32,2803,2770,880.888905264285,508.1930266737298,0.0,1876.9472375447954,Non-critical,Non-critical
Bearing1_1,33,2803,2769,883.718703129908,508.1930266737298,0.0,1879.7770354104184,Non-critical,Non-critical
Bearing1_1,34,2803,2768,882.2451709321963,508.1930266737298,0.0,1878.3035032127068,Non-critical,Non-critical
Bearing1_1,35,2803,2767,903.3496161187288,508.1930266737298,0.0,1899.407948399239,Non-critical,Non-critical
Bearing1_1,36,2803,2766,889.1535190072177,508.1930266737298,0.0,1885.2118512877282,Non-critical,Non-critical
Bearing1_1,37,2803,2765,903.9204523951606,508.1930266737298,0.0,1899.978784675671,Non-critical,Non-critical
Bearing1_1,38,2803,2764,906.0792736581927,508.1930266737298,0.0,1902.137605938703,Non-critical,Non-critical
Bearing1_1,39,2803,2763,876.5088819878484,508.1930266737298,0.0,1872.5672142683588,Non-critical,Non-critical
Bearing1_1,40,2803,2762,906.7101808687472,508.1930266737298,0.0,1902.7685131492576,Non-critical,Non-critical
Bearing1_1,41,2803,2761,887.9036797541914,508.1930266737298,0.0,1883.9620120347017,Non-critical,Non-critical
Bearing1_1,42,2803,2760,903.2718548115075,508.1930266737298,0.0,1899.330187092018,Non-critical,Non-critical
Bearing1_1,43,2803,2759,925.350067582646,508.1930266737298,0.0,1921.4083998631563,Non-critical,Non-critical
Bearing1_1,44,2803,2758,874.7626731011367,508.1930266737298,0.0,1870.821005381647,Non-critical,Non-critical
Bearing1_1,45,2803,2757,895.3150043271365,508.1930266737298,0.0,1891.373336607647,Non-critical,Non-critical
Bearing1_1,46,2803,2756,917.4411508877879,508.1930266737298,0.0,1913.4994831682984,Non-critical,Non-critical
Bearing1_1,47,2803,2755,894.4212296398247,508.1930266737298,0.0,1890.479561920335,Non-critical,Non-critical
Bearing1_1,48,2803,2754,925.1226958056508,508.1930266737298,0.0,1921.1810280861612,Non-critical,Non-critical
Bearing1_1,49,2803,2753,824.0817314347387,508.1930266737298,0.0,1820.1400637152492,Non-critical,Non-critical
Bearing1_1,50,2803,2752,806.1376802778136,508.1930266737298,0.0,1802.1960125583241,Non-critical,Non-critical
Bearing1_1,51,2803,2751,811.8341365869893,508.1930266737298,0.0,1807.8924688674997,Non-critical,Non-critical
Bearing1_1,52,2803,2750,838.0597482974773,508.1930266737298,0.0,1834.1180805779877,Non-critical,Non-critical
Bearing1_1,53,2803,2749,879.1732851755622,508.1930266737298,0.0,1875.2316174560726,Non-critical,Non-critical
Bearing1_1,54,2803,2748,849.2760701445865,508.1930266737298,0.0,1845.3344024250969,Non-critical,Non-critical
Bearing1_1,55,2803,2747,812.2369858553312,508.1930266737298,0.0,1808.2953181358416,Non-critical,Non-critical
Bearing1_1,56,2803,2746,856.7827080280601,508.1930266737298,0.0,1852.8410403085704,Non-critical,Non-critical
Bearing1_1,57,2803,2745,849.5699485155759,508.1930266737298,0.0,1845.6282807960863,Non-critical,Non-critical
Bearing1_1,58,2803,2744,898.4006650679981,508.1930266737298,0.0,1894.4589973485085,Non-critical,Non-critical
Bearing1_1,59,2803,2743,832.8946401359452,508.1930266737298,0.0,1828.9529724164556,Non-critical,Non-critical
Bearing1_1,60,2803,2742,856.3820043205662,508.1930266737298,0.0,1852.4403366010765,Non-critical,Non-critical
Bearing1_1,61,2803,2741,855.3513443735819,508.1930266737298,0.0,1851.4096766540924,Non-critical,Non-critical
Bearing1_1,62,2803,2740,835.8078579290108,508.1930266737298,0.0,1831.8661902095212,Non-critical,Non-critical
Bearing1_1,63,2803,2739,889.366637861129,508.1930266737298,0.0,1885.4249701416393,Non-critical,Non-critical
Bearing1_1,64,2803,2738,879.6706082522746,508.1930266737298,0.0,1875.7289405327851,Non-critical,Non-critical
Bearing1_1,65,2803,2737,880.3152711952237,508.1930266737298,0.0,1876.373603475734,Non-critical,Non-critical
Bearing1_1,66,2803,2736,857.293355713949,508.1930266737298,0.0,1853.3516879944596,Non-critical,Non-critical
Bearing1_1,67,2803,2735,892.7724007863865,508.1930266737298,0.0,1888.8307330668968,Non-critical,Non-critical
Bearing1_1,68,2803,2734,850.2763752138623,508.1930266737298,0.0,1846.3347074943727,Non-critical,Non-critical
Bearing1_1,69,2803,2733,865.4532373840499,508.1930266737298,0.0,1861.5115696645603,Non-critical,Non-critical
Bearing1_1,70,2803,2732,916.5880435646573,508.1930266737298,0.0,1912.6463758451678,Non-critical,Non-critical
Bearing1_1,71,2803,2731,844.1541057606719,508.1930266737298,0.0,1840.2124380411824,Non-critical,Non-critical
Bearing1_1,72,2803,2730,975.7190119881719,508.1930266737298,0.0,1971.7773442686823,Non-critical,Non-critical
Bearing1_1,73,2803,2729,894.6942181129086,508.1930266737298,0.0,1890.752550393419,Non-critical,Non-critical
Bearing1_1,74,2803,2728,880.1881006378928,508.1930266737298,0.0,1876.2464329184031,Non-critical,Non-critical
Bearing1_1,75,2803,2727,873.9824860928205,508.1930266737298,0.0,1870.040818373331,Non-critical,Non-critical
Bearing1_1,76,2803,2726,927.1014563330116,508.1930266737298,0.0,1923.1597886135219,Non-critical,Non-critical
Bearing1_1,77,2803,2725,894.5088620485611,508.1930266737298,0.0,1890.5671943290715,Non-critical,Non-critical
Bearing1_1,78,2803,2724,962.6265226797383,508.1930266737298,0.0,1958.6848549602487,Non-critical,Non-critical
Bearing1_1,79,2803,2723,935.35860901226,508.1930266737298,0.0,1931.4169412927704,Non-critical,Non-critical
Bearing1_1,80,2803,2722,904.3475223300532,508.1930266737298,0.0,1900.4058546105634,Non-critical,Non-critical
Bearing1_1,81,2803,2721,958.3726026509624,508.1930266737298,0.0,1954.4309349314728,Non-critical,Non-critical
Bearing1_1,82,2803,2720,956.8891933875966,508.1930266737298,0.0,1952.9475256681071,Non-critical,Non-critical
Bearing1_1,83,2803,2719,919.595415361722,508.1930266737298,0.0,1915.6537476422322,Non-critical,Non-critical
Bearing1_1,84,2803,2718,943.6797747057021,508.1930266737298,0.0,1939.7381069862126,Non-critical,Non-critical
Bearing1_1,85,2803,2717,921.755674784676,508.1930266737298,0.0,1917.8140070651864,Non-critical,Non-critical
Bearing1_1,86,2803,2716,921.3481473307309,508.1930266737298,0.0,1917.4064796112411,Non-critical,Non-critical
Bearing1_1,87,2803,2715,882.7701649741975,508.1930266737298,0.0,1878.828497254708,Non-critical,Non-critical
Bearing1_1,88,2803,2714,922.6413343546697,508.1930266737298,0.0,1918.6996666351802,Non-critical,Non-critical
Bearing1_1,89,2803,2713,897.5147604559361,508.1930266737298,0.0,1893.5730927364466,Non-critical,Non-critical
Bearing1_1,90,2803,2712,894.9213765960246,508.1930266737298,0.0,1890.979708876535,Non-critical,Non-critical
Bearing1_1,91,2803,2711,889.5141963626154,508.1930266737298,0.0,1885.5725286431257,Non-critical,Non-critical
Bearing1_1,92,2803,2710,870.6825939434835,508.1930266737298,0.0,1866.740926223994,Non-critical,Non-critical
Bearing1_1,93,2803,2709,864.3936116199355,508.1930266737298,0.0,1860.451943900446,Non-critical,Non-critical
Bearing1_1,94,2803,2708,872.8486835129086,508.1930266737298,0.0,1868.9070157934189,Non-critical,Non-critical
Bearing1_1,95,2803,2707,892.3232725392056,508.1930266737298,0.0,1888.381604819716,Non-critical,Non-critical
Bearing1_1,96,2803,2706,886.5895769351172,508.1930266737298,0.0,1882.6479092156276,Non-critical,Non-critical
Bearing1_1,97,2803,2705,896.3803533209712,508.1930266737298,0.0,1892.4386856014817,Non-critical,Non-critical
Bearing1_1,98,2803,2704,905.8973075558092,508.1930266737298,0.0,1901.9556398363197,Non-critical,Non-critical
Bearing1_1,99,2803,2703,971.638643230358,508.1930266737298,0.0,1967.6969755108685,Non-critical,Non-critical
Bearing1_1,100,2803,2702,918.6675736974465,508.1930266737298,0.0,1914.725905977957,Non-critical,Non-critical
Bearing1_1,101,2803,2701,933.4456653391728,508.1930266737298,0.0,1929.503997619683,Non-critical,Non-critical
Bearing1_1,102,2803,2700,932.8234654669582,508.1930266737298,0.0,1928.8817977474687,Non-critical,Non-critical
Bearing1_1,103,2803,2699,864.5595885772948,508.1930266737298,0.0,1860.617920857805,Non-critical,Non-critical
Bearing1_1,104,2803,2698,902.603230532555,508.1930266737298,0.0,1898.6615628130653,Non-critical,Non-critical
Bearing1_1,105,2803,2697,909.8733430331804,508.1930266737298,0.0,1905.931675313691,Non-critical,Non-critical
Bearing1_1,106,2803,2696,936.0380206097997,508.1930266737298,0.0,1932.09635289031,Non-critical,Non-critical
Bearing1_1,107,2803,2695,903.0538707793448,508.1930266737298,0.0,1899.1122030598553,Non-critical,Non-critical
Bearing1_1,108,2803,2694,912.3212900513122,508.1930266737298,0.0,1908.3796223318227,Non-critical,Non-critical
Bearing1_1,109,2803,2693,914.0414780104887,508.1930266737298,0.0,1910.0998102909991,Non-critical,Non-critical
Bearing1_1,110,2803,2692,903.7261161565956,508.1930266737298,0.0,1899.784448437106,Non-critical,Non-critical
Bearing1_1,111,2803,2691,878.9501644942656,508.1930266737298,0.0,1875.008496774776,Non-critical,Non-critical
Bearing1_1,112,2803,2690,978.377864301728,508.1930266737298,0.0,1974.4361965822384,Non-critical,Non-critical
Bearing1_1,113,2803,2689,907.9440992573221,508.1930266737298,0.0,1904.0024315378325,Non-critical,Non-critical
Bearing1_1,114,2803,2688,920.9093308589885,508.1930266737298,0.0,1916.9676631394989,Non-critical,Non-critical
Bearing1_1,115,2803,2687,910.8924956539008,508.1930266737298,0.0,1906.9508279344113,Non-critical,Non-critical
Bearing1_1,116,2803,2686,923.2185750577888,508.1930266737298,0.0,1919.2769073382992,Non-critical,Non-critical
Bearing1_1,117,2803,2685,925.1028429881461,508.1930266737298,0.0,1921.1611752686565,Non-critical,Non-critical
Bearing1_1,118,2803,2684,954.7231873434523,508.1930266737298,0.0,1950.7815196239626,Non-critical,Non-critical
Bearing1_1,119,2803,2683,927.3548132191605,508.1930266737298,0.0,1923.413145499671,Non-critical,Non-critical
Bearing1_1,120,2803,2682,880.2327674294592,508.1930266737298,0.0,1876.2910997099696,Non-critical,Non-critical
Bearing1_1,121,2803,2681,951.2761778843485,508.1930266737298,0.0,1947.3345101648588,Non-critical,Non-critical
Bearing1_1,122,2803,2680,949.1685290849456,508.1930266737298,0.0,1945.226861365456,Non-critical,Non-critical
Bearing1_1,123,2803,2679,908.4416044536976,508.1930266737298,0.0,1904.499936734208,Non-critical,Non-critical
Bearing1_1,124,2803,2678,871.8120199372247,508.1930266737298,0.0,1867.8703522177352,Non-critical,Non-critical
Bearing1_1,125,2803,2677,907.1886704634811,508.1930266737298,0.0,1903.2470027439915,Non-critical,Non-critical
Bearing1_1,126,2803,2676,970.5456953305131,508.1930266737298,0.0,1966.6040276110234,Non-critical,Non-critical
Bearing1_1,127,2803,2675,885.9037818740668,508.1930266737298,0.0,1881.9621141545772,Non-critical,Non-critical
Bearing1_1,128,2803,2674,925.1201195004458,508.1930266737298,0.0,1921.178451780956,Non-critical,Non-critical
Bearing1_1,129,2803,2673,892.8985080573049,508.1930266737298,0.0,1888.9568403378153,Non-critical,Non-critical
Bearing1_1,130,2803,2672,939.011503339641,508.1930266737298,0.0,1935.0698356201515,Non-critical,Non-critical
Bearing1_1,131,2803,2671,936.818774178596,508.1930266737298,0.0,1932.8771064591065,Non-critical,Non-critical
Bearing1_1,132,2803,2670,949.6127759820515,508.1930266737298,0.0,1945.671108262562,Non-critical,Non-critical
Bearing1_1,133,2803,2669,953.1565312723598,508.1930266737298,0.0,1949.2148635528702,Non-critical,Non-critical
Bearing1_1,134,2803,2668,915.5150338908635,508.1930266737298,0.0,1911.573366171374,Non-critical,Non-critical
Bearing1_1,135,2803,2667,936.1412468297243,508.1930266737298,0.0,1932.1995791102347,Non-critical,Non-critical
Bearing1_1,136,2803,2666,880.0696477433028,508.1930266737298,0.0,1876.127980023813,Non-critical,Non-critical
Bearing1_1,137,2803,2665,936.6333439057295,508.1930266737298,0.0,1932.6916761862399,Non-critical,Non-critical
Bearing1_1,138,2803,2664,938.6486833305098,508.1930266737298,0.0,1934.7070156110203,Non-critical,Non-critical
Bearing1_1,139,2803,2663,906.360635883722,508.1930266737298,0.0,1902.4189681642324,Non-critical,Non-critical
Bearing1_1,140,2803,2662,942.7343969424254,508.1930266737298,0.0,1938.7927292229358,Non-critical,Non-critical
Bearing1_1,141,2803,2661,962.0684939758934,508.1930266737298,0.0,1958.1268262564038,Non-critical,Non-critical
Bearing1_1,142,2803,2660,920.2093087109134,508.1930266737298,0.0,1916.2676409914238,Non-critical,Non-critical
Bearing1_1,143,2803,2659,954.8658373347455,508.1930266737298,0.0,1950.9241696152558,Non-critical,Non-critical
Bearing1_1,144,2803,2658,935.9802651842756,508.1930266737298,0.0,1932.038597464786,Non-critical,Non-critical
Bearing1_1,145,2803,2657,971.8189407955028,508.1930266737298,0.0,1967.8772730760134,Non-critical,Non-critical
Bearing1_1,146,2803,2656,915.5288886906214,508.1930266737298,0.0,1911.587220971132,Non-critical,Non-critical
Bearing1_1,147,2803,2655,962.7362213678965,508.1930266737298,0.0,1958.794553648407,Non-critical,Non-critical
Bearing1_1,148,2803,2654,953.8199017562679,508.1930266737298,0.0,1949.8782340367784,Non-critical,Non-critical
Bearing1_1,149,2803,2653,945.1261033016933,508.1930266737298,0.0,1941.1844355822036,Non-critical,Non-critical
Bearing1_1,150,2803,2652,945.3514405511847,508.1930266737298,0.0,1941.4097728316951,Non-critical,Non-critical
Bearing1_1,151,2803,2651,940.6423525347251,508.1930266737298,0.0,1936.7006848152355,Non-critical,Non-critical
Bearing1_1,152,2803,2650,997.1241613608792,508.1930266737298,1.0658290803687578,1993.1824936413896,Non-critical,Non-critical
Bearing1_1,153,2803,2649,947.5611867669646,508.1930266737298,0.0,1943.619519047475,Non-critical,Non-critical
Bearing1_1,154,2803,2648,932.1994853272523,508.1930266737298,0.0,1928.2578176077627,Non-critical,Non-critical
Bearing1_1,155,2803,2647,949.9916694502792,508.1930266737298,0.0,1946.0500017307895,Non-critical,Non-critical
Bearing1_1,156,2803,2646,979.2258347012518,508.1930266737298,0.0,1975.2841669817622,Non-critical,Non-critical
Bearing1_1,157,2803,2645,1002.9972435175534,508.1930266737298,6.938911237043044,1999.0555757980637,Non-critical,Non-critical
Bearing1_1,158,2803,2644,966.4054863298784,508.1930266737298,0.0,1962.463818610389,Non-critical,Non-critical
Bearing1_1,159,2803,2643,1037.4814389173514,508.1930266737298,41.423106636841,2033.5397711978617,Non-critical,Non-critical
Bearing1_1,160,2803,2642,982.0157270357452,508.1930266737298,0.0,1978.0740593162554,Non-critical,Non-critical
Bearing1_1,161,2803,2641,907.3818898661526,508.1930266737298,0.0,1903.440222146663,Non-critical,Non-critical
Bearing1_1,162,2803,2640,997.6378104183655,508.1930266737298,1.5794781378550624,1993.696142698876,Non-critical,Non-critical
Bearing1_1,163,2803,2639,931.2845160738352,508.1930266737298,0.0,1927.3428483543457,Non-critical,Non-critical
Bearing1_1,164,2803,2638,954.0688879987748,508.1930266737298,0.0,1950.1272202792852,Non-critical,Non-critical
Bearing1_1,165,2803,2637,948.8331382263634,508.1930266737298,0.0,1944.8914705068737,Non-critical,Non-critical
Bearing1_1,166,2803,2636,949.7948385762367,508.1930266737298,0.0,1945.853170856747,Non-critical,Non-critical
Bearing1_1,167,2803,2635,939.8185492349373,508.1930266737298,0.0,1935.8768815154476,Non-critical,Non-critical
Bearing1_1,168,2803,2634,989.793303122195,508.1930266737298,0.0,1985.8516354027054,Non-critical,Non-critical
Bearing1_1,169,2803,2633,949.793156546413,508.1930266737298,0.0,1945.8514888269233,Non-critical,Non-critical
Bearing1_1,170,2803,2632,984.3334572930053,508.1930266737298,0.0,1980.3917895735158,Non-critical,Non-critical
Bearing1_1,171,2803,2631,941.4243280009113,508.1930266737298,0.0,1937.4826602814217,Non-critical,Non-critical
Bearing1_1,172,2803,2630,958.5997137022129,508.1930266737298,0.0,1954.6580459827233,Non-critical,Non-critical
Bearing1_1,173,2803,2629,956.6643264746859,508.1930266737298,0.0,1952.7226587551963,Non-critical,Non-critical
Bearing1_1,174,2803,2628,880.1496445742519,508.1930266737298,0.0,1876.2079768547624,Non-critical,Non-critical
Bearing1_1,175,2803,2627,952.5399302886991,508.1930266737298,0.0,1948.5982625692095,Non-critical,Non-critical
Bearing1_1,176,2803,2626,1000.4429171790957,508.1930266737298,4.384584898585331,1996.5012494596062,Non-critical,Non-critical
Bearing1_1,177,2803,2625,989.3996442793526,508.1930266737298,0.0,1985.457976559863,Non-critical,Non-critical
Bearing1_1,178,2803,2624,972.1863818315711,508.1930266737298,0.0,1968.2447141120815,Non-critical,Non-critical
Bearing1_1,179,2803,2623,980.8903064067322,508.1930266737298,0.0,1976.9486386872427,Non-critical,Non-critical
Bearing1_1,180,2803,2622,978.096258519992,508.1930266737298,0.0,1974.1545908005023,Non-critical,Non-critical
Bearing1_1,181,2803,2621,1002.6488514327951,508.1930266737298,6.590519152284742,1998.7071837133055,Non-critical,Non-critical
Bearing1_1,182,2803,2620,993.7753809704377,508.1930266737298,0.0,1989.8337132509482,Non-critical,Non-critical
Bearing1_1,183,2803,2619,999.6095737610858,508.1930266737298,3.5512414805754133,1995.6679060415963,Non-critical,Non-critical
Bearing1_1,184,2803,2618,954.7469929667905,508.1930266737298,0.0,1950.805325247301,Non-critical,Non-critical
Bearing1_1,185,2803,2617,1002.0994104447409,508.1930266737298,6.041078164230498,1998.1577427252514,Non-critical,Non-critical
Bearing1_1,186,2803,2616,957.9306131905859,508.1930266737298,0.0,1953.9889454710963,Non-critical,Non-critical
Bearing1_1,187,2803,2615,908.5097925863521,508.1930266737298,0.0,1904.5681248668625,Non-critical,Non-critical
Bearing1_1,188,2803,2614,1019.3975669450456,508.1930266737298,23.339234664535184,2015.455899225556,Non-critical,Non-critical
Bearing1_1,189,2803,2613,935.0084630638805,508.1930266737298,0.0,1931.0667953443908,Non-critical,Non-critical
Bearing1_1,190,2803,2612,1004.2656557486345,508.1930266737298,8.20732346812406,2000.3239880291449,Non-critical,Non-critical
Bearing1_1,191,2803,2611,1029.4994495592164,508.1930266737298,33.441117278705974,2025.5577818397269,Non-critical,Non-critical
Bearing1_1,192,2803,2610,1160.590035218784,508.1930266737298,164.5317029382735,2156.648367499294,Non-critical,Non-critical
Bearing1_1,193,2803,2609,989.1884612441303,508.1930266737298,0.0,1985.2467935246407,Non-critical,Non-critical
Bearing1_1,194,2803,2608,1024.5414131737327,508.1930266737298,28.483080893222336,2020.599745454243,Non-critical,Non-critical
Bearing1_1,195,2803,2607,975.9544809114591,508.1930266737298,0.0,1972.0128131919696,Non-critical,Non-critical
Bearing1_1,196,2803,2606,954.856095153706,508.1930266737298,0.0,1950.9144274342163,Non-critical,Non-critical
Bearing1_1,197,2803,2605,974.5055113891624,508.1930266737298,0.0,1970.5638436696727,Non-critical,Non-critical
Bearing1_1,198,2803,2604,982.7545792782104,508.1930266737298,0.0,1978.8129115587208,Non-critical,Non-critical
Bearing1_1,199,2803,2603,1011.9053319392002,508.1930266737298,15.84699965868981,2007.9636642197106,Non-critical,Non-critical
Bearing1_1,200,2803,2602,959.1299746676193,508.1930266737298,0.0,1955.1883069481296,Non-critical,Non-critical
Bearing1_1,201,2803,2601,994.6997508041328,508.1930266737298,0.0,1990.7580830846432,Non-critical,Non-critical
Bearing1_1,202,2803,2600,1025.0352955142966,508.1930266737298,28.97696323378625,2021.0936277948072,Non-critical,Non-critical
Bearing1_1,203,2803,2599,992.7164270906378,508.1930266737298,0.0,1988.7747593711483,Non-critical,Non-critical
Bearing1_1,204,2803,2598,1022.532008237344,508.1930266737298,26.47367595683363,2018.5903405178544,Non-critical,Non-critical
Bearing1_1,205,2803,2597,1059.743035441404,508.1930266737298,63.68470316089349,2055.801367721914,Non-critical,Non-critical
Bearing1_1,206,2803,2596,993.9727869414567,508.1930266737298,0.0,1990.031119221967,Non-critical,Non-critical
Bearing1_1,207,2803,2595,1022.6940776529715,508.1930266737298,26.635745372461088,2018.7524099334819,Non-critical,Non-critical
Bearing1_1,208,2803,2594,1017.3237961886105,508.1930266737298,21.26546390810006,2013.3821284691207,Non-critical,Non-critical
Bearing1_1,209,2803,2593,976.1147043523159,508.1930266737298,0.0,1972.1730366328263,Non-critical,Non-critical
Bearing1_1,210,2803,2592,1030.0872013437538,508.1930266737298,34.028869063243405,2026.1455336242643,Non-critical,Non-critical
Bearing1_1,211,2803,2591,1034.1532148354972,508.1930266737298,38.09488255498684,2030.2115471160078,Non-critical,Non-critical
Bearing1_1,212,2803,2590,978.598188886305,508.1930266737298,0.0,1974.6565211668153,Non-critical,Non-critical
Bearing1_1,213,2803,2589,1000.9681250749485,508.1930266737298,4.90979279443809,1997.026457355459,Non-critical,Non-critical
Bearing1_1,214,2803,2588,1043.7985543934853,508.1930266737298,47.74022211297495,2039.8568866739956,Non-critical,Non-critical
Bearing1_1,215,2803,2587,1019.7014120314207,508.1930266737298,23.64307975091026,2015.7597443119312,Non-critical,Non-critical
Bearing1_1,216,2803,2586,990.6552225812578,508.1930266737298,0.0,1986.7135548617682,Non-critical,Non-critical
Bearing1_1,217,2803,2585,1023.522226155752,508.1930266737298,27.463893875241638,2019.5805584362624,Non-critical,Non-critical
Bearing1_1,218,2803,2584,1001.150634682533,508.1930266737298,5.092302402022597,1997.2089669630434,Non-critical,Non-critical
Bearing1_1,219,2803,2583,1054.8878423433289,508.1930266737298,58.829510062818485,2050.9461746238394,Non-critical,Non-critical
Bearing1_1,220,2803,2582,985.5798301887384,508.1930266737298,0.0,1981.6381624692488,Non-critical,Non-critical
Bearing1_1,221,2803,2581,994.3169838611368,508.1930266737298,0.0,1990.375316141647,Non-critical,Non-critical
Bearing1_1,222,2803,2580,1021.6343176573499,508.1930266737298,25.575985376839526,2017.6926499378603,Non-critical,Non-critical
Bearing1_1,223,2803,2579,1007.1373566827607,508.1930266737298,11.079024402250297,2003.195688963271,Non-critical,Non-critical
Bearing1_1,224,2803,2578,984.460827851425,508.1930266737298,0.0,1980.5191601319355,Non-critical,Non-critical
Bearing1_1,225,2803,2577,1038.3929842445787,508.1930266737298,42.33465196406826,2034.4513165250892,Non-critical,Non-critical
Bearing1_1,226,2803,2576,961.8042718447429,508.1930266737298,0.0,1957.8626041252533,Non-critical,Non-critical
Bearing1_1,227,2803,2575,1013.8821641149634,508.1930266737298,17.823831834453017,2009.940496395474,Non-critical,Non-critical
Bearing1_1,228,2803,2574,1009.0710210706142,508.1930266737298,13.012688790103766,2005.1293533511246,Non-critical,Non-critical
Bearing1_1,229,2803,2573,1051.8485947559266,508.1930266737298,55.79026247541617,2047.906927036437,Non-critical,Non-critical
Bearing1_1,230,2803,2572,986.0800526330748,508.1930266737298,0.0,1982.1383849135852,Non-critical,Non-critical
Bearing1_1,231,2803,2571,1002.1439502322282,508.1930266737298,6.085617951717836,1998.2022825127387,Non-critical,Non-critical
Bearing1_1,232,2803,2570,1021.8339125356954,508.1930266737298,25.77558025518499,2017.8922448162057,Non-critical,Non-critical
Bearing1_1,233,2803,2569,1046.9119750740697,508.1930266737298,50.85364279355929,2042.9703073545802,Non-critical,Non-critical
Bearing1_1,234,2803,2568,1084.7919930389546,508.1930266737298,88.73366075844422,2080.850325319465,Non-critical,Non-critical
Bearing1_1,235,2803,2567,1030.5625541885922,508.1930266737298,34.50422190808183,2026.6208864691025,Non-critical,Non-critical
Bearing1_1,236,2803,2566,1030.2103690412118,508.1930266737298,34.152036760701435,2026.2687013217223,Non-critical,Non-critical
Bearing1_1,237,2803,2565,1002.4629509314226,508.1930266737298,6.404618650912198,1998.521283211933,Non-critical,Non-critical
Bearing1_1,238,2803,2564,1013.9511252110323,508.1930266737298,17.892792930521864,2010.0094574915427,Non-critical,Non-critical
Bearing1_1,239,2803,2563,987.8588289878562,508.1930266737298,0.0,1983.9171612683667,Non-critical,Non-critical
Bearing1_1,240,2803,2562,983.9569185571554,508.1930266737298,0.0,1980.015250837666,Non-critical,Non-critical
Bearing1_1,241,2803,2561,1009.853134405286,508.1930266737298,13.794802124775629,2005.9114666857963,Non-critical,Non-critical
Bearing1_1,242,2803,2560,1041.2291740792693,508.1930266737298,45.17084179875894,2037.2875063597799,Non-critical,Non-critical
Bearing1_1,243,2803,2559,1027.546614701148,508.1930266737298,31.488282420637574,2023.6049469816585,Non-critical,Non-critical
Bearing1_1,244,2803,2558,999.5479750338963,508.1930266737298,3.4896427533858514,1995.6063073144066,Non-critical,Non-critical
Bearing1_1,245,2803,2557,994.4727124994702,508.1930266737298,0.0,1990.5310447799807,Non-critical,Non-critical
Bearing1_1,246,2803,2556,1046.5404780482208,508.1930266737298,50.48214576771045,2042.5988103287314,Non-critical,Non-critical
Bearing1_1,247,2803,2555,995.28351709848,508.1930266737298,0.0,1991.3418493789904,Non-critical,Non-critical
Bearing1_1,248,2803,2554,1095.695667595184,508.1930266737298,99.63733531467358,2091.7539998756943,Non-critical,Non-critical
Bearing1_1,249,2803,2553,1035.3702914896905,508.1930266737298,39.311959209180145,2031.4286237702008,Non-critical,Non-critical
Bearing1_1,250,2803,2552,1021.4840986982507,508.1930266737298,25.425766417740306,2017.542430978761,Non-critical,Non-critical
Bearing1_1,251,2803,2551,1039.857296669763,508.1930266737298,43.798964389252546,2035.9156289502735,Non-critical,Non-critical
Bearing1_1,252,2803,2550,992.3443394631893,508.1930266737298,0.0,1988.4026717436996,Non-critical,Non-critical
Bearing1_1,253,2803,2549,1070.5965751237172,508.1930266737298,74.53824284320683,2066.6549074042277,Non-critical,Non-critical
Bearing1_1,254,2803,2548,1012.2346011865733,508.1930266737298,16.176268906062887,2008.2929334670837,Non-critical,Non-critical
Bearing1_1,255,2803,2547,1015.3667871821244,508.1930266737298,19.308454901614027,2011.425119462635,Non-critical,Non-critical
Bearing1_1,256,2803,2546,1098.8751195268428,508.1930266737298,102.81678724633241,2094.9334518073533,Non-critical,Non-critical
Bearing1_1,257,2803,2545,1006.9398040967169,508.1930266737298,10.8814718162065,2002.9981363772272,Non-critical,Non-critical
Bearing1_1,258,2803,2544,1020.3896479203737,508.1930266737298,24.331315639863305,2016.447980200884,Non-critical,Non-critical
Bearing1_1,259,2803,2543,1017.7988879840924,508.1930266737298,21.740555703582004,2013.8572202646028,Non-critical,Non-critical
Bearing1_1,260,2803,2542,1076.4567935905934,508.1930266737298,80.39846131008301,2072.515125871104,Non-critical,Non-critical
Bearing1_1,261,2803,2541,1029.3649266851571,508.1930266737298,33.30659440464672,2025.4232589656676,Non-critical,Non-critical
Bearing1_1,262,2803,2540,1040.3695532408203,508.1930266737298,44.311220960309925,2036.4278855213306,Non-critical,Non-critical
Bearing1_1,263,2803,2539,1005.4895740625813,508.1930266737298,9.431241782070856,2001.5479063430917,Non-critical,Non-critical
Bearing1_1,264,2803,2538,987.6955077217815,508.1930266737298,0.0,1983.7538400022918,Non-critical,Non-critical
Bearing1_1,265,2803,2537,1077.992049315381,508.1930266737298,81.93371703487071,2074.0503815958914,Non-critical,Non-critical
Bearing1_1,266,2803,2536,1097.6877318451725,508.1930266737298,101.6293995646621,2093.746064125683,Non-critical,Non-critical
Bearing1_1,267,2803,2535,1088.0834958839582,508.1930266737298,92.02516360344782,2084.1418281644687,Non-critical,Non-critical
Bearing1_1,268,2803,2534,1086.7825617890257,508.1930266737298,90.72422950851535,2082.8408940695363,Non-critical,Non-critical
Bearing1_1,269,2803,2533,1043.357142678713,508.1930266737298,47.29881039820259,2039.4154749592235,Non-critical,Non-critical
Bearing1_1,270,2803,2532,1039.8797994302518,508.1930266737298,43.82146714974135,2035.9381317107623,Non-critical,Non-critical
Bearing1_1,271,2803,2531,1013.9798256948116,508.1930266737298,17.921493414301153,2010.038157975322,Non-critical,Non-critical
Bearing1_1,272,2803,2530,1029.3839085471277,508.1930266737298,33.325576266617304,2025.4422408276382,Non-critical,Non-critical
Bearing1_1,273,2803,2529,1125.915451141283,508.1930266737298,129.85711886077263,2121.9737834217935,Non-critical,Non-critical
Bearing1_1,274,2803,2528,1093.709001725423,508.1930266737298,97.65066944491252,2089.767334005933,Non-critical,Non-critical
Bearing1_1,275,2803,2527,1140.5904707962975,508.1930266737298,144.5321385157871,2136.648803076808,Non-critical,Non-critical
Bearing1_1,276,2803,2526,1058.675523220759,508.1930266737298,62.61719094024863,2054.7338555012693,Non-critical,Non-critical
Bearing1_1,277,2803,2525,1029.5712852112028,508.1930266737298,33.51295293069245,2025.6296174917134,Non-critical,Non-critical
Bearing1_1,278,2803,2524,1069.8904503610274,508.1930266737298,73.83211808051703,2065.948782641538,Non-critical,Non-critical
Bearing1_1,279,2803,2523,1047.895130254625,508.1930266737298,51.836797974114575,2043.9534625351353,Non-critical,Non-critical
Bearing1_1,280,2803,2522,1057.3569201231403,508.1930266737298,61.2985878426299,2053.415252403651,Non-critical,Non-critical
Bearing1_1,281,2803,2521,1012.8493983517129,508.1930266737298,16.791066071202522,2008.9077306322233,Non-critical,Non-critical
Bearing1_1,282,2803,2520,1037.9889773982559,508.1930266737298,41.930645117745485,2034.0473096787664,Non-critical,Non-critical
Bearing1_1,283,2803,2519,1026.0373446849649,508.1930266737298,29.979012404454465,2022.0956769654754,Non-critical,Non-critical
Bearing1_1,284,2803,2518,1085.619101026742,508.1930266737298,89.5607687462317,2081.6774333072526,Non-critical,Non-critical
Bearing1_1,285,2803,2517,1023.6577992653026,508.1930266737298,27.59946698479223,2019.716131545813,Non-critical,Non-critical
Bearing1_1,286,2803,2516,1068.0928426563698,508.1930266737298,72.03451037585944,2064.15117493688,Non-critical,Non-critical
Bearing1_1,287,2803,2515,1039.9648328107164,508.1930266737298,43.90650053020602,2036.023165091227,Non-critical,Non-critical
Bearing1_1,288,2803,2514,1038.753032557977,508.1930266737298,42.694700277466495,2034.8113648384874,Non-critical,Non-critical
Bearing1_1,289,2803,2513,1033.8773214550738,508.1930266737298,37.8189891745634,2029.9356537355843,Non-critical,Non-critical
Bearing1_1,290,2803,2512,1045.8780539656618,508.1930266737298,49.81972168515142,2041.9363862461723,Non-critical,Non-critical
Bearing1_1,291,2803,2511,1011.0532133319257,508.1930266737298,14.994881051415291,2007.1115456124362,Non-critical,Non-critical
Bearing1_1,292,2803,2510,1090.209623606794,508.1930266737298,94.15129132628351,2086.267955887304,Non-critical,Non-critical
Bearing1_1,293,2803,2509,1038.9780659184248,508.1930266737298,42.91973363791442,2035.0363981989353,Non-critical,Non-critical
Bearing1_1,294,2803,2508,1126.296346358635,508.1930266737298,130.2380140781246,2122.3546786391453,Non-critical,Non-critical
Bearing1_1,295,2803,2507,1037.6974222463018,508.1930266737298,41.63908996579141,2033.7557545268123,Non-critical,Non-critical
Bearing1_1,296,2803,2506,1026.5703946270146,508.1930266737298,30.512062346504194,2022.628726907525,Non-critical,Non-critical
Bearing1_1,297,2803,2505,1041.981975137459,508.1930266737298,45.923642856948504,2038.0403074179694,Non-critical,Non-critical
Bearing1_1,298,2803,2504,1065.5157351518071,508.1930266737298,69.45740287129672,2061.5740674323174,Non-critical,Non-critical
Bearing1_1,299,2803,2503,1057.9205826959726,508.1930266737298,61.8622504154622,2053.978914976483,Non-critical,Non-critical
Bearing1_1,300,2803,2502,1059.8603778478239,508.1930266737298,63.802045567313485,2055.918710128334,Non-critical,Non-critical
Bearing1_1,301,2803,2501,1067.3235667757199,508.1930266737298,71.26523449520948,2063.3818990562304,Non-critical,Non-critical
Bearing1_1,302,2803,2500,1079.869861552823,508.1930266737298,83.81152927231267,2075.9281938333334,Non-critical,Non-critical
Bearing1_1,303,2803,2499,1107.870097708733,508.1930266737298,111.81176542822266,2103.9284299892433,Non-critical,Non-critical
Bearing1_1,304,2803,2498,1063.1351919216252,508.1930266737298,67.07685964111477,2059.1935242021354,Non-critical,Non-critical
Bearing1_1,305,2803,2497,1040.4260296288287,508.1930266737298,44.3676973483183,2036.484361909339,Non-critical,Non-critical
Bearing1_1,306,2803,2496,1106.2416332908579,508.1930266737298,110.18330101034746,2102.2999655713684,Non-critical,Non-critical
Bearing1_1,307,2803,2495,1085.3589668207246,508.1930266737298,89.30063454021422,2081.417299101235,Non-critical,Non-critical
Bearing1_1,308,2803,2494,1094.6898776207972,508.1930266737298,98.63154534028683,2090.7482099013077,Non-critical,Non-critical
Bearing1_1,309,2803,2493,1095.6602962745587,508.1930266737298,99.60196399404833,2091.7186285550692,Non-critical,Non-critical
Bearing1_1,310,2803,2492,1046.1226716538572,508.1930266737298,50.0643393733468,2042.1810039343677,Non-critical,Non-critical
Bearing1_1,311,2803,2491,1075.1013678420347,508.1930266737298,79.04303556152433,2071.159700122545,Non-critical,Non-critical
Bearing1_1,312,2803,2490,1112.5377461623452,508.1930266737298,116.47941388183483,2108.5960784428557,Non-critical,Non-critical
Bearing1_1,313,2803,2489,1080.7346220833094,508.1930266737298,84.67628980279903,2076.7929543638197,Non-critical,Non-critical
Bearing1_1,314,2803,2488,1105.9297490835406,508.1930266737298,109.87141680303023,2101.988081364051,Non-critical,Non-critical
Bearing1_1,315,2803,2487,1108.0444677474661,508.1930266737298,111.98613546695572,2104.1028000279766,Non-critical,Non-critical
Bearing1_1,316,2803,2486,1078.2459244474744,508.1930266737298,82.18759216696401,2074.304256727985,Non-critical,Non-critical
Bearing1_1,317,2803,2485,1044.9117274466453,508.1930266737298,48.853395166134874,2040.9700597271558,Non-critical,Non-critical
Bearing1_1,318,2803,2484,1083.3294199771926,508.1930266737298,87.27108769668223,2079.387752257703,Non-critical,Non-critical
Bearing1_1,319,2803,2483,1045.2985676437256,508.1930266737298,49.24023536321522,2041.3568999242361,Non-critical,Non-critical
Bearing1_1,320,2803,2482,1080.078139597589,508.1930266737298,84.01980731707852,2076.136471878099,Non-critical,Non-critical
Bearing1_1,321,2803,2481,1121.160659637564,508.1930266737298,125.1023273570537,2117.2189919180746,Non-critical,Non-critical
Bearing1_1,322,2803,2480,1092.739257917123,508.1930266737298,96.68092563661264,2088.7975901976333,Non-critical,Non-critical
Bearing1_1,323,2803,2479,1051.6307721120459,508.1930266737298,55.57243983153546,2047.6891043925561,Non-critical,Non-critical
Bearing1_1,324,2803,2478,1092.9195343628924,508.1930266737298,96.86120208238196,2088.9778666434026,Non-critical,Non-critical
Bearing1_1,325,2803,2477,1132.5785440563136,508.1930266737298,136.5202117758032,2128.636876336824,Non-critical,Non-critical
Bearing1_1,326,2803,2476,1059.846785947184,508.1930266737298,63.78845366667349,2055.9051182276944,Non-critical,Non-critical
Bearing1_1,327,2803,2475,1140.62652487825,508.1930266737298,144.56819259773954,2136.68485715876,Non-critical,Non-critical
Bearing1_1,328,2803,2474,1090.8653803528646,508.1930266737298,94.80704807235418,2086.923712633375,Non-critical,Non-critical
Bearing1_1,329,2803,2473,1073.4900448589556,508.1930266737298,77.43171257844517,2069.548377139466,Non-critical,Non-critical
Bearing1_1,330,2803,2472,1057.4280236836485,508.1930266737298,61.36969140313806,2053.486355964159,Non-critical,Non-critical
Bearing1_1,331,2803,2471,1088.0642014760983,508.1930266737298,92.00586919558793,2084.122533756609,Non-critical,Non-critical
Bearing1_1,332,2803,2470,1059.8333312275595,508.1930266737298,63.774998947049085,2055.89166350807,Non-critical,Non-critical
Bearing1_1,333,2803,2469,1062.4379852853938,508.1930266737298,66.37965300488338,2058.496317565904,Non-critical,Non-critical
Bearing1_1,334,2803,2468,1118.7423725308117,508.1930266737298,122.68404025030134,2114.8007048113222,Non-critical,Non-critical
Bearing1_1,335,2803,2467,1053.1750121514337,508.1930266737298,57.11667987092335,2049.2333444319443,Non-critical,Non-critical
Bearing1_1,336,2803,2466,1110.901271278301,508.1930266737298,114.84293899779061,2106.9596035588115,Non-critical,Non-critical
Bearing1_1,337,2803,2465,1036.3272943384945,508.1930266737298,40.26896205798414,2032.385626619005,Non-critical,Non-critical
Bearing1_1,338,2803,2464,1060.4837373838545,508.1930266737298,64.42540510334413,2056.542069664365,Non-critical,Non-critical
Bearing1_1,339,2803,2463,1148.2200233476563,508.1930266737298,152.16169106714585,2144.2783556281665,Non-critical,Non-critical
Bearing1_1,340,2803,2462,1114.3662974680192,508.1930266737298,118.30796518750878,2110.4246297485297,Non-critical,Non-critical
Bearing1_1,341,2803,2461,1105.4989364460168,508.1930266737298,109.44060416550644,2101.557268726527,Non-critical,Non-critical
Bearing1_1,342,2803,2460,1090.0514273923122,508.1930266737298,93.99309511180184,2086.1097596728227,Non-critical,Non-critical
Bearing1_1,343,2803,2459,1064.3512650391494,508.1930266737298,68.29293275863904,2060.40959731966,Non-critical,Non-critical
Bearing1_1,344,2803,2458,1092.7268033088649,508.1930266737298,96.66847102835447,2088.7851355893754,Non-critical,Non-critical
Bearing1_1,345,2803,2457,1089.415421667789,508.1930266737298,93.3570893872785,2085.4737539482994,Non-critical,Non-critical
Bearing1_1,346,2803,2456,1144.8787619469908,508.1930266737298,148.82042966648044,2140.9370942275013,Non-critical,Non-critical
Bearing1_1,347,2803,2455,1084.7428794414604,508.1930266737298,88.68454716095005,2080.801211721971,Non-critical,Non-critical
Bearing1_1,348,2803,2454,1058.265028542267,508.1930266737298,62.20669626175652,2054.3233608227774,Non-critical,Non-critical
Bearing1_1,349,2803,2453,1075.861345156631,508.1930266737298,79.80301287612053,2071.919677437141,Non-critical,Non-critical
Bearing1_1,350,2803,2452,1078.7110981412407,508.1930266737298,82.65276586073026,2074.769430421751,Non-critical,Non-critical
Bearing1_1,351,2803,2451,1264.2770223587295,508.1930266737298,268.2186900782191,2260.33535463924,Non-critical,Non-critical
Bearing1_1,352,2803,2450,1118.0860081712135,508.1930266737298,122.02767589070311,2114.144340451724,Non-critical,Non-critical
Bearing1_1,353,2803,2449,1115.056722290829,508.1930266737298,118.99839001031853,2111.1150545713394,Non-critical,Non-critical
Bearing1_1,354,2803,2448,1108.270193763703,508.1930266737298,112.21186148319259,2104.3285260442135,Non-critical,Non-critical
Bearing1_1,355,2803,2447,1067.1494304125458,508.1930266737298,71.09109813203543,2063.2077626930563,Non-critical,Non-critical
Bearing1_1,356,2803,2446,1082.4048994743507,508.1930266737298,86.34656719384031,2078.463231754861,Non-critical,Non-critical
Bearing1_1,357,2803,2445,1123.4022585478701,508.1930266737298,127.34392626735973,2119.4605908283806,Non-critical,Non-critical
Bearing1_1,358,2803,2444,1058.0905515892603,508.1930266737298,62.03221930874986,2054.1488838697705,Non-critical,Non-critical
Bearing1_1,359,2803,2443,1141.9262713235364,508.1930266737298,145.867939043026,2137.9846036040467,Non-critical,Non-critical
Bearing1_1,360,2803,2442,1151.466934761705,508.1930266737298,155.40860248119463,2147.5252670422155,Non-critical,Non-critical
Bearing1_1,361,2803,2441,1136.3646813150253,508.1930266737298,140.30634903451494,2132.423013595536,Non-critical,Non-critical
Bearing1_1,362,2803,2440,1117.3267278085054,508.1930266737298,121.26839552799504,2113.385060089016,Non-critical,Non-critical
Bearing1_1,363,2803,2439,1184.042417797172,508.1930266737298,187.9840855166616,2180.1007500776823,Non-critical,Non-critical
Bearing1_1,364,2803,2438,1168.678715887454,508.1930266737298,172.62038360694362,2164.7370481679645,Non-critical,Non-critical
Bearing1_1,365,2803,2437,1139.9554426630154,508.1930266737298,143.89711038250505,2136.0137749435257,Non-critical,Non-critical
Bearing1_1,366,2803,2436,1186.2135884520608,508.1930266737298,190.15525617155038,2182.2719207325713,Non-critical,Non-critical
Bearing1_1,367,2803,2435,1176.4437159477775,508.1930266737298,180.3853836672671,2172.502048228288,Non-critical,Non-critical
Bearing1_1,368,2803,2434,1108.7898891315012,508.1930266737298,112.73155685099084,2104.8482214120118,Non-critical,Non-critical
Bearing1_1,369,2803,2433,1164.0123008465248,508.1930266737298,167.9539685660144,2160.0706331270353,Non-critical,Non-critical
Bearing1_1,370,2803,2432,1122.7889608938221,508.1930266737298,126.73062861331175,2118.8472931743327,Non-critical,Non-critical
Bearing1_1,371,2803,2431,1132.2742467963153,508.1930266737298,136.2159145158049,2128.332579076826,Non-critical,Non-critical
Bearing1_1,372,2803,2430,1117.7244937079568,508.1930266737298,121.66616142744635,2113.7828259884673,Non-critical,Non-critical
Bearing1_1,373,2803,2429,1099.486724808399,508.1930266737298,103.4283925278886,2095.5450570889093,Non-critical,Non-critical
Bearing1_1,374,2803,2428,1132.498710094395,508.1930266737298,136.44037781388454,2128.5570423749054,Non-critical,Non-critical
Bearing1_1,375,2803,2427,1137.3874445567226,508.1930266737298,141.3291122762122,2133.445776837233,Non-critical,Non-critical
Bearing1_1,376,2803,2426,1074.381733968154,508.1930266737298,78.3234016876437,2070.4400662486646,Non-critical,Non-critical
Bearing1_1,377,2803,2425,1182.9722431555533,508.1930266737298,186.91391087504292,2179.030575436064,Non-critical,Non-critical
Bearing1_1,378,2803,2424,1142.102652937102,508.1930266737298,146.0443206565916,2138.1609852176125,Non-critical,Non-critical
Bearing1_1,379,2803,2423,1132.7775573181875,508.1930266737298,136.71922503767712,2128.835889598698,Non-critical,Non-critical
Bearing1_1,380,2803,2422,1107.0575361868857,508.1930266737298,110.99920390637533,2103.115868467396,Non-critical,Non-critical
Bearing1_1,381,2803,2421,1121.3476140060593,508.1930266737298,125.2892817255489,2117.40594628657,Non-critical,Non-critical
Bearing1_1,382,2803,2420,1113.338814299194,508.1930266737298,117.28048201868353,2109.3971465797044,Non-critical,Non-critical
Bearing1_1,383,2803,2419,1150.1259503350989,508.1930266737298,154.06761805458848,2146.1842826156094,Non-critical,Non-critical
Bearing1_1,384,2803,2418,1151.0328929840314,508.1930266737298,154.97456070352098,2147.0912252645417,Non-critical,Non-critical
Bearing1_1,385,2803,2417,1114.4902094453075,508.1930266737298,118.43187716479713,2110.548541725818,Non-critical,Non-critical
Bearing1_1,386,2803,2416,1089.2946828693484,508.1930266737298,93.23635058883804,2085.353015149859,Non-critical,Non-critical
Bearing1_1,387,2803,2415,1184.7050267945565,508.1930266737298,188.6466945140461,2180.763359075067,Non-critical,Non-critical
Bearing1_1,388,2803,2414,1248.562362783664,508.1930266737298,252.50403050315356,2244.6206950641745,Non-critical,Non-critical
Bearing1_1,389,2803,2413,1100.7268663219984,508.1930266737298,104.66853404148799,2096.785198602509,Non-critical,Non-critical
Bearing1_1,390,2803,2412,1099.6221039436944,508.1930266737298,103.56377166318396,2095.6804362242046,Non-critical,Non-critical
Bearing1_1,391,2803,2411,1173.2746010371247,508.1930266737298,177.21626875661434,2169.3329333176353,Non-critical,Non-critical
Bearing1_1,392,2803,2410,1097.0300201792052,508.1930266737298,100.97168789869477,2093.0883524597157,Non-critical,Non-critical
Bearing1_1,393,2803,2409,1148.7295140748781,508.1930266737298,152.67118179436773,2144.7878463553884,Non-critical,Non-critical
Bearing1_1,394,2803,2408,1175.0794630109049,508.1930266737298,179.02113073039447,2171.1377952914154,Non-critical,Non-critical
Bearing1_1,395,2803,2407,1203.7303988156673,508.1930266737298,207.6720665351569,2199.788731096178,Non-critical,Non-critical
Bearing1_1,396,2803,2406,1142.7137950573842,508.1930266737298,146.65546277687383,2138.7721273378947,Non-critical,Non-critical
Bearing1_1,397,2803,2405,1089.3346039997825,508.1930266737298,93.27627171927213,2085.392936280293,Non-critical,Non-critical
Bearing1_1,398,2803,2404,1173.8413291786342,508.1930266737298,177.78299689812377,2169.8996614591447,Non-critical,Non-critical
Bearing1_1,399,2803,2403,1177.5335389548272,508.1930266737298,181.47520667431684,2173.5918712353377,Non-critical,Non-critical
Bearing1_1,400,2803,2402,1063.9614220001579,508.1930266737298,67.90308971964748,2060.019754280668,Non-critical,Non-critical
Bearing1_1,401,2803,2401,1219.4437305445972,508.1930266737298,223.3853982640868,2215.5020628251077,Non-critical,Non-critical
Bearing1_1,402,2803,2400,1267.083502798877,508.1930266737298,271.0251705183665,2263.1418350793874,Non-critical,Non-critical
Bearing1_1,403,2803,2399,1123.7584506716871,508.1930266737298,127.70011839117672,2119.8167829521976,Non-critical,Non-critical
Bearing1_1,404,2803,2398,1197.2048209875772,508.1930266737298,201.14648870706685,2193.2631532680875,Non-critical,Non-critical
Bearing1_1,405,2803,2397,1161.8014162437576,508.1930266737298,165.74308396324716,2157.859748524268,Non-critical,Non-critical
Bearing1_1,406,2803,2396,1278.6097816155739,508.1930266737298,282.55144933506347,2274.6681138960844,Non-critical,Non-critical
Bearing1_1,407,2803,2395,1390.6567490035968,508.1930266737298,394.5984167230864,2386.7150812841073,Non-critical,Non-critical
Bearing1_1,408,2803,2394,1211.0969318368277,508.1930266737298,215.0385995563173,2207.155264117338,Non-critical,Non-critical
Bearing1_1,409,2803,2393,1195.05764945986,508.1930266737298,198.99931717934953,2191.1159817403704,Non-critical,Non-critical
Bearing1_1,410,2803,2392,1168.1142647302336,508.1930266737298,172.05593244972317,2164.172597010744,Non-critical,Non-critical
Bearing1_1,411,2803,2391,1165.028844668008,508.1930266737298,168.9705123874977,2161.0871769485184,Non-critical,Non-critical
Bearing1_1,412,2803,2390,1163.730843218139,508.1930266737298,167.67251093762854,2159.7891754986495,Non-critical,Non-critical
Bearing1_1,413,2803,2389,890.9132279447548,508.1930266737298,0.0,1886.9715602252652,Non-critical,Non-critical
Bearing1_1,414,2803,2388,1163.381779237341,508.1930266737298,167.3234469568307,2159.4401115178516,Non-critical,Non-critical
Bearing1_1,415,2803,2387,1137.0009820754983,508.1930266737298,140.94264979498791,2133.0593143560086,Non-critical,Non-critical
Bearing1_1,416,2803,2386,1153.5683342591697,508.1930266737298,157.51000197865926,2149.62666653968,Non-critical,Non-critical
Bearing1_1,417,2803,2385,1238.6793032586552,508.1930266737298,242.62097097814478,2234.7376355391657,Non-critical,Non-critical
Bearing1_1,418,2803,2384,1187.0164701159786,508.1930266737298,190.95813783546816,2183.074802396489,Non-critical,Non-critical
Bearing1_1,419,2803,2383,1169.839668110227,508.1930266737298,173.78133582971657,2165.8980003907373,Non-critical,Non-critical
Bearing1_1,420,2803,2382,1279.703127036486,508.1930266737298,283.64479475597557,2275.7614593169965,Non-critical,Non-critical
Bearing1_1,421,2803,2381,223.17314598507625,508.1930266737298,0.0,1219.2314782655867,Non-critical,Wear detectable
Bearing1_1,422,2803,2380,1154.0897961406754,508.1930266737298,158.031463860165,2150.148128421186,Non-critical,Non-critical
Bearing1_1,423,2803,2379,1169.0221799495612,508.1930266737298,172.96384766905078,2165.0805122300717,Non-critical,Non-critical
Bearing1_1,424,2803,2378,1199.841385820005,508.1930266737298,203.78305353949452,2195.899718100515,Non-critical,Non-critical
Bearing1_1,425,2803,2377,1187.8737482101408,508.1930266737298,191.81541592963038,2183.932080490651,Non-critical,Non-critical
Bearing1_1,426,2803,2376,1203.5584183179517,508.1930266737298,207.5000860374413,2199.616750598462,Non-critical,Non-critical
Bearing1_1,427,2803,2375,1229.7621642193249,508.1930266737298,233.70383193881446,2225.8204964998354,Non-critical,Non-critical
Bearing1_1,428,2803,2374,1198.972892271956,508.1930266737298,202.91455999144557,2195.0312245524665,Non-critical,Non-critical
Bearing1_1,429,2803,2373,1228.3750134835473,508.1930266737298,232.31668120303686,2224.433345764058,Non-critical,Non-critical
Bearing1_1,430,2803,2372,1206.6796711068373,508.1930266737298,210.6213388263269,2202.738003387348,Non-critical,Non-critical
Bearing1_1,431,2803,2371,1215.791930513512,508.1930266737298,219.73359823300154,2211.8502627940225,Non-critical,Non-critical
Bearing1_1,432,2803,2370,1149.304280962771,508.1930266737298,153.24594868226052,2145.3626132432814,Non-critical,Non-critical
Bearing1_1,433,2803,2369,1161.379630810702,508.1930266737298,165.3212985301917,2157.4379630912126,Non-critical,Non-critical
Bearing1_1,434,2803,2368,1154.9800018369356,508.1930266737298,158.92166955642517,2151.038334117446,Non-critical,Non-critical
Bearing1_1,435,2803,2367,1126.3830182533738,508.1930266737298,130.32468597286345,2122.4413505338844,Non-critical,Non-critical
Bearing1_1,436,2803,2366,1153.4629751755338,508.1930266737298,157.40464289502336,2149.5213074560443,Non-critical,Non-critical
Bearing1_1,437,2803,2365,1180.3754868398332,508.1930266737298,184.31715455932283,2176.4338191203437,Non-critical,Non-critical
Bearing1_1,438,2803,2364,1192.4377255640325,508.1930266737298,196.37939328352206,2188.496057844543,Non-critical,Non-critical
Bearing1_1,439,2803,2363,1229.2976947801426,508.1930266737298,233.2393624996322,2225.356027060653,Non-critical,Non-critical
Bearing1_1,440,2803,2362,1172.1715825506076,508.1930266737298,176.11325027009718,2168.229914831118,Non-critical,Non-critical
Bearing1_1,441,2803,2361,1137.3762359135212,508.1930266737298,141.31790363301081,2133.4345681940317,Non-critical,Non-critical
Bearing1_1,442,2803,2360,1365.249590422855,508.1930266737298,369.1912581423445,2361.3079227033654,Non-critical,Non-critical
Bearing1_1,443,2803,2359,1341.88003778238,508.1930266737298,345.8217055018696,2337.9383700628905,Non-critical,Non-critical
Bearing1_1,444,2803,2358,1316.4168281326283,508.1930266737298,320.3584958521179,2312.475160413139,Non-critical,Non-critical
Bearing1_1,445,2803,2357,1201.7001050083486,508.1930266737298,205.6417727278382,2197.758437288859,Non-critical,Non-critical
Bearing1_1,446,2803,2356,1283.4166822852312,508.1930266737298,287.3583500047208,2279.4750145657417,Non-critical,Non-critical
Bearing1_1,447,2803,2355,1253.6597242551652,508.1930266737298,257.6013919746548,2249.7180565356757,Non-critical,Non-critical
Bearing1_1,448,2803,2354,1145.8716606084758,508.1930266737298,149.81332832796545,2141.9299928889864,Non-critical,Non-critical
Bearing1_1,449,2803,2353,1206.4824768776164,508.1930266737298,210.42414459710596,2202.5408091581266,Non-critical,Non-critical
Bearing1_1,450,2803,2352,1207.4278386944275,508.1930266737298,211.36950641391707,2203.486170974938,Non-critical,Non-critical
Bearing1_1,451,2803,2351,1242.7119001153046,508.1930266737298,246.65356783479422,2238.770232395815,Non-critical,Non-critical
Bearing1_1,452,2803,2350,1151.4373636471673,508.1930266737298,155.37903136665693,2147.495695927678,Non-critical,Non-critical
Bearing1_1,453,2803,2349,1161.3558892681845,508.1930266737298,165.29755698767406,2157.414221548695,Non-critical,Non-critical
Bearing1_1,454,2803,2348,1208.6772010511695,508.1930266737298,212.6188687706591,2204.73553333168,Non-critical,Non-critical
Bearing1_1,455,2803,2347,1209.474194414819,508.1930266737298,213.41586213430867,2205.5325266953296,Non-critical,Non-critical
Bearing1_1,456,2803,2346,1184.5253178045514,508.1930266737298,188.46698552404098,2180.583650085062,Non-critical,Non-critical
Bearing1_1,457,2803,2345,1261.4008249024168,508.1930266737298,265.34249262190644,2257.4591571829274,Non-critical,Non-critical
Bearing1_1,458,2803,2344,1244.5601379049012,508.1930266737298,248.50180562439084,2240.6184701854118,Non-critical,Non-critical
Bearing1_1,459,2803,2343,1262.0904162446172,508.1930266737298,266.03208396410685,2258.1487485251278,Non-critical,Non-critical
Bearing1_1,460,2803,2342,1235.0669396638295,508.1930266737298,239.00860738331914,2231.12527194434,Non-critical,Non-critical
Bearing1_1,461,2803,2341,1211.5603532633347,508.1930266737298,215.50202098282432,2207.618685543845,Non-critical,Non-critical
Bearing1_1,462,2803,2340,1258.3219663691411,508.1930266737298,262.26363408863074,2254.3802986496516,Non-critical,Non-critical
Bearing1_1,463,2803,2339,1219.381148883835,508.1930266737298,223.32281660332467,2215.4394811643456,Non-critical,Non-critical
Bearing1_1,464,2803,2338,1229.7139735075125,508.1930266737298,233.6556412270021,2225.772305788023,Non-critical,Non-critical
Bearing1_1,465,2803,2337,1257.0141497196623,508.1930266737298,260.95581743915193,2253.072482000173,Non-critical,Non-critical
Bearing1_1,466,2803,2336,1201.2131308989196,508.1930266737298,205.15479861840925,2197.27146317943,Non-critical,Non-critical
Bearing1_1,467,2803,2335,1139.8616043186855,508.1930266737298,143.80327203817512,2135.919936599196,Non-critical,Non-critical
Bearing1_1,468,2803,2334,1253.3162133612077,508.1930266737298,257.2578810806973,2249.374545641718,Non-critical,Non-critical
Bearing1_1,469,2803,2333,1240.9558751629638,508.1930266737298,244.89754288245342,2237.0142074434743,Non-critical,Non-critical
Bearing1_1,470,2803,2332,1270.2871864561298,508.1930266737298,274.2288541756194,2266.3455187366403,Non-critical,Non-critical
Bearing1_1,471,2803,2331,1189.9688380871166,508.1930266737298,193.91050580660624,2186.027170367627,Non-critical,Non-critical
Bearing1_1,472,2803,2330,1205.499405304131,508.1930266737298,209.44107302362056,2201.5577375846415,Non-critical,Non-critical
Bearing1_1,473,2803,2329,1217.91736831241,508.1930266737298,221.85903603189956,2213.9757005929205,Non-critical,Non-critical
Bearing1_1,474,2803,2328,1200.662037405889,508.1930266737298,204.6037051253785,2196.7203696863994,Non-critical,Non-critical
Bearing1_1,475,2803,2327,1201.8338217941705,508.1930266737298,205.7754895136601,2197.892154074681,Non-critical,Non-critical
Bearing1_1,476,2803,2326,1167.8333992092212,508.1930266737298,171.77506692871077,2163.8917314897317,Non-critical,Non-critical
Bearing1_1,477,2803,2325,1124.5165550075553,508.1930266737298,128.45822272704493,2120.574887288066,Non-critical,Non-critical
Bearing1_1,478,2803,2324,1158.071314955295,508.1930266737298,162.01298267478467,2154.1296472358054,Non-critical,Non-critical
Bearing1_1,479,2803,2323,1156.2751710505283,508.1930266737298,160.21683877001794,2152.3335033310386,Non-critical,Non-critical
Bearing1_1,480,2803,2322,1252.0797430957482,508.1930266737298,256.0214108152378,2248.1380753762587,Non-critical,Non-critical
Bearing1_1,481,2803,2321,1217.298986062568,508.1930266737298,221.24065378205762,2213.3573183430785,Non-critical,Non-critical
Bearing1_1,482,2803,2320,1166.5229348171342,508.1930266737298,170.46460253662383,2162.5812670976447,Non-critical,Non-critical
Bearing1_1,483,2803,2319,1272.429285463605,508.1930266737298,276.3709531830947,2268.4876177441156,Non-critical,Non-critical
Bearing1_1,484,2803,2318,1202.390238294512,508.1930266737298,206.33190601400167,2198.4485705750226,Non-critical,Non-critical
Bearing1_1,485,2803,2317,1205.2278142562286,508.1930266737298,209.1694819757182,2201.286146536739,Non-critical,Non-critical
Bearing1_1,486,2803,2316,1217.343227931738,508.1930266737298,221.28489565122766,2213.4015602122486,Non-critical,Non-critical
Bearing1_1,487,2803,2315,1193.2168867297087,508.1930266737298,197.15855444919828,2189.275219010219,Non-critical,Non-critical
Bearing1_1,488,2803,2314,1237.8243040547718,508.1930266737298,241.7659717742614,2233.8826363352823,Non-critical,Non-critical
Bearing1_1,489,2803,2313,1161.5152158360404,508.1930266737298,165.45688355553,2157.5735481165507,Non-critical,Non-critical
Bearing1_1,490,2803,2312,1207.6978638905812,508.1930266737298,211.63953161007078,2203.7561961710917,Non-critical,Non-critical
Bearing1_1,491,2803,2311,243.580364122146,508.1930266737298,0.0,1239.6386964026565,Non-critical,Wear detectable
Bearing1_1,492,2803,2310,1180.4121752721553,508.1930266737298,184.3538429916449,2176.470507552666,Non-critical,Non-critical
Bearing1_1,493,2803,2309,1266.2460371723223,508.1930266737298,270.1877048918119,2262.304369452833,Non-critical,Non-critical
Bearing1_1,494,2803,2308,1229.2684486352032,508.1930266737298,233.2101163546928,2225.3267809157137,Non-critical,Non-critical
Bearing1_1,495,2803,2307,1217.897471628944,508.1930266737298,221.8391393484336,2213.9558039094545,Non-critical,Non-critical
Bearing1_1,496,2803,2306,1181.9475085580043,508.1930266737298,185.8891762774939,2178.005840838515,Non-critical,Non-critical
Bearing1_1,497,2803,2305,1359.7985240367589,508.1930266737298,363.74019175624846,2355.8568563172694,Non-critical,Non-critical
Bearing1_1,498,2803,2304,1263.0906999461172,508.1930266737298,267.0323676656068,2259.1490322266277,Non-critical,Non-critical
Bearing1_1,499,2803,2303,1201.9717184077317,508.1930266737298,205.91338612722132,2198.030050688242,Non-critical,Non-critical
Bearing1_1,500,2803,2302,1437.4038702949392,508.1930266737298,441.3455380144288,2433.4622025754497,Non-critical,Non-critical
Bearing1_1,501,2803,2301,654.7696657139484,508.1930266737298,0.0,1650.8279979944587,Non-critical,Non-critical
Bearing1_1,502,2803,2300,1168.8259994395507,508.1930266737298,172.76766715904034,2164.8843317200613,Non-critical,Non-critical
Bearing1_1,503,2803,2299,1218.3602754847516,508.1930266737298,222.30194320424118,2214.418607765262,Non-critical,Non-critical
Bearing1_1,504,2803,2298,1295.9672468370586,508.1930266737298,299.9089145565482,2292.025579117569,Non-critical,Non-critical
Bearing1_1,505,2803,2297,1210.9477465363134,508.1930266737298,214.889414255803,2207.006078816824,Non-critical,Non-critical
Bearing1_1,506,2803,2296,1231.4788768687176,508.1930266737298,235.42054458820724,2227.537209149228,Non-critical,Non-critical
Bearing1_1,507,2803,2295,1356.1381503591074,508.1930266737298,360.079818078597,2352.196482639618,Non-critical,Non-critical
Bearing1_1,508,2803,2294,1273.9667197854374,508.1930266737298,277.90838750492696,2270.025052065948,Non-critical,Non-critical
Bearing1_1,509,2803,2293,1196.4057194557536,508.1930266737298,200.34738717524317,2192.464051736264,Non-critical,Non-critical
Bearing1_1,510,2803,2292,1173.5638429811231,508.1930266737298,177.50551070061272,2169.6221752616334,Non-critical,Non-critical
Bearing1_1,511,2803,2291,1213.6944943120486,508.1930266737298,217.63616203153822,2209.752826592559,Non-critical,Non-critical
Bearing1_1,512,2803,2290,1229.9618985441334,508.1930266737298,233.90356626362302,2226.020230824644,Non-critical,Non-critical
Bearing1_1,513,2803,2289,1214.4498489509206,508.1930266737298,218.39151667041017,2210.508181231431,Non-critical,Non-critical
Bearing1_1,514,2803,2288,1220.069553755593,508.1930266737298,224.0112214750826,2216.1278860361035,Non-critical,Non-critical
Bearing1_1,515,2803,2287,1252.8806884023707,508.1930266737298,256.82235612186025,2248.939020682881,Non-critical,Non-critical
Bearing1_1,516,2803,2286,1260.0787858502804,508.1930266737298,264.02045356977,2256.137118130791,Non-critical,Non-critical
Bearing1_1,517,2803,2285,1263.3562668762233,508.1930266737298,267.29793459571295,2259.414599156734,Non-critical,Non-critical
Bearing1_1,518,2803,2284,1202.1932224933198,508.1930266737298,206.1348902128094,2198.2515547738303,Non-critical,Non-critical
Bearing1_1,519,2803,2283,1173.3582601311136,508.1930266737298,177.29992785060324,2169.416592411624,Non-critical,Non-critical
Bearing1_1,520,2803,2282,1284.6185403833788,508.1930266737298,288.5602081028684,2280.6768726638893,Non-critical,Non-critical
Bearing1_1,521,2803,2281,1259.9333883386062,508.1930266737298,263.87505605809577,2255.9917206191167,Non-critical,Non-critical
Bearing1_1,522,2803,2280,1275.7960492933094,508.1930266737298,279.73771701279895,2271.85438157382,Non-critical,Non-critical
Bearing1_1,523,2803,2279,1373.932544632717,508.1930266737298,377.87421235220665,2369.9908769132276,Non-critical,Non-critical
Bearing1_1,524,2803,2278,1279.4268418104966,508.1930266737298,283.3685095299862,2275.485174091007,Non-critical,Non-critical
Bearing1_1,525,2803,2277,1246.9765404385316,508.1930266737298,250.91820815802123,2243.034872719042,Non-critical,Non-critical
Bearing1_1,526,2803,2276,1213.752098277802,508.1930266737298,217.6937659972915,2209.8104305583124,Non-critical,Non-critical
Bearing1_1,527,2803,2275,1265.6826690566227,508.1930266737298,269.6243367761123,2261.741001337133,Non-critical,Non-critical
Bearing1_1,528,2803,2274,1224.500335250098,508.1930266737298,228.44200296958763,2220.5586675306085,Non-critical,Non-critical
Bearing1_1,529,2803,2273,1231.5831815209713,508.1930266737298,235.52484924046087,2227.641513801482,Non-critical,Non-critical
Bearing1_1,530,2803,2272,1195.5084544436381,508.1930266737298,199.45012216312773,2191.5667867241486,Non-critical,Non-critical
Bearing1_1,531,2803,2271,1228.366420688611,508.1930266737298,232.30808840810062,2224.4247529691215,Non-critical,Non-critical
Bearing1_1,532,2803,2270,1234.3514943917762,508.1930266737298,238.29316211126581,2230.4098266722867,Non-critical,Non-critical
Bearing1_1,533,2803,2269,1243.3503974449827,508.1930266737298,247.29206516447232,2239.4087297254932,Non-critical,Non-critical
Bearing1_1,534,2803,2268,1270.9262647236542,508.1930266737298,274.8679324431438,2266.9845970041647,Non-critical,Non-critical
Bearing1_1,535,2803,2267,1233.585144665114,508.1930266737298,237.52681238460366,2229.6434769456246,Non-critical,Non-critical
Bearing1_1,536,2803,2266,1233.4876052148197,508.1930266737298,237.42927293430932,2229.5459374953302,Non-critical,Non-critical
Bearing1_1,537,2803,2265,1251.2064497730012,508.1930266737298,255.14811749249077,2247.2647820535117,Non-critical,Non-critical
Bearing1_1,538,2803,2264,1261.065032882606,508.1930266737298,265.0067006020955,2257.1233651631164,Non-critical,Non-critical
Bearing1_1,539,2803,2263,1212.7068653136307,508.1930266737298,216.64853303312032,2208.7651975941412,Non-critical,Non-critical
Bearing1_1,540,2803,2262,1194.2861043770595,508.1930266737298,198.22777209654907,2190.34443665757,Non-critical,Non-critical
Bearing1_1,541,2803,2261,1288.4976652950877,508.1930266737298,292.4393330145773,2284.555997575598,Non-critical,Non-critical
Bearing1_1,542,2803,2260,1272.6343913950955,508.1930266737298,276.57605911458506,2268.692723675606,Non-critical,Non-critical
Bearing1_1,543,2803,2259,1241.4722709927232,508.1930266737298,245.41393871221283,2237.5306032732337,Non-critical,Non-critical
Bearing1_1,544,2803,2258,1206.4437634599599,508.1930266737298,210.38543117944948,2202.5020957404704,Non-critical,Non-critical
Bearing1_1,545,2803,2257,1218.984506179585,508.1930266737298,222.92617389907457,2215.0428384600955,Non-critical,Non-critical
Bearing1_1,546,2803,2256,1302.5401177188182,508.1930266737298,306.48178543830784,2298.5984499993287,Non-critical,Non-critical
Bearing1_1,547,2803,2255,1258.9905626661384,508.1930266737298,262.93223038562803,2255.048894946649,Non-critical,Non-critical
Bearing1_1,548,2803,2254,1260.1891234761129,508.1930266737298,264.13079119560246,2256.2474557566234,Non-critical,Non-critical
Bearing1_1,549,2803,2253,1243.2034455643193,508.1930266737298,247.14511328380888,2239.26177784483,Non-critical,Non-critical
Bearing1_1,550,2803,2252,1223.8729631933556,508.1930266737298,227.81463091284525,2219.931295473866,Non-critical,Non-critical
Bearing1_1,551,2803,2251,1246.8667447732687,508.1930266737298,250.8084124927583,2242.925077053779,Non-critical,Non-critical
Bearing1_1,552,2803,2250,1249.7006290430868,508.1930266737298,253.6422967625764,2245.7589613235973,Non-critical,Non-critical
Bearing1_1,553,2803,2249,1257.7154706191905,508.1930266737298,261.65713833868006,2253.773802899701,Non-critical,Non-critical
Bearing1_1,554,2803,2248,1255.192835735886,508.1930266737298,259.1345034553757,2251.2511680163966,Non-critical,Non-critical
Bearing1_1,555,2803,2247,1257.190233305737,508.1930266737298,261.1319010252265,2253.2485655862474,Non-critical,Non-critical
Bearing1_1,556,2803,2246,1224.2328235981877,508.1930266737298,228.17449131767728,2220.291155878698,Non-critical,Non-critical
Bearing1_1,557,2803,2245,1234.2181508706985,508.1930266737298,238.15981859018814,2230.276483151209,Non-critical,Non-critical
Bearing1_1,558,2803,2244,1206.937176792378,508.1930266737298,210.87884451186767,2202.9955090728886,Non-critical,Non-critical
Bearing1_1,559,2803,2243,869.1075446186627,508.1930266737298,0.0,1865.165876899173,Non-critical,Non-critical
Bearing1_1,560,2803,2242,1306.5918165517678,508.1930266737298,310.5334842712574,2302.6501488322783,Non-critical,Non-critical
Bearing1_1,561,2803,2241,1235.3186981274002,508.1930266737298,239.26036584688984,2231.3770304079108,Non-critical,Non-critical
Bearing1_1,562,2803,2240,1247.2748270712555,508.1930266737298,251.21649479074506,2243.333159351766,Non-critical,Non-critical
Bearing1_1,563,2803,2239,1271.724810856398,508.1930266737298,275.6664785758877,2267.7831431369086,Non-critical,Non-critical
Bearing1_1,564,2803,2238,1241.4271506612467,508.1930266737298,245.36881838073634,2237.4854829417573,Non-critical,Non-critical
Bearing1_1,565,2803,2237,1248.864168890554,508.1930266737298,252.80583661004368,2244.9225011710646,Non-critical,Non-critical
Bearing1_1,566,2803,2236,1218.8829169052715,508.1930266737298,222.8245846247611,2214.941249185782,Non-critical,Non-critical
Bearing1_1,567,2803,2235,1261.4663416677404,508.1930266737298,265.40800938723,2257.524673948251,Non-critical,Non-critical
Bearing1_1,568,2803,2234,1252.45528158138,508.1930266737298,256.39694930086955,2248.5136138618905,Non-critical,Non-critical
Bearing1_1,569,2803,2233,1289.2226361467842,508.1930266737298,293.1643038662738,2285.2809684272947,Non-critical,Non-critical
Bearing1_1,570,2803,2232,1214.4194441848808,508.1930266737298,218.36111190437043,2210.4777764653913,Non-critical,Non-critical
Bearing1_1,571,2803,2231,1289.3862380725686,508.1930266737298,293.32790579205823,2285.444570353079,Non-critical,Non-critical
Bearing1_1,572,2803,2230,1251.8746422682307,508.1930266737298,255.81630998772027,2247.932974548741,Non-critical,Non-critical
Bearing1_1,573,2803,2229,1212.170455154364,508.1930266737298,216.11212287385354,2208.2287874348744,Non-critical,Non-critical
Bearing1_1,574,2803,2228,1236.3158992838762,508.1930266737298,240.2575670033658,2232.3742315643867,Non-critical,Non-critical
Bearing1_1,575,2803,2227,1210.775598082945,508.1930266737298,214.71726580243455,2206.8339303634552,Non-critical,Non-critical
Bearing1_1,576,2803,2226,1222.4608416149294,508.1930266737298,226.40250933441905,2218.51917389544,Non-critical,Non-critical
Bearing1_1,577,2803,2225,1241.1135502462625,508.1930266737298,245.05521796575215,2237.171882526773,Non-critical,Non-critical
Bearing1_1,578,2803,2224,1273.3891520049378,508.1930266737298,277.33081972442744,2269.4474842854484,Non-critical,Non-critical
Bearing1_1,579,2803,2223,1205.6665762667749,508.1930266737298,209.60824398626448,2201.7249085472854,Non-critical,Non-critical
Bearing1_1,580,2803,2222,1218.5536608423395,508.1930266737298,222.49532856182907,2214.61199312285,Non-critical,Non-critical
Bearing1_1,581,2803,2221,1228.8441530069622,508.1930266737298,232.7858207264518,2224.9024852874727,Non-critical,Non-critical
Bearing1_1,582,2803,2220,1330.2933402299882,508.1930266737298,334.2350079494778,2326.3516725104987,Non-critical,Non-critical
Bearing1_1,583,2803,2219,1196.7907050300155,508.1930266737298,200.7323727495051,2192.849037310526,Non-critical,Non-critical
Bearing1_1,584,2803,2218,1225.464299545094,508.1930266737298,229.40596726458364,2221.5226318256045,Non-critical,Non-critical
Bearing1_1,585,2803,2217,1259.189873919183,508.1930266737298,263.1315416386725,2255.2482061996934,Non-critical,Non-critical
Bearing1_1,586,2803,2216,1241.7271674127996,508.1930266737298,245.66883513228925,2237.78549969331,Non-critical,Non-critical
Bearing1_1,587,2803,2215,1275.626674096342,508.1930266737298,279.56834181583156,2271.6850063768525,Non-critical,Non-critical
Bearing1_1,588,2803,2214,1254.1234278880693,508.1930266737298,258.0650956075589,2250.18176016858,Non-critical,Non-critical
Bearing1_1,589,2803,2213,1265.1398476907202,508.1930266737298,269.0815154102098,2261.1981799712307,Non-critical,Non-critical
Bearing1_1,590,2803,2212,1242.0311902548751,508.1930266737298,245.97285797436473,2238.0895225353856,Non-critical,Non-critical
Bearing1_1,591,2803,2211,1248.7857593554477,508.1930266737298,252.72742707493728,2244.844091635958,Non-critical,Non-critical
Bearing1_1,592,2803,2210,1330.923891185324,508.1930266737298,334.8655589048136,2326.9822234658345,Non-critical,Non-critical
Bearing1_1,593,2803,2209,1234.6646378301812,508.1930266737298,238.60630554967076,2230.7229701106917,Non-critical,Non-critical
Bearing1_1,594,2803,2208,1250.6889892784934,508.1930266737298,254.630656997983,2246.747321559004,Non-critical,Non-critical
Bearing1_1,595,2803,2207,1253.190750866569,508.1930266737298,257.13241858605863,2249.2490831470795,Non-critical,Non-critical
Bearing1_1,596,2803,2206,1267.6626388806535,508.1930266737298,271.6043066001431,2263.720971161164,Non-critical,Non-critical
Bearing1_1,597,2803,2205,1220.020676774091,508.1930266737298,223.96234449358064,2216.0790090546016,Non-critical,Non-critical
Bearing1_1,598,2803,2204,1237.0853110046974,508.1930266737298,241.02697872418696,2233.143643285208,Non-critical,Non-critical
Bearing1_1,599,2803,2203,1327.0597074797192,508.1930266737298,331.00137519920884,2323.1180397602297,Non-critical,Non-critical
Bearing1_1,600,2803,2202,1203.214134894875,508.1930266737298,207.1558026143647,2199.2724671753854,Non-critical,Non-critical
Bearing1_1,601,2803,2201,1273.648714277711,508.1930266737298,277.59038199720055,2269.7070465582215,Non-critical,Non-critical
Bearing1_1,602,2803,2200,1254.4315144897087,508.1930266737298,258.37318220919826,2250.489846770219,Non-critical,Non-critical
Bearing1_1,603,2803,2199,1247.7934560679328,508.1930266737298,251.73512378742237,2243.8517883484433,Non-critical,Non-critical
Bearing1_1,604,2803,2198,1218.7316608255546,508.1930266737298,222.67332854504423,2214.789993106065,Non-critical,Non-critical
Bearing1_1,605,2803,2197,1326.1856050099136,508.1930266737298,330.1272727294032,2322.243937290424,Non-critical,Non-critical
Bearing1_1,606,2803,2196,1250.6701697661165,508.1930266737298,254.6118374856061,2246.728502046627,Non-critical,Non-critical
Bearing1_1,607,2803,2195,1274.19510130032,508.1930266737298,278.13676901980955,2270.2534335808305,Non-critical,Non-critical
Bearing1_1,608,2803,2194,1303.1523673453894,508.1930266737298,307.094035064879,2299.2106996259,Non-critical,Non-critical
Bearing1_1,609,2803,2193,1264.177147613213,508.1930266737298,268.11881533270264,2260.2354798937236,Non-critical,Non-critical
Bearing1_1,610,2803,2192,1280.2967308110506,508.1930266737298,284.23839853054017,2276.355063091561,Non-critical,Non-critical
Bearing1_1,611,2803,2191,1283.2907881327687,508.1930266737298,287.23245585225834,2279.3491204132793,Non-critical,Non-critical
Bearing1_1,612,2803,2190,1241.3533132387802,508.1930266737298,245.29498095826978,2237.4116455192907,Non-critical,Non-critical
Bearing1_1,613,2803,2189,1242.2868198671326,508.1930266737298,246.22848758662224,2238.345152147643,Non-critical,Non-critical
Bearing1_1,614,2803,2188,1204.1062681667966,508.1930266737298,208.04793588628615,2200.164600447307,Non-critical,Non-critical
Bearing1_1,615,2803,2187,1221.4357662073971,508.1930266737298,225.37743392688674,2217.4940984879076,Non-critical,Non-critical
Bearing1_1,616,2803,2186,1210.014177262176,508.1930266737298,213.95584498166556,2206.0725095426865,Non-critical,Non-critical
Bearing1_1,617,2803,2185,1230.4663884431561,508.1930266737298,234.40805616264572,2226.5247207236666,Non-critical,Non-critical
Bearing1_1,618,2803,2184,1252.4937812176872,508.1930266737298,256.43544893717683,2248.5521134981977,Non-critical,Non-critical
Bearing1_1,619,2803,2183,1246.7816378743742,508.1930266737298,250.72330559386376,2242.8399701548847,Non-critical,Non-critical
Bearing1_1,620,2803,2182,1279.1008625620943,508.1930266737298,283.04253028158394,2275.159194842605,Non-critical,Non-critical
Bearing1_1,621,2803,2181,1208.7688604150312,508.1930266737298,212.7105281345208,2204.8271926955417,Non-critical,Non-critical
Bearing1_1,622,2803,2180,1328.5560648436267,508.1930266737298,332.4977325631163,2324.614397124137,Non-critical,Non-critical
Bearing1_1,623,2803,2179,1207.4583024425826,508.1930266737298,211.39997016207224,2203.516634723093,Non-critical,Non-critical
Bearing1_1,624,2803,2178,1257.934781079121,508.1930266737298,261.87644879861057,2253.9931133596315,Non-critical,Non-critical
Bearing1_1,625,2803,2177,1264.0352814056628,508.1930266737298,267.9769491251524,2260.0936136861733,Non-critical,Non-critical
Bearing1_1,626,2803,2176,1239.505951062437,508.1930266737298,243.4476187819265,2235.5642833429474,Non-critical,Non-critical
Bearing1_1,627,2803,2175,1255.6837658829904,508.1930266737298,259.62543360248003,2251.742098163501,Non-critical,Non-critical
Bearing1_1,628,2803,2174,1227.8757857943538,508.1930266737298,231.81745351384336,2223.9341180748643,Non-critical,Non-critical
Bearing1_1,629,2803,2173,1295.8702687413006,508.1930266737298,299.8119364607902,2291.928601021811,Non-critical,Non-critical
Bearing1_1,630,2803,2172,1253.5045749860665,508.1930266737298,257.4462427055561,2249.562907266577,Non-critical,Non-critical
Bearing1_1,631,2803,2171,1262.510439196582,508.1930266737298,266.45210691607156,2258.5687714770925,Non-critical,Non-critical
Bearing1_1,632,2803,2170,1278.3360557477536,508.1930266737298,282.27772346724316,2274.394388028264,Non-critical,Non-critical
Bearing1_1,633,2803,2169,1298.6537787037578,508.1930266737298,302.5954464232474,2294.7121109842683,Non-critical,Non-critical
Bearing1_1,634,2803,2168,1212.1202925722084,508.1930266737298,216.06196029169803,2208.1786248527187,Non-critical,Non-critical
Bearing1_1,635,2803,2167,1228.0259325523193,508.1930266737298,231.96760027180892,2224.08426483283,Non-critical,Non-critical
Bearing1_1,636,2803,2166,1248.302202063258,508.1930266737298,252.24386978274754,2244.3605343437684,Non-critical,Non-critical
Bearing1_1,637,2803,2165,1305.670042717613,508.1930266737298,309.6117104371025,2301.7283749981234,Non-critical,Non-critical
Bearing1_1,638,2803,2164,1263.8567746397748,508.1930266737298,267.7984423592644,2259.9151069202853,Non-critical,Non-critical
Bearing1_1,639,2803,2163,1270.2623620656032,508.1930266737298,274.20402978509276,2266.3206943461137,Non-critical,Non-critical
Bearing1_1,640,2803,2162,1260.726133943172,508.1930266737298,264.66780166266165,2256.7844662236826,Non-critical,Non-critical
Bearing1_1,641,2803,2161,1317.4556780441121,508.1930266737298,321.3973457636017,2313.5140103246226,Non-critical,Non-critical
Bearing1_1,642,2803,2160,1249.351793268885,508.1930266737298,253.2934609883747,2245.4101255493956,Non-critical,Non-critical
Bearing1_1,643,2803,2159,1288.9088998608522,508.1930266737298,292.8505675803418,2284.9672321413627,Non-critical,Non-critical
Bearing1_1,644,2803,2158,1257.7295089583054,508.1930266737298,261.67117667779496,2253.787841238816,Non-critical,Non-critical
Bearing1_1,645,2803,2157,1255.1648416890225,508.1930266737298,259.1065094085121,2251.223173969533,Non-critical,Non-critical
Bearing1_1,646,2803,2156,1232.7761596102519,508.1930266737298,236.71782732974145,2228.8344918907624,Non-critical,Non-critical
Bearing1_1,647,2803,2155,1228.34642735208,508.1930266737298,232.2880950715695,2224.4047596325904,Non-critical,Non-critical
Bearing1_1,648,2803,2154,1171.0555883727218,508.1930266737298,174.9972560922114,2167.113920653232,Non-critical,Non-critical
Bearing1_1,649,2803,2153,1236.5923064503254,508.1930266737298,240.533974169815,2232.650638730836,Non-critical,Non-critical
Bearing1_1,650,2803,2152,1280.7053504491519,508.1930266737298,284.64701816864147,2276.7636827296624,Non-critical,Non-critical
Bearing1_1,651,2803,2151,1202.9981995077605,508.1930266737298,206.93986722725015,2199.056531788271,Non-critical,Non-critical
Bearing1_1,652,2803,2150,1240.2084387912814,508.1930266737298,244.15010651077102,2236.266771071792,Non-critical,Non-critical
Bearing1_1,653,2803,2149,1265.512466046223,508.1930266737298,269.4541337657125,2261.5707983267334,Non-critical,Non-critical
Bearing1_1,654,2803,2148,1220.1826210091554,508.1930266737298,224.12428872864496,2216.240953289666,Non-critical,Non-critical
Bearing1_1,655,2803,2147,1372.303237193224,508.1930266737298,376.24490491271365,2368.3615694737346,Non-critical,Non-critical
Bearing1_1,656,2803,2146,1194.9279220231447,508.1930266737298,198.86958974263428,2190.986254303655,Non-critical,Non-critical
Bearing1_1,657,2803,2145,1276.8165705237984,508.1930266737298,280.758238243288,2272.874902804309,Non-critical,Non-critical
Bearing1_1,658,2803,2144,252.90965328336256,508.1930266737298,0.0,1248.9679855638728,Non-critical,Wear detectable
Bearing1_1,659,2803,2143,1237.8671111154326,508.1930266737298,241.80877883492224,2233.925443395943,Non-critical,Non-critical
Bearing1_1,660,2803,2142,1313.0110140683455,508.1930266737298,316.9526817878351,2309.069346348856,Non-critical,Non-critical
Bearing1_1,661,2803,2141,1270.7160657256009,508.1930266737298,274.65773344509046,2266.7743980061114,Non-critical,Non-critical
Bearing1_1,662,2803,2140,1240.623431650722,508.1930266737298,244.56509937021167,2236.6817639312326,Non-critical,Non-critical
Bearing1_1,663,2803,2139,1239.728714191042,508.1930266737298,243.67038191053155,2235.7870464715525,Non-critical,Non-critical
Bearing1_1,664,2803,2138,1250.6971880736646,508.1930266737298,254.63885579315422,2246.755520354175,Non-critical,Non-critical
Bearing1_1,665,2803,2137,1319.4223504593115,508.1930266737298,323.3640181788011,2315.480682739822,Non-critical,Non-critical
Bearing1_1,666,2803,2136,1249.475140274943,508.1930266737298,253.4168079944326,2245.5334725554535,Non-critical,Non-critical
Bearing1_1,667,2803,2135,1258.3410536152041,508.1930266737298,262.28272133469375,2254.3993858957147,Non-critical,Non-critical
Bearing1_1,668,2803,2134,1242.4514993616876,508.1930266737298,246.39316708117724,2238.509831642198,Non-critical,Non-critical
Bearing1_1,669,2803,2133,1291.6268349649276,508.1930266737298,295.56850268441724,2287.685167245438,Non-critical,Non-critical
Bearing1_1,670,2803,2132,1275.539357034268,508.1930266737298,279.48102475375765,2271.5976893147786,Non-critical,Non-critical
Bearing1_1,671,2803,2131,1279.4500975352967,508.1930266737298,283.39176525478626,2275.508429815807,Non-critical,Non-critical
Bearing1_1,672,2803,2130,1237.0943428835217,508.1930266737298,241.03601060301128,2233.152675164032,Non-critical,Non-critical
Bearing1_1,673,2803,2129,1210.226092677372,508.1930266737298,214.16776039686158,2206.2844249578825,Non-critical,Non-critical
Bearing1_1,674,2803,2128,1275.9266077202246,508.1930266737298,279.86827543971424,2271.984940000735,Non-critical,Non-critical
Bearing1_1,675,2803,2127,1326.604131418654,508.1930266737298,330.5457991381437,2322.6624636991646,Non-critical,Non-critical
Bearing1_1,676,2803,2126,1258.1901676902808,508.1930266737298,262.13183540977036,2254.2484999707913,Non-critical,Non-critical
Bearing1_1,677,2803,2125,1214.0502318438375,508.1930266737298,217.99189956332714,2210.108564124348,Non-critical,Non-critical
Bearing1_1,678,2803,2124,1233.9507180116907,508.1930266737298,237.8923857311803,2230.009050292201,Non-critical,Non-critical
Bearing1_1,679,2803,2123,1208.4922545459294,508.1930266737298,212.43392226541903,2204.55058682644,Non-critical,Non-critical
Bearing1_1,680,2803,2122,1245.3398339817531,508.1930266737298,249.28150170124275,2241.3981662622637,Non-critical,Non-critical
Bearing1_1,681,2803,2121,1257.0645519914237,508.1930266737298,261.00621971091334,2253.1228842719343,Non-critical,Non-critical
Bearing1_1,682,2803,2120,1268.1023292115192,508.1930266737298,272.0439969310088,2264.1606614920297,Non-critical,Non-critical
Bearing1_1,683,2803,2119,1284.848903191626,508.1930266737298,288.79057091111565,2280.9072354721366,Non-critical,Non-critical
Bearing1_1,684,2803,2118,1367.8009663625703,508.1930266737298,371.7426340820599,2363.859298643081,Non-critical,Non-critical
Bearing1_1,685,2803,2117,1242.831002118241,508.1930266737298,246.77266983773063,2238.8893343987515,Non-critical,Non-critical
Bearing1_1,686,2803,2116,1240.3114824657982,508.1930266737298,244.25315018528784,2236.3698147463087,Non-critical,Non-critical
Bearing1_1,687,2803,2115,1265.9386351810326,508.1930266737298,269.8803029005222,2261.996967461543,Non-critical,Non-critical
Bearing1_1,688,2803,2114,1254.7239322390142,508.1930266737298,258.6655999585038,2250.7822645195247,Non-critical,Non-critical
Bearing1_1,689,2803,2113,1274.7944341027733,508.1930266737298,278.73610182226287,2270.852766383284,Non-critical,Non-critical
Bearing1_1,690,2803,2112,1262.2169037127323,508.1930266737298,266.15857143222195,2258.275235993243,Non-critical,Non-critical
Bearing1_1,691,2803,2111,1250.293327386175,508.1930266737298,254.23499510566455,2246.3516596666855,Non-critical,Non-critical
Bearing1_1,692,2803,2110,1199.32382130524,508.1930266737298,203.26548902472962,2195.3821535857505,Non-critical,Non-critical
Bearing1_1,693,2803,2109,1257.567636221885,508.1930266737298,261.5093039413747,2253.6259685023956,Non-critical,Non-critical
Bearing1_1,694,2803,2108,1228.561244322099,508.1930266737298,232.5029120415885,2224.6195766026094,Non-critical,Non-critical
Bearing1_1,695,2803,2107,1254.333143904329,508.1930266737298,258.27481162381866,2250.3914761848396,Non-critical,Non-critical
Bearing1_1,696,2803,2106,1264.1981537762554,508.1930266737298,268.13982149574497,2260.256486056766,Non-critical,Non-critical
Bearing1_1,697,2803,2105,1272.4450350746288,508.1930266737298,276.3867027941184,2268.5033673551393,Non-critical,Non-critical
Bearing1_1,698,2803,2104,1248.7439295090812,508.1930266737298,252.68559722857083,2244.8022617895917,Non-critical,Non-critical
Bearing1_1,699,2803,2103,1328.9219779609975,508.1930266737298,332.86364568048714,2324.980310241508,Non-critical,Non-critical
Bearing1_1,700,2803,2102,1234.0276041916118,508.1930266737298,237.96927191110137,2230.0859364721223,Non-critical,Non-critical
Bearing1_1,701,2803,2101,1284.3001899486007,508.1930266737298,288.24185766809035,2280.3585222291113,Non-critical,Non-critical
Bearing1_1,702,2803,2100,1256.765711151891,508.1930266737298,260.7073788713807,2252.8240434324016,Non-critical,Non-critical
Bearing1_1,703,2803,2099,1238.2580404369937,508.1930266737298,242.19970815648333,2234.3163727175042,Non-critical,Non-critical
Bearing1_1,704,2803,2098,1217.2760591375018,508.1930266737298,221.21772685699136,2213.3343914180123,Non-critical,Non-critical
Bearing1_1,705,2803,2097,1276.3822445121655,508.1930266737298,280.3239122316551,2272.440576792676,Non-critical,Non-critical
Bearing1_1,706,2803,2096,1256.5046631075556,508.1930266737298,260.44633082704524,2252.562995388066,Non-critical,Non-critical
Bearing1_1,707,2803,2095,1211.8344219511669,508.1930266737298,215.77608967065646,2207.8927542316774,Non-critical,Non-critical
Bearing1_1,708,2803,2094,1247.745907718504,508.1930266737298,251.6875754379936,2243.8042399990145,Non-critical,Non-critical
Bearing1_1,709,2803,2093,1258.456362030915,508.1930266737298,262.3980297504046,2254.5146943114255,Non-critical,Non-critical
Bearing1_1,710,2803,2092,1220.4123035830794,508.1930266737298,224.353971302569,2216.47063586359,Non-critical,Non-critical
Bearing1_1,711,2803,2091,1266.4517640316312,508.1930266737298,270.39343175112083,2262.5100963121417,Non-critical,Non-critical
Bearing1_1,712,2803,2090,1283.3747430822646,508.1930266737298,287.31641080175416,2279.433075362775,Non-critical,Non-critical
Bearing1_1,713,2803,2089,1296.0618333624889,508.1930266737298,300.00350108197847,2292.1201656429994,Non-critical,Non-critical
Bearing1_1,714,2803,2088,1229.3121534732154,508.1930266737298,233.253821192705,2225.370485753726,Non-critical,Non-critical
Bearing1_1,715,2803,2087,1287.8909378819112,508.1930266737298,291.8326056014008,2283.9492701624217,Non-critical,Non-critical
Bearing1_1,716,2803,2086,1264.7330339187351,508.1930266737298,268.67470163822475,2260.7913661992457,Non-critical,Non-critical
Bearing1_1,717,2803,2085,1223.0589535758081,508.1930266737298,227.00062129529772,2219.1172858563186,Non-critical,Non-critical
Bearing1_1,718,2803,2084,1251.5624288866775,508.1930266737298,255.50409660616708,2247.620761167188,Non-critical,Non-critical
Bearing1_1,719,2803,2083,1301.8295113411036,508.1930266737298,305.7711790605932,2297.887843621614,Non-critical,Non-critical
Bearing1_1,720,2803,2082,1265.0026787191355,508.1930266737298,268.9443464386251,2261.061010999646,Non-critical,Non-critical
Bearing1_1,721,2803,2081,1214.8706507930701,508.1930266737298,218.81231851255973,2210.9289830735806,Non-critical,Non-critical
Bearing1_1,722,2803,2080,1230.9246951077976,508.1930266737298,234.86636282728716,2226.983027388308,Non-critical,Non-critical
Bearing1_1,723,2803,2079,1243.0555424555882,508.1930266737298,246.99721017507784,2239.1138747360988,Non-critical,Non-critical
Bearing1_1,724,2803,2078,1212.0247323785761,508.1930266737298,215.96640009806572,2208.0830646590866,Non-critical,Non-critical
Bearing1_1,725,2803,2077,1250.984393198888,508.1930266737298,254.92606091837763,2247.0427254793985,Non-critical,Non-critical
Bearing1_1,726,2803,2076,1242.0259525576284,508.1930266737298,245.96762027711804,2238.084284838139,Non-critical,Non-critical
Bearing1_1,727,2803,2075,1274.7573883635578,508.1930266737298,278.69905608304737,2270.8157206440683,Non-critical,Non-critical
Bearing1_1,728,2803,2074,1254.600193006821,508.1930266737298,258.5418607263106,2250.6585252873315,Non-critical,Non-critical
Bearing1_1,729,2803,2073,1216.3727787845983,508.1930266737298,220.31444650408787,2212.431111065109,Non-critical,Non-critical
Bearing1_1,730,2803,2072,1240.7277587894814,508.1930266737298,244.66942650897101,2236.786091069992,Non-critical,Non-critical
Bearing1_1,731,2803,2071,1252.3843006678235,508.1930266737298,256.3259683873131,2248.442632948334,Non-critical,Non-critical
Bearing1_1,732,2803,2070,1286.0685020269634,508.1930266737298,290.010169746453,2282.126834307474,Non-critical,Non-critical
Bearing1_1,733,2803,2069,1217.1436294609389,508.1930266737298,221.08529718042848,2213.2019617414494,Non-critical,Non-critical
Bearing1_1,734,2803,2068,1248.2998553757407,508.1930266737298,252.24152309523026,2244.358187656251,Non-critical,Non-critical
Bearing1_1,735,2803,2067,1263.7992872413388,508.1930266737298,267.7409549608284,2259.8576195218493,Non-critical,Non-critical
Bearing1_1,736,2803,2066,1221.1131411537644,508.1930266737298,225.05480887325405,2217.171473434275,Non-critical,Non-critical
Bearing1_1,737,2803,2065,1264.2418508634269,508.1930266737298,268.18351858291646,2260.3001831439374,Non-critical,Non-critical
Bearing1_1,738,2803,2064,1218.7903470833253,508.1930266737298,222.7320148028149,2214.848679363836,Non-critical,Non-critical
Bearing1_1,739,2803,2063,1268.0945560218097,508.1930266737298,272.0362237412993,2264.15288830232,Non-critical,Non-critical
Bearing1_1,740,2803,2062,1260.7386988566082,508.1930266737298,264.68036657609775,2256.7970311371187,Non-critical,Non-critical
Bearing1_1,741,2803,2061,1225.2133844094678,508.1930266737298,229.15505212895744,2221.2717166899783,Non-critical,Non-critical
Bearing1_1,742,2803,2060,1239.130693127705,508.1930266737298,243.07236084719455,2235.1890254082155,Non-critical,Non-critical
Bearing1_1,743,2803,2059,1166.6208754676313,508.1930266737298,170.56254318712092,2162.679207748142,Non-critical,Non-critical
Bearing1_1,744,2803,2058,1213.0097421055625,508.1930266737298,216.9514098250521,2209.068074386073,Non-critical,Non-critical
Bearing1_1,745,2803,2057,1218.8554507588124,508.1930266737298,222.79711847830197,2214.913783039323,Non-critical,Non-critical
Bearing1_1,746,2803,2056,1215.493125749556,508.1930266737298,219.43479346904553,2211.5514580300664,Non-critical,Non-critical
Bearing1_1,747,2803,2055,1220.4147355231648,508.1930266737298,224.35640324265444,2216.4730678036753,Non-critical,Non-critical
Bearing1_1,748,2803,2054,1278.622501820912,508.1930266737298,282.5641695404016,2274.6808341014225,Non-critical,Non-critical
Bearing1_1,749,2803,2053,1241.1368605652833,508.1930266737298,245.07852828477291,2237.195192845794,Non-critical,Non-critical
Bearing1_1,750,2803,2052,1235.4902119210014,508.1930266737298,239.43187964049105,2231.548544201512,Non-critical,Non-critical
Bearing1_1,751,2803,2051,1211.2677630361688,508.1930266737298,215.20943075565845,2207.326095316679,Non-critical,Non-critical
Bearing1_1,752,2803,2050,1228.230735492335,508.1930266737298,232.17240321182464,2224.2890677728456,Non-critical,Non-critical
Bearing1_1,753,2803,2049,1283.0131475300918,508.1930266737298,286.95481524958143,2279.0714798106023,Non-critical,Non-critical
Bearing1_1,754,2803,2048,1208.431026669118,508.1930266737298,212.37269438860756,2204.4893589496282,Non-critical,Non-critical
Bearing1_1,755,2803,2047,1203.5394141307265,508.1930266737298,207.48108185021613,2199.597746411237,Non-critical,Non-critical
Bearing1_1,756,2803,2046,1227.8904185524043,508.1930266737298,231.8320862718939,2223.948750832915,Non-critical,Non-critical
Bearing1_1,757,2803,2045,961.5374429607677,508.1930266737298,0.0,1957.5957752412783,Non-critical,Non-critical
Bearing1_1,758,2803,2044,1274.2621884018004,508.1930266737298,278.20385612128996,2270.320520682311,Non-critical,Non-critical
Bearing1_1,759,2803,2043,1249.9360546511184,508.1930266737298,253.877722370608,2245.994386931629,Non-critical,Non-critical
Bearing1_1,760,2803,2042,1230.7740921048908,508.1930266737298,234.71575982438037,2226.8324243854013,Non-critical,Non-critical
Bearing1_1,761,2803,2041,1253.2349538415087,508.1930266737298,257.17662156099834,2249.2932861220193,Non-critical,Non-critical
Bearing1_1,762,2803,2040,1226.7642430708106,508.1930266737298,230.7059107903002,2222.822575351321,Non-critical,Non-critical
Bearing1_1,763,2803,2039,1227.6108879696121,508.1930266737298,231.55255568910172,2223.6692202501226,Non-critical,Non-critical
Bearing1_1,764,2803,2038,1279.097411789613,508.1930266737298,283.03907950910263,2275.1557440701235,Non-critical,Non-critical
Bearing1_1,765,2803,2037,1282.2973180488725,508.1930266737298,286.2389857683621,2278.355650329383,Non-critical,Non-critical
Bearing1_1,766,2803,2036,1285.3503799740224,508.1930266737298,289.292047693512,2281.408712254533,Non-critical,Non-critical
Bearing1_1,767,2803,2035,1223.0489403904921,508.1930266737298,226.99060810998174,2219.1072726710026,Non-critical,Non-critical
Bearing1_1,768,2803,2034,1229.24484910811,508.1930266737298,233.18651682759958,2225.3031813886205,Non-critical,Non-critical
Bearing1_1,769,2803,2033,1234.0731963032308,508.1930266737298,238.01486402272042,2230.1315285837413,Non-critical,Non-critical
Bearing1_1,770,2803,2032,1232.9042859100045,508.1930266737298,236.84595362949415,2228.962618190515,Non-critical,Non-critical
Bearing1_1,771,2803,2031,1211.372027439963,508.1930266737298,215.31369515945255,2207.4303597204735,Non-critical,Non-critical
Bearing1_1,772,2803,2030,1192.6523074189954,508.1930266737298,196.593975138485,2188.710639699506,Non-critical,Non-critical
Bearing1_1,773,2803,2029,1270.1593688297758,508.1930266737298,274.10103654926536,2266.2177011102863,Non-critical,Non-critical
Bearing1_1,774,2803,2028,1228.0426043085122,508.1930266737298,231.98427202800178,2224.1009365890227,Non-critical,Non-critical
Bearing1_1,775,2803,2027,1245.4267207085172,508.1930266737298,249.36838842800682,2241.4850529890277,Non-critical,Non-critical
Bearing1_1,776,2803,2026,1234.779479637623,508.1930266737298,238.7211473571125,2230.8378119181334,Non-critical,Non-critical
Bearing1_1,777,2803,2025,1243.485652884683,508.1930266737298,247.42732060417268,2239.5439851651936,Non-critical,Non-critical
Bearing1_1,778,2803,2024,1250.4609149155003,508.1930266737298,254.40258263498993,2246.519247196011,Non-critical,Non-critical
Bearing1_1,779,2803,2023,1272.526720593457,508.1930266737298,276.46838831294656,2268.5850528739675,Non-critical,Non-critical
Bearing1_1,780,2803,2022,1227.4518408996178,508.1930266737298,231.39350861910737,2223.5101731801283,Non-critical,Non-critical
Bearing1_1,781,2803,2021,203.88877986353415,508.1930266737298,0.0,1199.9471121440445,Non-critical,Wear detectable
Bearing1_1,782,2803,2020,1233.0657835354887,508.1930266737298,237.00745125497826,2229.124115815999,Non-critical,Non-critical
Bearing1_1,783,2803,2019,219.97997309610795,508.1930266737298,0.0,1216.0383053766184,Non-critical,Wear detectable
Bearing1_1,784,2803,2018,1292.539850495184,508.1930266737298,296.48151821467366,2288.5981827756946,Non-critical,Non-critical
Bearing1_1,785,2803,2017,1221.710725699164,508.1930266737298,225.65239341865356,2217.7690579796745,Non-critical,Non-critical
Bearing1_1,786,2803,2016,1233.3330674357412,508.1930266737298,237.27473515523081,2229.3913997162517,Non-critical,Non-critical
Bearing1_1,787,2803,2015,1287.1985850032856,508.1930266737298,291.14025272277524,2283.256917283796,Non-critical,Non-critical
Bearing1_1,788,2803,2014,1249.7927431602106,508.1930266737298,253.73441087970025,2245.851075440721,Non-critical,Non-critical
Bearing1_1,789,2803,2013,1333.4682772164388,508.1930266737298,337.40994493592837,2329.5266094969493,Non-critical,Non-critical
Bearing1_1,790,2803,2012,1260.1563066431959,508.1930266737298,264.0979743626855,2256.2146389237064,Non-critical,Non-critical
Bearing1_1,791,2803,2011,1239.3891316022955,508.1930266737298,243.3307993217851,2235.447463882806,Non-critical,Non-critical
Bearing1_1,792,2803,2010,192.5660477885912,508.1930266737298,0.0,1188.6243800691016,Non-critical,Wear detectable
Bearing1_1,793,2803,2009,1262.2706405240374,508.1930266737298,266.212308243527,2258.328972804548,Non-critical,Non-critical
Bearing1_1,794,2803,2008,1227.6369450092561,508.1930266737298,231.57861272874572,2223.6952772897666,Non-critical,Non-critical
Bearing1_1,795,2803,2007,1249.7136218903784,508.1930266737298,253.65528960986796,2245.771954170889,Non-critical,Non-critical
Bearing1_1,796,2803,2006,605.1056999385285,508.1930266737298,0.0,1601.1640322190387,Non-critical,Non-critical
Bearing1_1,797,2803,2005,1210.8227257396632,508.1930266737298,214.76439345915276,2206.8810580201734,Non-critical,Non-critical
Bearing1_1,798,2803,2004,1196.9989189769078,508.1930266737298,200.94058669639742,2193.057251257418,Non-critical,Non-critical
Bearing1_1,799,2803,2003,1246.8539290046974,508.1930266737298,250.79559672418702,2242.912261285208,Non-critical,Non-critical
Bearing1_1,800,2803,2002,1269.8807064742682,508.1930266737298,273.8223741937578,2265.9390387547787,Non-critical,Non-critical
Bearing1_1,801,2803,2001,1301.4974059920255,508.1930266737298,305.4390737115151,2297.555738272536,Non-critical,Non-critical
Bearing1_1,802,2803,2000,1227.2582668165696,508.1930266737298,231.19993453605923,2223.31659909708,Non-critical,Non-critical
Bearing1_1,803,2803,1999,1227.109980045489,508.1930266737298,231.0516477649786,2223.1683123259995,Non-critical,Non-critical
Bearing1_1,804,2803,1998,1204.8330338960623,508.1930266737298,208.77470161555186,2200.891366176573,Non-critical,Non-critical
Bearing1_1,805,2803,1997,1199.3210691789702,508.1930266737298,203.26273689845982,2195.3794014594805,Non-critical,Non-critical
Bearing1_1,806,2803,1996,1271.220111943866,508.1930266737298,275.16177966335556,2267.2784442243765,Non-critical,Non-critical
Bearing1_1,807,2803,1995,1262.249307253825,508.1930266737298,266.1909749733146,2258.3076395343355,Non-critical,Non-critical
Bearing1_1,808,2803,1994,1244.2012633890727,508.1930266737298,248.14293110856227,2240.259595669583,Non-critical,Non-critical
Bearing1_1,809,2803,1993,223.03042392976892,508.1930266737298,0.0,1219.0887562102794,Non-critical,Wear detectable
Bearing1_1,810,2803,1992,1260.569989854941,508.1930266737298,264.5116575744306,2256.6283221354515,Non-critical,Non-critical
Bearing1_1,811,2803,1991,212.96808109785368,508.1930266737298,0.0,1209.0264133783642,Non-critical,Wear detectable
Bearing1_1,812,2803,1990,1251.023505809418,508.1930266737298,254.9651735289077,2247.0818380899286,Non-critical,Non-critical
Bearing1_1,813,2803,1989,1225.1417892222908,508.1930266737298,229.08345694178036,2221.2001215028013,Non-critical,Non-critical
Bearing1_1,814,2803,1988,1239.3843777593702,508.1930266737298,243.32604547885978,2235.4427100398807,Non-critical,Non-critical
Bearing1_1,815,2803,1987,1272.006035834631,508.1930266737298,275.9477035541205,2268.0643681151414,Non-critical,Non-critical
Bearing1_1,816,2803,1986,1198.675384937301,508.1930266737298,202.61705265679063,2194.7337172178113,Non-critical,Non-critical
Bearing1_1,817,2803,1985,1237.0808255502043,508.1930266737298,241.02249326969388,2233.139157830715,Non-critical,Non-critical
Bearing1_1,818,2803,1984,1221.777844013673,508.1930266737298,225.71951173316268,2217.8361762941836,Non-critical,Non-critical
Bearing1_1,819,2803,1983,1246.8380995269017,508.1930266737298,250.77976724639132,2242.8964318074122,Non-critical,Non-critical
Bearing1_1,820,2803,1982,1203.0843978712132,508.1930266737298,207.02606559070284,2199.1427301517238,Non-critical,Non-critical
Bearing1_1,821,2803,1981,1234.9122070221083,508.1930266737298,238.8538747415979,2230.970539302619,Non-critical,Non-critical
Bearing1_1,822,2803,1980,1263.7683323117863,508.1930266737298,267.71000003127585,2259.8266645922968,Non-critical,Non-critical
Bearing1_1,823,2803,1979,1209.882516576035,508.1930266737298,213.82418429552456,2205.9408488565455,Non-critical,Non-critical
Bearing1_1,824,2803,1978,1205.119083080287,508.1930266737298,209.06075079977666,2201.1774153607976,Non-critical,Non-critical
Bearing1_1,825,2803,1977,1238.4372656817613,508.1930266737298,242.37893340125095,2234.495597962272,Non-critical,Non-critical
Bearing1_1,826,2803,1976,1248.5467922707712,508.1930266737298,252.48845999026082,2244.6051245512817,Non-critical,Non-critical
Bearing1_1,827,2803,1975,1239.8448127133297,508.1930266737298,243.7864804328193,2235.90314499384,Non-critical,Non-critical
Bearing1_1,828,2803,1974,1196.5645513879651,508.1930266737298,200.50621910745474,2192.6228836684754,Non-critical,Non-critical
Bearing1_1,829,2803,1973,1184.73394143484,508.1930266737298,188.67560915432966,2180.7922737153503,Non-critical,Non-critical
Bearing1_1,830,2803,1972,1228.9981807414815,508.1930266737298,232.93984846097112,2225.056513021992,Non-critical,Non-critical
Bearing1_1,831,2803,1971,1182.977488868415,508.1930266737298,186.9191565879047,2179.0358211489256,Non-critical,Non-critical
Bearing1_1,832,2803,1970,1241.2310676699694,508.1930266737298,245.17273538945904,2237.28939995048,Non-critical,Non-critical
Bearing1_1,833,2803,1969,755.1153525841089,508.1930266737298,0.0,1751.1736848646192,Non-critical,Non-critical
Bearing1_1,834,2803,1968,1198.769802643295,508.1930266737298,202.71147036278455,2194.8281349238055,Non-critical,Non-critical
Bearing1_1,835,2803,1967,1266.505894070779,508.1930266737298,270.44756179026865,2262.5642263512896,Non-critical,Non-critical
Bearing1_1,836,2803,1966,1220.24586314844,508.1930266737298,224.1875308679297,2216.3041954289506,Non-critical,Non-critical
Bearing1_1,837,2803,1965,1196.8186575618092,508.1930266737298,200.76032528129883,2192.8769898423197,Non-critical,Non-critical
Bearing1_1,838,2803,1964,1192.6873717295277,508.1930266737298,196.62903944901734,2188.745704010038,Non-critical,Non-critical
Bearing1_1,839,2803,1963,1239.5343798946597,508.1930266737298,243.47604761414925,2235.59271217517,Non-critical,Non-critical
Bearing1_1,840,2803,1962,1218.5192746165085,508.1930266737298,222.46094233599808,2214.577606897019,Non-critical,Non-critical
Bearing1_1,841,2803,1961,1264.7439214213682,508.1930266737298,268.6855891408578,2260.8022537018787,Non-critical,Non-critical
Bearing1_1,842,2803,1960,1254.462496750224,508.1930266737298,258.4041644697137,2250.5208290307346,Non-critical,Non-critical
Bearing1_1,843,2803,1959,1197.0473778903056,508.1930266737298,200.9890456097952,2193.105710170816,Non-critical,Non-critical
Bearing1_1,844,2803,1958,1220.313285036017,508.1930266737298,224.25495275550668,2216.3716173165276,Non-critical,Non-critical
Bearing1_1,845,2803,1957,1221.9348848785526,508.1930266737298,225.87655259804217,2217.993217159063,Non-critical,Non-critical
Bearing1_1,846,2803,1956,1203.1538545953488,508.1930266737298,207.09552231483838,2199.212186875859,Non-critical,Non-critical
Bearing1_1,847,2803,1955,1252.2317304756343,508.1930266737298,256.1733981951239,2248.290062756145,Non-critical,Non-critical
Bearing1_1,848,2803,1954,1229.218922769031,508.1930266737298,233.1605904885206,2225.2772550495415,Non-critical,Non-critical
Bearing1_1,849,2803,1953,1235.122493521113,508.1930266737298,239.06416124060263,2231.1808258016235,Non-critical,Non-critical
Bearing1_1,850,2803,1952,1202.4907369430348,508.1930266737298,206.4324046625244,2198.5490692235453,Non-critical,Non-critical
Bearing1_1,851,2803,1951,1235.0481991730248,508.1930266737298,238.98986689251444,2231.1065314535354,Non-critical,Non-critical
Bearing1_1,852,2803,1950,1217.4081461483552,508.1930266737298,221.34981386784477,2213.4664784288657,Non-critical,Non-critical
Bearing1_1,853,2803,1949,1199.6588895691257,508.1930266737298,203.60055728861528,2195.717221849636,Non-critical,Non-critical
Bearing1_1,854,2803,1948,1239.1600737307767,508.1930266737298,243.10174145026633,2235.2184060112872,Non-critical,Non-critical
Bearing1_1,855,2803,1947,1234.3556767469577,508.1930266737298,238.29734446644727,2230.414009027468,Non-critical,Non-critical
Bearing1_1,856,2803,1946,1235.5332838977115,508.1930266737298,239.4749516172011,2231.591616178222,Non-critical,Non-critical
Bearing1_1,857,2803,1945,1237.8615969459847,508.1930266737298,241.80326466547433,2233.9199292264952,Non-critical,Non-critical
Bearing1_1,858,2803,1944,1180.5095218804177,508.1930266737298,184.45118959990725,2176.567854160928,Non-critical,Non-critical
Bearing1_1,859,2803,1943,1269.3459826671547,508.1930266737298,273.28765038664426,2265.404314947665,Non-critical,Non-critical
Bearing1_1,860,2803,1942,1213.0604423851191,508.1930266737298,217.00211010460873,2209.1187746656296,Non-critical,Non-critical
Bearing1_1,861,2803,1941,1180.741019056924,508.1930266737298,184.68268677641356,2176.7993513374345,Non-critical,Non-critical
Bearing1_1,862,2803,1940,1235.9451935408665,508.1930266737298,239.8868612603561,2232.003525821377,Non-critical,Non-critical
Bearing1_1,863,2803,1939,1217.7919152702375,508.1930266737298,221.7335829897271,2213.850247550748,Non-critical,Non-critical
Bearing1_1,864,2803,1938,1183.9952108521375,508.1930266737298,187.93687857162706,2180.053543132648,Non-critical,Non-critical
Bearing1_1,865,2803,1937,1217.38017153587,508.1930266737298,221.32183925535958,2213.4385038163805,Non-critical,Non-critical
Bearing1_1,866,2803,1936,1223.3732082343013,508.1930266737298,227.31487595379087,2219.431540514812,Non-critical,Non-critical
Bearing1_1,867,2803,1935,1225.6225711482462,508.1930266737298,229.56423886773575,2221.6809034287567,Non-critical,Non-critical
Bearing1_1,868,2803,1934,1183.3612659390265,508.1930266737298,187.30293365851605,2179.419598219537,Non-critical,Non-critical
Bearing1_1,869,2803,1933,1206.6769252730512,508.1930266737298,210.6185929925408,2202.7352575535615,Non-critical,Non-critical
Bearing1_1,870,2803,1932,1214.54535407683,508.1930266737298,218.4870217963197,2210.6036863573404,Non-critical,Non-critical
Bearing1_1,871,2803,1931,1259.9489996433708,508.1930266737298,263.8906673628604,2256.0073319238813,Non-critical,Non-critical
Bearing1_1,872,2803,1930,1183.763338366431,508.1930266737298,187.70500608592067,2179.8216706469416,Non-critical,Non-critical
Bearing1_1,873,2803,1929,1214.0804125106356,508.1930266737298,218.0220802301252,2210.138744791146,Non-critical,Non-critical
Bearing1_1,874,2803,1928,1249.8511738473762,508.1930266737298,253.79284156686583,2245.9095061278867,Non-critical,Non-critical
Bearing1_1,875,2803,1927,1201.1220449685766,508.1930266737298,205.06371268806618,2197.180377249087,Non-critical,Non-critical
Bearing1_1,876,2803,1926,1200.899322285311,508.1930266737298,204.84099000480057,2196.9576545658215,Non-critical,Non-critical
Bearing1_1,877,2803,1925,1267.1339930582512,508.1930266737298,271.07566077774084,2263.1923253387617,Non-critical,Non-critical
Bearing1_1,878,2803,1924,1252.3732369977788,508.1930266737298,256.3149047172684,2248.4315692782893,Non-critical,Non-critical
Bearing1_1,879,2803,1923,1180.4334508573556,508.1930266737298,184.37511857684524,2176.491783137866,Non-critical,Non-critical
Bearing1_1,880,2803,1922,1203.6392354377147,508.1930266737298,207.58090315720426,2199.697567718225,Non-critical,Non-critical
Bearing1_1,881,2803,1921,1197.0177369143184,508.1930266737298,200.95940463380805,2193.076069194829,Non-critical,Non-critical
Bearing1_1,882,2803,1920,1195.4076966065695,508.1930266737298,199.34936432605912,2191.46602888708,Non-critical,Non-critical
Bearing1_1,883,2803,1919,1214.300243645779,508.1930266737298,218.2419113652685,2210.358575926289,Non-critical,Non-critical
Bearing1_1,884,2803,1918,1218.1152314074898,508.1930266737298,222.05689912697937,2214.1735636880003,Non-critical,Non-critical
Bearing1_1,885,2803,1917,1230.7380419555088,508.1930266737298,234.67970967499843,2226.7963742360193,Non-critical,Non-critical
Bearing1_1,886,2803,1916,1178.3711001996567,508.1930266737298,182.31276791914627,2174.429432480167,Non-critical,Non-critical
Bearing1_1,887,2803,1915,1218.8671947359567,508.1930266737298,222.80886245544627,2214.925527016467,Non-critical,Non-critical
Bearing1_1,888,2803,1914,1226.4198951144908,508.1930266737298,230.36156283398043,2222.4782273950013,Non-critical,Non-critical
Bearing1_1,889,2803,1913,1213.4281170297013,508.1930266737298,217.3697847491909,2209.486449310212,Non-critical,Non-critical
Bearing1_1,890,2803,1912,1234.9342149947852,508.1930266737298,238.87588271427478,2230.9925472752957,Non-critical,Non-critical
Bearing1_1,891,2803,1911,1233.7028609303939,508.1930266737298,237.64452864988345,2229.7611932109044,Non-critical,Non-critical
Bearing1_1,892,2803,1910,1201.6614158544608,508.1930266737298,205.60308357395036,2197.7197481349713,Non-critical,Non-critical
Bearing1_1,893,2803,1909,1209.958332416626,508.1930266737298,213.90000013611564,2206.0166646971365,Non-critical,Non-critical
Bearing1_1,894,2803,1908,1227.1087253768096,508.1930266737298,231.05039309629922,2223.16705765732,Non-critical,Non-critical
Bearing1_1,895,2803,1907,1199.652895452653,508.1930266737298,203.59456317214256,2195.7112277331635,Non-critical,Non-critical
Bearing1_1,896,2803,1906,1239.759631282771,508.1930266737298,243.7012990022605,2235.8179635632814,Non-critical,Non-critical
Bearing1_1,897,2803,1905,1157.7223149546767,508.1930266737298,161.66398267416628,2153.780647235187,Non-critical,Non-critical
Bearing1_1,898,2803,1904,1225.725030832557,508.1930266737298,229.66669855204657,2221.7833631130675,Non-critical,Non-critical
Bearing1_1,899,2803,1903,1190.775417553706,508.1930266737298,194.7170852731955,2186.833749834216,Non-critical,Non-critical
Bearing1_1,900,2803,1902,1170.1319151563416,508.1930266737298,174.07358287583122,2166.190247436852,Non-critical,Non-critical
Bearing1_1,901,2803,1901,1182.022938887087,508.1930266737298,185.9646066065767,2178.0812711675976,Non-critical,Non-critical
Bearing1_1,902,2803,1900,1180.6188717704035,508.1930266737298,184.56053948989313,2176.677204050914,Non-critical,Non-critical
Bearing1_1,903,2803,1899,1200.3938652903448,508.1930266737298,204.33553300983442,2196.4521975708553,Non-critical,Non-critical
Bearing1_1,904,2803,1898,1174.1354303471835,508.1930266737298,178.0770980666731,2170.193762627694,Non-critical,Non-critical
Bearing1_1,905,2803,1897,1190.5969063978005,508.1930266737298,194.53857411729007,2186.655238678311,Non-critical,Non-critical
Bearing1_1,906,2803,1896,1179.5087103804058,508.1930266737298,183.45037809989537,2175.5670426609163,Non-critical,Non-critical
Bearing1_1,907,2803,1895,1257.1078699423556,508.1930266737298,261.0495376618452,2253.166202222866,Non-critical,Non-critical
Bearing1_1,908,2803,1894,1173.2802249997305,508.1930266737298,177.22189271922014,2169.338557280241,Non-critical,Non-critical
Bearing1_1,909,2803,1893,1192.448204327538,508.1930266737298,196.38987204702755,2188.5065366080485,Non-critical,Non-critical
Bearing1_1,910,2803,1892,1173.8480938308005,508.1930266737298,177.7897615502901,2169.906426111311,Non-critical,Non-critical
Bearing1_1,911,2803,1891,1217.6863394420766,508.1930266737298,221.6280071615662,2213.744671722587,Non-critical,Non-critical
Bearing1_1,912,2803,1890,1202.0564762315878,508.1930266737298,205.9981439510774,2198.114808512098,Non-critical,Non-critical
Bearing1_1,913,2803,1889,1140.8440103668659,508.1930266737298,144.78567808635546,2136.9023426473764,Non-critical,Non-critical
Bearing1_1,914,2803,1888,1200.9147325890908,508.1930266737298,204.85640030858042,2196.9730648696013,Non-critical,Non-critical
Bearing1_1,915,2803,1887,1158.1285130190554,508.1930266737298,162.070180738545,2154.186845299566,Non-critical,Non-critical
Bearing1_1,916,2803,1886,1168.6576421310406,508.1930266737298,172.59930985053018,2164.715974411551,Non-critical,Non-critical
Bearing1_1,917,2803,1885,1187.3867313836083,508.1930266737298,191.32839910309792,2183.4450636641186,Non-critical,Non-critical
Bearing1_1,918,2803,1884,1201.8095071573166,508.1930266737298,205.7511748768062,2197.867839437827,Non-critical,Non-critical
Bearing1_1,919,2803,1883,1228.2843973784084,508.1930266737298,232.22606509789796,2224.342729658919,Non-critical,Non-critical
Bearing1_1,920,2803,1882,1162.841396524072,508.1930266737298,166.78306424356163,2158.8997288045825,Non-critical,Non-critical
Bearing1_1,921,2803,1881,1209.5027729170015,508.1930266737298,213.4444406364911,2205.561105197512,Non-critical,Non-critical
Bearing1_1,922,2803,1880,1145.7447297704934,508.1930266737298,149.68639748998305,2141.803062051004,Non-critical,Non-critical
Bearing1_1,923,2803,1879,1179.066962469835,508.1930266737298,183.00863018932466,2175.1252947503453,Non-critical,Non-critical
Bearing1_1,924,2803,1878,1170.9994256456341,508.1930266737298,174.94109336512372,2167.0577579261444,Non-critical,Non-critical
Bearing1_1,925,2803,1877,1160.9152748383988,508.1930266737298,164.85694255788837,2156.973607118909,Non-critical,Non-critical
Bearing1_1,926,2803,1876,1185.4871195691035,508.1930266737298,189.42878728859307,2181.545451849614,Non-critical,Non-critical
Bearing1_1,927,2803,1875,1176.1848737290356,508.1930266737298,180.12654144852524,2172.243206009546,Non-critical,Non-critical
Bearing1_1,928,2803,1874,1211.3541149814223,508.1930266737298,215.2957827009119,2207.412447261933,Non-critical,Non-critical
Bearing1_1,929,2803,1873,1182.5393167881402,508.1930266737298,186.48098450762984,2178.5976490686508,Non-critical,Non-critical
Bearing1_1,930,2803,1872,1155.1615214651638,508.1930266737298,159.1031891846534,2151.2198537456743,Non-critical,Non-critical
Bearing1_1,931,2803,1871,1208.424075480487,508.1930266737298,212.3657431999767,2204.4824077609974,Non-critical,Non-critical
Bearing1_1,932,2803,1870,1195.428885308382,508.1930266737298,199.37055302787155,2191.4872175888922,Non-critical,Non-critical
Bearing1_1,933,2803,1869,1146.9703064729767,508.1930266737298,150.91197419246635,2143.028638753487,Non-critical,Non-critical
Bearing1_1,934,2803,1868,1143.9917729606213,508.1930266737298,147.93344068011095,2140.050105241132,Non-critical,Non-critical
Bearing1_1,935,2803,1867,1186.7519277379556,508.1930266737298,190.6935954574452,2182.810260018466,Non-critical,Non-critical
Bearing1_1,936,2803,1866,1151.7568286024298,508.1930266737298,155.69849632191938,2147.8151608829403,Non-critical,Non-critical
Bearing1_1,937,2803,1865,1184.6023747270106,508.1930266737298,188.54404244650016,2180.660707007521,Non-critical,Non-critical
Bearing1_1,938,2803,1864,1186.1762571195545,508.1930266737298,190.11792483904412,2182.234589400065,Non-critical,Non-critical
Bearing1_1,939,2803,1863,1220.19617969392,508.1930266737298,224.13784741340953,2216.2545119744304,Non-critical,Non-critical
Bearing1_1,940,2803,1862,1158.3169531345504,508.1930266737298,162.25862085404003,2154.3752854150607,Non-critical,Non-critical
Bearing1_1,941,2803,1861,1184.9942853544567,508.1930266737298,188.93595307394628,2181.052617634967,Non-critical,Non-critical
Bearing1_1,942,2803,1860,807.8083471886006,508.1930266737298,0.0,1803.866679469111,Non-critical,Non-critical
Bearing1_1,943,2803,1859,1178.4742112236502,508.1930266737298,182.41587894313977,2174.5325435041605,Non-critical,Non-critical
Bearing1_1,944,2803,1858,1169.9525748853969,508.1930266737298,173.89424260488647,2166.010907165907,Non-critical,Non-critical
Bearing1_1,945,2803,1857,1196.0319752986807,508.1930266737298,199.97364301817026,2192.090307579191,Non-critical,Non-critical
Bearing1_1,946,2803,1856,1171.2274246559434,508.1930266737298,175.16909237543302,2167.2857569364537,Non-critical,Non-critical
Bearing1_1,947,2803,1855,1092.3931597070068,508.1930266737298,96.33482742649642,2088.4514919875173,Non-critical,Non-critical
Bearing1_1,948,2803,1854,1153.3300861967973,508.1930266737298,157.2717539162869,2149.388418477308,Non-critical,Non-critical
Bearing1_1,949,2803,1853,1157.863017405787,508.1930266737298,161.8046851252767,2153.9213496862976,Non-critical,Non-critical
Bearing1_1,950,2803,1852,1198.115449069076,508.1930266737298,202.05711678856562,2194.1737813495865,Non-critical,Non-critical
Bearing1_1,951,2803,1851,1184.4952653500409,508.1930266737298,188.43693306953048,2180.5535976305514,Non-critical,Non-critical
Bearing1_1,952,2803,1850,1167.6915266462013,508.1930266737298,171.63319436569088,2163.7498589267116,Non-critical,Non-critical
Bearing1_1,953,2803,1849,1145.1874952294484,508.1930266737298,149.12916294893796,2141.245827509959,Non-critical,Non-critical
Bearing1_1,954,2803,1848,1165.975454168582,508.1930266737298,169.91712188807162,2162.0337864490925,Non-critical,Non-critical
Bearing1_1,955,2803,1847,1150.3723795708936,508.1930266737298,154.3140472903832,2146.430711851404,Non-critical,Non-critical
Bearing1_1,956,2803,1846,1152.3104636685284,508.1930266737298,156.25213138801803,2148.368795949039,Non-critical,Non-critical
Bearing1_1,957,2803,1845,1159.0104889027873,508.1930266737298,162.9521566222769,2155.0688211832976,Non-critical,Non-critical
Bearing1_1,958,2803,1844,1143.4736223681566,508.1930266737298,147.4152900876462,2139.531954648667,Non-critical,Non-critical
Bearing1_1,959,2803,1843,1184.8703500665133,508.1930266737298,188.8120177860029,2180.928682347024,Non-critical,Non-critical
Bearing1_1,960,2803,1842,1173.0820270366826,508.1930266737298,177.02369475617218,2169.140359317193,Non-critical,Non-critical
Bearing1_1,961,2803,1841,1139.541561363691,508.1930266737298,143.48322908318062,2135.5998936442015,Non-critical,Non-critical
Bearing1_1,962,2803,1840,1167.9325576490537,508.1930266737298,171.8742253685433,2163.990889929564,Non-critical,Non-critical
Bearing1_1,963,2803,1839,1203.3282700827172,508.1930266737298,207.26993780220675,2199.3866023632277,Non-critical,Non-critical
Bearing1_1,964,2803,1838,1185.6426263808987,508.1930266737298,189.58429410038832,2181.700958661409,Non-critical,Non-critical
Bearing1_1,965,2803,1837,1160.5651215598555,508.1930266737298,164.50678927934507,2156.623453840366,Non-critical,Non-critical
Bearing1_1,966,2803,1836,1140.8170963119205,508.1930266737298,144.75876403141012,2136.875428592431,Non-critical,Non-critical
Bearing1_1,967,2803,1835,1172.5106066442418,508.1930266737298,176.45227436373136,2168.5689389247523,Non-critical,Non-critical
Bearing1_1,968,2803,1834,1114.5763486224423,508.1930266737298,118.51801634193191,2110.634680902953,Non-critical,Non-critical
Bearing1_1,969,2803,1833,1160.4481839286227,508.1930266737298,164.3898516481123,2156.506516209133,Non-critical,Non-critical
Bearing1_1,970,2803,1832,1175.644271570031,508.1930266737298,179.58593928952052,2171.7026038505414,Non-critical,Non-critical
Bearing1_1,971,2803,1831,1146.2204617448015,508.1930266737298,150.16212946429107,2142.278794025312,Non-critical,Non-critical
Bearing1_1,972,2803,1830,1130.0055460520418,508.1930266737298,133.94721377153144,2126.063878332552,Non-critical,Non-critical
Bearing1_1,973,2803,1829,1174.3193804972357,508.1930266737298,178.26104821672527,2170.377712777746,Non-critical,Non-critical
Bearing1_1,974,2803,1828,1161.3982542857084,508.1930266737298,165.339922005198,2157.456586566219,Non-critical,Non-critical
Bearing1_1,975,2803,1827,1147.51869054589,508.1930266737298,151.46035826537957,2143.5770228264005,Non-critical,Non-critical
Bearing1_1,976,2803,1826,1131.3173106095724,508.1930266737298,135.25897832906196,2127.375642890083,Non-critical,Non-critical
Bearing1_1,977,2803,1825,1160.6588534908105,508.1930266737298,164.60052121030014,2156.717185771321,Non-critical,Non-critical
Bearing1_1,978,2803,1824,1178.841725865277,508.1930266737298,182.7833935847667,2174.9000581457876,Non-critical,Non-critical
Bearing1_1,979,2803,1823,1121.3307391225294,508.1930266737298,125.272406842019,2117.38907140304,Non-critical,Non-critical
Bearing1_1,980,2803,1822,1130.3123356039755,508.1930266737298,134.2540033234651,2126.370667884486,Non-critical,Non-critical
Bearing1_1,981,2803,1821,1172.578123976295,508.1930266737298,176.51979169578465,2168.6364562568056,Non-critical,Non-critical
Bearing1_1,982,2803,1820,1178.8899722694325,508.1930266737298,182.83163998892212,2174.948304549943,Non-critical,Non-critical
Bearing1_1,983,2803,1819,1145.131826119803,508.1930266737298,149.0734938392926,2141.1901584003135,Non-critical,Non-critical
Bearing1_1,984,2803,1818,1136.5101679933473,508.1930266737298,140.4518357128369,2132.568500273858,Non-critical,Non-critical
Bearing1_1,985,2803,1817,1133.671898539339,508.1930266737298,137.61356625882866,2129.7302308198496,Non-critical,Non-critical
Bearing1_1,986,2803,1816,1161.901792493732,508.1930266737298,165.84346021322165,2157.9601247742426,Non-critical,Non-critical
Bearing1_1,987,2803,1815,1107.811618904222,508.1930266737298,111.75328662371169,2103.8699511847326,Non-critical,Non-critical
Bearing1_1,988,2803,1814,1135.1368187778112,508.1930266737298,139.0784864973008,2131.1951510583217,Non-critical,Non-critical
Bearing1_1,989,2803,1813,1099.763128100727,508.1930266737298,103.70479582021665,2095.8214603812376,Non-critical,Non-critical
Bearing1_1,990,2803,1812,1134.4402346761053,508.1930266737298,138.38190239559492,2130.498566956616,Non-critical,Non-critical
Bearing1_1,991,2803,1811,1143.3485438229873,508.1930266737298,147.29021154247687,2139.406876103498,Non-critical,Non-critical
Bearing1_1,992,2803,1810,1129.3069909684177,508.1930266737298,133.24865868790732,2125.3653232489282,Non-critical,Non-critical
Bearing1_1,993,2803,1809,1129.197822938661,508.1930266737298,133.13949065815052,2125.2561552191714,Non-critical,Non-critical
Bearing1_1,994,2803,1808,1114.9263094081925,508.1930266737298,118.86797712768214,2110.984641688703,Non-critical,Non-critical
Bearing1_1,995,2803,1807,1154.4251100400293,508.1930266737298,158.36677775951887,2150.48344232054,Non-critical,Non-critical
Bearing1_1,996,2803,1806,1080.2422821618088,508.1930266737298,84.18394988129842,2076.3006144423193,Non-critical,Non-critical
Bearing1_1,997,2803,1805,1114.1301628775068,508.1930266737298,118.07183059699639,2110.1884951580173,Non-critical,Non-critical
Bearing1_1,998,2803,1804,1139.222332331721,508.1930266737298,143.16400005121056,2135.2806646122312,Non-critical,Non-critical
Bearing1_1,999,2803,1803,1134.915496150008,508.1930266737298,138.85716386949764,2130.9738284305186,Non-critical,Non-critical
Bearing1_1,1000,2803,1802,1131.340035779744,508.1930266737298,135.28170349923369,2127.3983680602546,Non-critical,Non-critical
Bearing1_1,1001,2803,1801,1143.413615921309,508.1930266737298,147.35528364079858,2139.4719482018195,Non-critical,Non-critical
Bearing1_1,1002,2803,1800,1158.341945628585,508.1930266737298,162.2836133480747,2154.4002779090956,Non-critical,Non-critical
Bearing1_1,1003,2803,1799,1131.9661918733286,508.1930266737298,135.90785959281823,2128.024524153839,Non-critical,Non-critical
Bearing1_1,1004,2803,1798,1163.6513115965272,508.1930266737298,167.5929793160168,2159.7096438770377,Non-critical,Non-critical
Bearing1_1,1005,2803,1797,1140.7698088218947,508.1930266737298,144.7114765413843,2136.828141102405,Non-critical,Non-critical
Bearing1_1,1006,2803,1796,1174.4603417673738,508.1930266737298,178.40200948686345,2170.5186740478844,Non-critical,Non-critical
Bearing1_1,1007,2803,1795,1112.4784402114242,508.1930266737298,116.42010793091379,2108.5367724919347,Non-critical,Non-critical
Bearing1_1,1008,2803,1794,1085.5782867727419,508.1930266737298,89.51995449223148,2081.636619053252,Non-critical,Non-critical
Bearing1_1,1009,2803,1793,1127.5475520501168,508.1930266737298,131.4892197696064,2123.6058843306273,Non-critical,Non-critical
Bearing1_1,1010,2803,1792,1098.1668036181522,508.1930266737298,102.10847133764184,2094.2251358986628,Non-critical,Non-critical
Bearing1_1,1011,2803,1791,1126.0601241848906,508.1930266737298,130.00179190438018,2122.118456465401,Non-critical,Non-critical
Bearing1_1,1012,2803,1790,1097.4178805917006,508.1930266737298,101.35954831119022,2093.476212872211,Non-critical,Non-critical
Bearing1_1,1013,2803,1789,1126.8056016662836,508.1930266737298,130.74726938577317,2122.863933946794,Non-critical,Non-critical
Bearing1_1,1014,2803,1788,1131.427783848394,508.1930266737298,135.36945156788363,2127.4861161289045,Non-critical,Non-critical
Bearing1_1,1015,2803,1787,1067.7849117953274,508.1930266737298,71.72657951481699,2063.843244075838,Non-critical,Non-critical
Bearing1_1,1016,2803,1786,1112.0049726608177,508.1930266737298,115.94664038030726,2108.063304941328,Non-critical,Non-critical
Bearing1_1,1017,2803,1785,1076.2611433501538,508.1930266737298,80.20281106964342,2072.3194756306643,Non-critical,Non-critical
Bearing1_1,1018,2803,1784,1082.5413323364478,508.1930266737298,86.4830000559374,2078.5996646169583,Non-critical,Non-critical
Bearing1_1,1019,2803,1783,1117.7806487388393,508.1930266737298,121.72231645832892,2113.83898101935,Non-critical,Non-critical
Bearing1_1,1020,2803,1782,1090.397324880757,508.1930266737298,94.33899260024657,2086.4556571612675,Non-critical,Non-critical
Bearing1_1,1021,2803,1781,1154.2434258386365,508.1930266737298,158.18509355812614,2150.301758119147,Non-critical,Non-critical
Bearing1_1,1022,2803,1780,1110.737433633291,508.1930266737298,114.67910135278055,2106.7957659138015,Non-critical,Non-critical
Bearing1_1,1023,2803,1779,1126.4988956772831,508.1930266737298,130.44056339677275,2122.5572279577937,Non-critical,Non-critical
Bearing1_1,1024,2803,1778,1104.1017272127124,508.1930266737298,108.04339493220198,2100.160059493223,Non-critical,Non-critical
Bearing1_1,1025,2803,1777,1093.9314666116268,508.1930266737298,97.87313433111638,2089.989798892137,Non-critical,Non-critical
Bearing1_1,1026,2803,1776,1110.7166795803457,508.1930266737298,114.65834729983533,2106.775011860856,Non-critical,Non-critical
Bearing1_1,1027,2803,1775,1076.666834797225,508.1930266737298,80.60850251671457,2072.7251670777355,Non-critical,Non-critical
Bearing1_1,1028,2803,1774,1117.7476947750945,508.1930266737298,121.68936249458409,2113.8060270556048,Non-critical,Non-critical
Bearing1_1,1029,2803,1773,1156.4092523099089,508.1930266737298,160.35092002939848,2152.4675845904194,Non-critical,Non-critical
Bearing1_1,1030,2803,1772,1106.7389025086966,508.1930266737298,110.68057022818618,2102.797234789207,Non-critical,Non-critical
Bearing1_1,1031,2803,1771,1076.6079790941571,508.1930266737298,80.54964681364675,2072.6663113746677,Non-critical,Non-critical
Bearing1_1,1032,2803,1770,1112.2934661775132,508.1930266737298,116.23513389700281,2108.3517984580235,Non-critical,Non-critical
Bearing1_1,1033,2803,1769,1096.6395999384965,508.1930266737298,100.58126765798613,2092.697932219007,Non-critical,Non-critical
Bearing1_1,1034,2803,1768,1109.3190498677918,508.1930266737298,113.26071758728142,2105.3773821483023,Non-critical,Non-critical
Bearing1_1,1035,2803,1767,1119.8394842117327,508.1930266737298,123.78115193122233,2115.8978164922432,Non-critical,Non-critical
Bearing1_1,1036,2803,1766,1083.203514691181,508.1930266737298,87.1451824106706,2079.2618469716913,Non-critical,Non-critical
Bearing1_1,1037,2803,1765,1105.7330044581734,508.1930266737298,109.67467217766296,2101.7913367386836,Non-critical,Non-critical
Bearing1_1,1038,2803,1764,1080.9718867068377,508.1930266737298,84.91355442632732,2077.0302189873482,Non-critical,Non-critical
Bearing1_1,1039,2803,1763,1071.503071614094,508.1930266737298,75.4447393335837,2067.5614038946046,Non-critical,Non-critical
Bearing1_1,1040,2803,1762,1083.2511438880888,508.1930266737298,87.19281160757839,2079.3094761685993,Non-critical,Non-critical
Bearing1_1,1041,2803,1761,1111.7032708198044,508.1930266737298,115.644938539294,2107.761603100315,Non-critical,Non-critical
Bearing1_1,1042,2803,1760,1098.2895901991164,508.1930266737298,102.23125791860605,2094.347922479627,Non-critical,Non-critical
Bearing1_1,1043,2803,1759,1075.3906059094322,508.1930266737298,79.33227362892183,2071.4489381899425,Non-critical,Non-critical
Bearing1_1,1044,2803,1758,1091.5281449480553,508.1930266737298,95.46981266754494,2087.586477228566,Non-critical,Non-critical
Bearing1_1,1045,2803,1757,1094.0526181185332,508.1930266737298,97.99428583802285,2090.1109503990438,Non-critical,Non-critical
Bearing1_1,1046,2803,1756,1118.9511704699544,508.1930266737298,122.89283818944398,2115.009502750465,Non-critical,Non-critical
Bearing1_1,1047,2803,1755,1046.7701675264557,508.1930266737298,50.71183524594528,2042.8284998069662,Non-critical,Non-critical
Bearing1_1,1048,2803,1754,1071.5408396628766,508.1930266737298,75.48250738236618,2067.599171943387,Non-critical,Non-critical
Bearing1_1,1049,2803,1753,1123.5105308705547,508.1930266737298,127.4521985900443,2119.568863151065,Non-critical,Non-critical
Bearing1_1,1050,2803,1752,1099.7372047708673,508.1930266737298,103.67887249035687,2095.795537051378,Non-critical,Non-critical
Bearing1_1,1051,2803,1751,1096.118049993812,508.1930266737298,100.05971771330167,2092.1763822743223,Non-critical,Non-critical
Bearing1_1,1052,2803,1750,1082.1219863890135,508.1930266737298,86.0636541085031,2078.180318669524,Non-critical,Non-critical
Bearing1_1,1053,2803,1749,1086.8171110142334,508.1930266737298,90.75877873372303,2082.875443294744,Non-critical,Non-critical
Bearing1_1,1054,2803,1748,1096.5890392890933,508.1930266737298,100.53070700858291,2092.647371569604,Non-critical,Non-critical
Bearing1_1,1055,2803,1747,1067.3099267335253,508.1930266737298,71.25159445301495,2063.3682590140356,Non-critical,Non-critical
Bearing1_1,1056,2803,1746,1100.1307167869859,508.1930266737298,104.07238450647549,2096.1890490674964,Non-critical,Non-critical
Bearing1_1,1057,2803,1745,1106.1546111134728,508.1930266737298,110.09627883296241,2102.212943393983,Non-critical,Non-critical
Bearing1_1,1058,2803,1744,1097.4075811072582,508.1930266737298,101.34924882674784,2093.4659133877685,Non-critical,Non-critical
Bearing1_1,1059,2803,1743,1091.4934475558734,508.1930266737298,95.43511527536305,2087.551779836384,Non-critical,Non-critical
Bearing1_1,1060,2803,1742,1132.372320562794,508.1930266737298,136.3139882822835,2128.4306528433044,Non-critical,Non-critical
Bearing1_1,1061,2803,1741,1063.224127480832,508.1930266737298,67.16579520032167,2059.2824597613426,Non-critical,Non-critical
Bearing1_1,1062,2803,1740,1101.9746818481972,508.1930266737298,105.91634956768678,2098.0330141287077,Non-critical,Non-critical
Bearing1_1,1063,2803,1739,1061.3679307067273,508.1930266737298,65.3095984262169,2057.426262987238,Non-critical,Non-critical
Bearing1_1,1064,2803,1738,1117.7647576353675,508.1930266737298,121.70642535485706,2113.823089915878,Non-critical,Non-critical
Bearing1_1,1065,2803,1737,1084.5533915721007,508.1930266737298,88.49505929159034,2080.6117238526112,Non-critical,Non-critical
Bearing1_1,1066,2803,1736,1059.2406216328186,508.1930266737298,63.1822893523082,2055.298953913329,Non-critical,Non-critical
Bearing1_1,1067,2803,1735,1088.7831709377124,508.1930266737298,92.72483865720199,2084.841503218223,Non-critical,Non-critical
Bearing1_1,1068,2803,1734,1058.5553770438446,508.1930266737298,62.4970447633342,2054.613709324355,Non-critical,Non-critical
Bearing1_1,1069,2803,1733,1075.5903643636234,508.1930266737298,79.532032083113,2071.648696644134,Non-critical,Non-critical
Bearing1_1,1070,2803,1732,1078.8792689716388,508.1930266737298,82.8209366911284,2074.9376012521493,Non-critical,Non-critical
Bearing1_1,1071,2803,1731,1062.9431894014867,508.1930266737298,66.88485712097633,2059.001521681997,Non-critical,Non-critical
Bearing1_1,1072,2803,1730,1079.3332049145583,508.1930266737298,83.27487263404794,2075.391537195069,Non-critical,Non-critical
Bearing1_1,1073,2803,1729,1076.3109670791632,508.1930266737298,80.25263479865282,2072.3692993596737,Non-critical,Non-critical
Bearing1_1,1074,2803,1728,1079.5458888293506,508.1930266737298,83.48755654884019,2075.604221109861,Non-critical,Non-critical
Bearing1_1,1075,2803,1727,1056.2786180450362,508.1930266737298,60.220285764525784,2052.3369503255467,Non-critical,Non-critical
Bearing1_1,1076,2803,1726,1109.1628669659299,508.1930266737298,113.10453468541948,2105.2211992464404,Non-critical,Non-critical
Bearing1_1,1077,2803,1725,1080.6437986497847,508.1930266737298,84.58546636927429,2076.702130930295,Non-critical,Non-critical
Bearing1_1,1078,2803,1724,1072.050134785767,508.1930266737298,75.99180250525671,2068.1084670662776,Non-critical,Non-critical
Bearing1_1,1079,2803,1723,1061.8111940272684,508.1930266737298,65.75286174675796,2057.869526307779,Non-critical,Non-critical
Bearing1_1,1080,2803,1722,1085.8687116900255,508.1930266737298,89.81037940951512,2081.927043970536,Non-critical,Non-critical
Bearing1_1,1081,2803,1721,1095.5361597218484,508.1930266737298,99.47782744133804,2091.594492002359,Non-critical,Non-critical
Bearing1_1,1082,2803,1720,1042.2343134295543,508.1930266737298,46.17598114904388,2038.2926457100648,Non-critical,Non-critical
Bearing1_1,1083,2803,1719,1088.3819713552216,508.1930266737298,92.3236390747112,2084.440303635732,Non-critical,Non-critical
Bearing1_1,1084,2803,1718,1072.2184741084175,508.1930266737298,76.16014182790707,2068.276806388928,Non-critical,Non-critical
Bearing1_1,1085,2803,1717,1065.4267405996547,508.1930266737298,69.36840831914435,2061.4850728801653,Non-critical,Non-critical
Bearing1_1,1086,2803,1716,1056.142711977588,508.1930266737298,60.08437969707768,2052.2010442580986,Non-critical,Non-critical
Bearing1_1,1087,2803,1715,1055.1391729750899,508.1930266737298,59.08084069457948,2051.1975052556004,Non-critical,Non-critical
Bearing1_1,1088,2803,1714,1009.9090450977045,508.1930266737298,13.850712817194108,2005.967377378215,Non-critical,Non-critical
Bearing1_1,1089,2803,1713,1067.6221481050138,508.1930266737298,71.56381582450342,2063.6804803855243,Non-critical,Non-critical
Bearing1_1,1090,2803,1712,1027.4988615805914,508.1930266737298,31.44052930008104,2023.557193861102,Non-critical,Non-critical
Bearing1_1,1091,2803,1711,1084.7039625705993,508.1930266737298,88.64563029008889,2080.76229485111,Non-critical,Non-critical
Bearing1_1,1092,2803,1710,1062.4345193958009,508.1930266737298,66.37618711529046,2058.492851676311,Non-critical,Non-critical
Bearing1_1,1093,2803,1709,954.0866564409567,508.1930266737298,0.0,1950.1449887214671,Non-critical,Non-critical
Bearing1_1,1094,2803,1708,1080.6522605116616,508.1930266737298,84.59392823115115,2076.710592792172,Non-critical,Non-critical
Bearing1_1,1095,2803,1707,1039.030581322707,508.1930266737298,42.972249042196495,2035.0889136032174,Non-critical,Non-critical
Bearing1_1,1096,2803,1706,1053.4756327837592,508.1930266737298,57.41730050324884,2049.5339650642695,Non-critical,Non-critical
Bearing1_1,1097,2803,1705,1052.8060726806634,508.1930266737298,56.74774040015302,2048.864404961174,Non-critical,Non-critical
Bearing1_1,1098,2803,1704,1034.898763529864,508.1930266737298,38.84043124935363,2030.9570958103745,Non-critical,Non-critical
Bearing1_1,1099,2803,1703,1082.4113215795705,508.1930266737298,86.35298929906014,2078.469653860081,Non-critical,Non-critical
Bearing1_1,1100,2803,1702,1082.6785452264853,508.1930266737298,86.62021294597491,2078.736877506996,Non-critical,Non-critical
Bearing1_1,1101,2803,1701,1060.4193655797053,508.1930266737298,64.3610332991949,2056.477697860216,Non-critical,Non-critical
Bearing1_1,1102,2803,1700,1057.27381157453,508.1930266737298,61.2154792940197,2053.3321438550406,Non-critical,Non-critical
Bearing1_1,1103,2803,1699,1035.3553535002811,508.1930266737298,39.29702121977073,2031.4136857807916,Non-critical,Non-critical
Bearing1_1,1104,2803,1698,1021.2786365215878,508.1930266737298,25.22030424107743,2017.3369688020982,Non-critical,Non-critical
Bearing1_1,1105,2803,1697,1027.6173992142776,508.1930266737298,31.559066933767213,2023.6757314947881,Non-critical,Non-critical
Bearing1_1,1106,2803,1696,1049.176600200692,508.1930266737298,53.118267920181665,2045.2349324812026,Non-critical,Non-critical
Bearing1_1,1107,2803,1695,1077.456832746847,508.1930266737298,81.39850046633671,2073.5151650273574,Non-critical,Non-critical
Bearing1_1,1108,2803,1694,1047.2431937230597,508.1930266737298,51.18486144254928,2043.30152600357,Non-critical,Non-critical
Bearing1_1,1109,2803,1693,1058.1420741523293,508.1930266737298,62.083741871818916,2054.20040643284,Non-critical,Non-critical
Bearing1_1,1110,2803,1692,1036.792332967824,508.1930266737298,40.734000687313596,2032.8506652483343,Non-critical,Non-critical
Bearing1_1,1111,2803,1691,1031.8078975545145,508.1930266737298,35.74956527400411,2027.866229835025,Non-critical,Non-critical
Bearing1_1,1112,2803,1690,1043.316365929096,508.1930266737298,47.25803364858564,2039.3746982096063,Non-critical,Non-critical
Bearing1_1,1113,2803,1689,1023.9078651617075,508.1930266737298,27.849532881197092,2019.966197442218,Non-critical,Non-critical
Bearing1_1,1114,2803,1688,1053.6900605295782,508.1930266737298,57.631728249067805,2049.7483928100887,Non-critical,Non-critical
Bearing1_1,1115,2803,1687,1036.0840816596765,508.1930266737298,40.025749379166086,2032.142413940187,Non-critical,Non-critical
Bearing1_1,1116,2803,1686,1027.588000079325,508.1930266737298,31.529667798814558,2023.6463323598355,Non-critical,Non-critical
Bearing1_1,1117,2803,1685,1009.3353221777471,508.1930266737298,13.276989897236717,2005.3936544582575,Non-critical,Non-critical
Bearing1_1,1118,2803,1684,1045.6763832126858,508.1930266737298,49.61805093217538,2041.7347154931963,Non-critical,Non-critical
Bearing1_1,1119,2803,1683,1041.1905652880064,508.1930266737298,45.132233007495984,2037.248897568517,Non-critical,Non-critical
Bearing1_1,1120,2803,1682,1007.0991114060505,508.1930266737298,11.040779125540098,2003.1574436865608,Non-critical,Non-critical
Bearing1_1,1121,2803,1681,1050.3907904468442,508.1930266737298,54.33245816633382,2046.4491227273547,Non-critical,Non-critical
Bearing1_1,1122,2803,1680,1029.3136954121442,508.1930266737298,33.25536313163377,2025.3720276926547,Non-critical,Non-critical
Bearing1_1,1123,2803,1679,1030.1370205152807,508.1930266737298,34.07868823477031,2026.1953527957912,Non-critical,Non-critical
Bearing1_1,1124,2803,1678,1037.1443492965125,508.1930266737298,41.086017016002074,2033.2026815770228,Non-critical,Non-critical
Bearing1_1,1125,2803,1677,1024.2575242027992,508.1930266737298,28.199191922288833,2020.3158564833097,Non-critical,Non-critical
Bearing1_1,1126,2803,1676,1024.6293019942286,508.1930266737298,28.570969713718227,2020.6876342747391,Non-critical,Non-critical
Bearing1_1,1127,2803,1675,1020.1698387625962,508.1930266737298,24.111506482085815,2016.2281710431066,Non-critical,Non-critical
Bearing1_1,1128,2803,1674,1024.6597890130304,508.1930266737298,28.601456732519978,2020.7181212935407,Non-critical,Non-critical
Bearing1_1,1129,2803,1673,1002.4940499659168,508.1930266737298,6.435717685406416,1998.5523822464272,Non-critical,Non-critical
Bearing1_1,1130,2803,1672,1019.7314886466283,508.1930266737298,23.67315636611795,2015.7898209271389,Non-critical,Non-critical
Bearing1_1,1131,2803,1671,1027.1475492363588,508.1930266737298,31.08921695584843,2023.2058815168693,Non-critical,Non-critical
Bearing1_1,1132,2803,1670,1044.047336427418,508.1930266737298,47.98900414690763,2040.1056687079285,Non-critical,Non-critical
Bearing1_1,1133,2803,1669,986.3429956276641,508.1930266737298,0.0,1982.4013279081746,Non-critical,Non-critical
Bearing1_1,1134,2803,1668,1011.4990800888222,508.1930266737298,15.440747808311812,2007.5574123693327,Non-critical,Non-critical
Bearing1_1,1135,2803,1667,1022.0704144577415,508.1930266737298,26.01208217723115,2018.128746738252,Non-critical,Non-critical
Bearing1_1,1136,2803,1666,1020.1925683437271,508.1930266737298,24.13423606321669,2016.2509006242376,Non-critical,Non-critical
Bearing1_1,1137,2803,1665,1031.266256783072,508.1930266737298,35.207924502561696,2027.3245890635826,Non-critical,Non-critical
Bearing1_1,1138,2803,1664,990.5770698085047,508.1930266737298,0.0,1986.635402089015,Non-critical,Non-critical
Bearing1_1,1139,2803,1663,996.4322374892945,508.1930266737298,0.3739052087840946,1992.490569769805,Non-critical,Non-critical
Bearing1_1,1140,2803,1662,991.1297773114167,508.1930266737298,0.0,1987.188109591927,Non-critical,Non-critical
Bearing1_1,1141,2803,1661,1012.4776185677514,508.1930266737298,16.419286287240993,2008.5359508482618,Non-critical,Non-critical
Bearing1_1,1142,2803,1660,1006.9358217790758,508.1930266737298,10.87748949856541,2002.9941540595862,Non-critical,Non-critical
Bearing1_1,1143,2803,1659,1036.363371588286,508.1930266737298,40.3050393077757,2032.4217038687966,Non-critical,Non-critical
Bearing1_1,1144,2803,1658,993.2397419389207,508.1930266737298,0.0,1989.298074219431,Non-critical,Non-critical
Bearing1_1,1145,2803,1657,1010.6407487935925,508.1930266737298,14.58241651308208,2006.6990810741029,Non-critical,Non-critical
Bearing1_1,1146,2803,1656,1000.1573035334998,508.1930266737298,4.098971252989372,1996.21563581401,Non-critical,Non-critical
Bearing1_1,1147,2803,1655,1003.6371238689622,508.1930266737298,7.57879158845185,1999.6954561494726,Non-critical,Non-critical
Bearing1_1,1148,2803,1654,991.861479374447,508.1930266737298,0.0,1987.9198116549574,Non-critical,Non-critical
Bearing1_1,1149,2803,1653,1024.5013094105975,508.1930266737298,28.442977130087115,2020.559641691108,Non-critical,Non-critical
Bearing1_1,1150,2803,1652,980.5913760126978,508.1930266737298,0.0,1976.6497082932083,Non-critical,Non-critical
Bearing1_1,1151,2803,1651,959.7902683199325,508.1930266737298,0.0,1955.8486006004428,Non-critical,Non-critical
Bearing1_1,1152,2803,1650,974.3732365084132,508.1930266737298,0.0,1970.4315687889236,Non-critical,Non-critical
Bearing1_1,1153,2803,1649,996.9657825493778,508.1930266737298,0.9074502688673647,1993.0241148298883,Non-critical,Non-critical
Bearing1_1,1154,2803,1648,993.6348382687707,508.1930266737298,0.0,1989.6931705492811,Non-critical,Non-critical
Bearing1_1,1155,2803,1647,1011.8590493093769,508.1930266737298,15.80071702886653,2007.9173815898873,Non-critical,Non-critical
Bearing1_1,1156,2803,1646,981.4130832251335,508.1930266737298,0.0,1977.471415505644,Non-critical,Non-critical
Bearing1_1,1157,2803,1645,832.2152036076648,508.1930266737298,0.0,1828.273535888175,Non-critical,Non-critical
Bearing1_1,1158,2803,1644,998.6979660626746,508.1930266737298,2.6396337821641964,1994.7562983431849,Non-critical,Non-critical
Bearing1_1,1159,2803,1643,1007.3023867467726,508.1930266737298,11.244054466262241,2003.360719027283,Non-critical,Non-critical
Bearing1_1,1160,2803,1642,1000.7241823101501,508.1930266737298,4.665850029639728,1996.7825145906604,Non-critical,Non-critical
Bearing1_1,1161,2803,1641,970.3773149976547,508.1930266737298,0.0,1966.435647278165,Non-critical,Non-critical
Bearing1_1,1162,2803,1640,993.3702552357433,508.1930266737298,0.0,1989.4285875162536,Non-critical,Non-critical
Bearing1_1,1163,2803,1639,978.8076879477139,508.1930266737298,0.0,1974.8660202282244,Non-critical,Non-critical
Bearing1_1,1164,2803,1638,1008.8768197232524,508.1930266737298,12.818487442742025,2004.9351520037628,Non-critical,Non-critical
Bearing1_1,1165,2803,1637,1007.8248688449,508.1930266737298,11.76653656438964,2003.8832011254103,Non-critical,Non-critical
Bearing1_1,1166,2803,1636,986.3709293251396,508.1930266737298,0.0,1982.42926160565,Non-critical,Non-critical
Bearing1_1,1167,2803,1635,970.250606970169,508.1930266737298,0.0,1966.3089392506795,Non-critical,Non-critical
Bearing1_1,1168,2803,1634,981.1178839914118,508.1930266737298,0.0,1977.1762162719222,Non-critical,Non-critical
Bearing1_1,1169,2803,1633,990.672765044013,508.1930266737298,0.0,1986.7310973245235,Non-critical,Non-critical
Bearing1_1,1170,2803,1632,974.6735323875279,508.1930266737298,0.0,1970.7318646680383,Non-critical,Non-critical
Bearing1_1,1171,2803,1631,978.5364997450871,508.1930266737298,0.0,1974.5948320255975,Non-critical,Non-critical
Bearing1_1,1172,2803,1630,959.455435196117,508.1930266737298,0.0,1955.5137674766274,Non-critical,Non-critical
Bearing1_1,1173,2803,1629,957.7398946323253,508.1930266737298,0.0,1953.7982269128356,Non-critical,Non-critical
Bearing1_1,1174,2803,1628,959.1822601822649,508.1930266737298,0.0,1955.2405924627753,Non-critical,Non-critical
Bearing1_1,1175,2803,1627,946.6883119513849,508.1930266737298,0.0,1942.7466442318953,Non-critical,Non-critical
Bearing1_1,1176,2803,1626,982.9343447382433,508.1930266737298,0.0,1978.9926770187537,Non-critical,Non-critical
Bearing1_1,1177,2803,1625,975.7086473741824,508.1930266737298,0.0,1971.766979654693,Non-critical,Non-critical
Bearing1_1,1178,2803,1624,968.1731903431198,508.1930266737298,0.0,1964.23152262363,Non-critical,Non-critical
Bearing1_1,1179,2803,1623,1001.1717921016165,508.1930266737298,5.113459821106062,1997.2301243821269,Non-critical,Non-critical
Bearing1_1,1180,2803,1622,967.038453019292,508.1930266737298,0.0,1963.0967852998024,Non-critical,Non-critical
Bearing1_1,1181,2803,1621,988.7348460414615,508.1930266737298,0.0,1984.793178321972,Non-critical,Non-critical
Bearing1_1,1182,2803,1620,943.4858743724749,508.1930266737298,0.0,1939.5442066529854,Non-critical,Non-critical
Bearing1_1,1183,2803,1619,991.3078239416519,508.1930266737298,0.0,1987.3661562221623,Non-critical,Non-critical
Bearing1_1,1184,2803,1618,957.1902891221573,508.1930266737298,0.0,1953.2486214026676,Non-critical,Non-critical
Bearing1_1,1185,2803,1617,941.1636041805156,508.1930266737298,0.0,1937.221936461026,Non-critical,Non-critical
Bearing1_1,1186,2803,1616,956.6242047049307,508.1930266737298,0.0,1952.682536985441,Non-critical,Non-critical
Bearing1_1,1187,2803,1615,956.3745584448848,508.1930266737298,0.0,1952.4328907253953,Non-critical,Non-critical
Bearing1_1,1188,2803,1614,982.2059887042351,508.1930266737298,0.0,1978.2643209847456,Non-critical,Non-critical
Bearing1_1,1189,2803,1613,966.152876862052,508.1930266737298,0.0,1962.2112091425624,Non-critical,Non-critical
Bearing1_1,1190,2803,1612,950.5416234601978,508.1930266737298,0.0,1946.599955740708,Non-critical,Non-critical
Bearing1_1,1191,2803,1611,972.305923890582,508.1930266737298,0.0,1968.3642561710924,Non-critical,Non-critical
Bearing1_1,1192,2803,1610,948.5291648901544,508.1930266737298,0.0,1944.5874971706648,Non-critical,Non-critical
Bearing1_1,1193,2803,1609,941.589734150314,508.1930266737298,0.0,1937.6480664308244,Non-critical,Non-critical
Bearing1_1,1194,2803,1608,961.6759688164211,508.1930266737298,0.0,1957.7343010969316,Non-critical,Non-critical
Bearing1_1,1195,2803,1607,951.8020862148653,508.1930266737298,0.0,1947.8604184953756,Non-critical,Non-critical
Bearing1_1,1196,2803,1606,946.1572801870356,508.1930266737298,0.0,1942.215612467546,Non-critical,Non-critical
Bearing1_1,1197,2803,1605,950.8150714418606,508.1930266737298,0.0,1946.873403722371,Non-critical,Non-critical
Bearing1_1,1198,2803,1604,943.3792679767872,508.1930266737298,0.0,1939.4376002572976,Non-critical,Non-critical
Bearing1_1,1199,2803,1603,952.8774909688451,508.1930266737298,0.0,1948.9358232493555,Non-critical,Non-critical
Bearing1_1,1200,2803,1602,942.8852842390946,508.1930266737298,0.0,1938.943616519605,Non-critical,Non-critical
Bearing1_1,1201,2803,1601,960.758800979728,508.1930266737298,0.0,1956.8171332602383,Non-critical,Non-critical
Bearing1_1,1202,2803,1600,974.0926915326413,508.1930266737298,0.0,1970.1510238131518,Non-critical,Non-critical
Bearing1_1,1203,2803,1599,944.2376056472287,508.1930266737298,0.0,1940.295937927739,Non-critical,Non-critical
Bearing1_1,1204,2803,1598,943.105213804965,508.1930266737298,0.0,1939.1635460854754,Non-critical,Non-critical
Bearing1_1,1205,2803,1597,956.5006674571229,508.1930266737298,0.0,1952.5589997376333,Non-critical,Non-critical
Bearing1_1,1206,2803,1596,943.1418948529806,508.1930266737298,0.0,1939.200227133491,Non-critical,Non-critical
Bearing1_1,1207,2803,1595,955.9208106470325,508.1930266737298,0.0,1951.9791429275429,Non-critical,Non-critical
Bearing1_1,1208,2803,1594,919.4206013458856,508.1930266737298,0.0,1915.4789336263962,Non-critical,Non-critical
Bearing1_1,1209,2803,1593,928.2488854356294,508.1930266737298,0.0,1924.3072177161398,Non-critical,Non-critical
Bearing1_1,1210,2803,1592,931.7207813340549,508.1930266737298,0.0,1927.7791136145652,Non-critical,Non-critical
Bearing1_1,1211,2803,1591,942.4983204767985,508.1930266737298,0.0,1938.556652757309,Non-critical,Non-critical
Bearing1_1,1212,2803,1590,944.6635308185655,508.1930266737298,0.0,1940.721863099076,Non-critical,Non-critical
Bearing1_1,1213,2803,1589,930.2436681583957,508.1930266737298,0.0,1926.3020004389061,Non-critical,Non-critical
Bearing1_1,1214,2803,1588,927.3582272041646,508.1930266737298,0.0,1923.416559484675,Non-critical,Non-critical
Bearing1_1,1215,2803,1587,958.352285131904,508.1930266737298,0.0,1954.4106174124145,Non-critical,Non-critical
Bearing1_1,1216,2803,1586,945.1651847372408,508.1930266737298,0.0,1941.2235170177512,Non-critical,Non-critical
Bearing1_1,1217,2803,1585,923.8966992821155,508.1930266737298,0.0,1919.955031562626,Non-critical,Non-critical
Bearing1_1,1218,2803,1584,919.790820009919,508.1930266737298,0.0,1915.8491522904294,Non-critical,Non-critical
Bearing1_1,1219,2803,1583,928.1610961328249,508.1930266737298,0.0,1924.2194284133352,Non-critical,Non-critical
Bearing1_1,1220,2803,1582,918.4954658960401,508.1930266737298,0.0,1914.5537981765506,Non-critical,Non-critical
Bearing1_1,1221,2803,1581,936.8795535165283,508.1930266737298,0.0,1932.9378857970387,Non-critical,Non-critical
Bearing1_1,1222,2803,1580,930.7274380101605,508.1930266737298,0.0,1926.7857702906708,Non-critical,Non-critical
Bearing1_1,1223,2803,1579,941.2506269823007,508.1930266737298,0.0,1937.3089592628112,Non-critical,Non-critical
Bearing1_1,1224,2803,1578,941.6272193405723,508.1930266737298,0.0,1937.6855516210826,Non-critical,Non-critical
Bearing1_1,1225,2803,1577,927.080671737295,508.1930266737298,0.0,1923.1390040178053,Non-critical,Non-critical
Bearing1_1,1226,2803,1576,934.0964469189762,508.1930266737298,0.0,1930.1547791994867,Non-critical,Non-critical
Bearing1_1,1227,2803,1575,894.9552225755937,508.1930266737298,0.0,1891.013554856104,Non-critical,Non-critical
Bearing1_1,1228,2803,1574,923.5769867134637,508.1930266737298,0.0,1919.6353189939741,Non-critical,Non-critical
Bearing1_1,1229,2803,1573,913.265093926274,508.1930266737298,0.0,1909.3234262067845,Non-critical,Non-critical
Bearing1_1,1230,2803,1572,912.3651135206525,508.1930266737298,0.0,1908.4234458011629,Non-critical,Non-critical
Bearing1_1,1231,2803,1571,924.5881145269877,508.1930266737298,0.0,1920.6464468074983,Non-critical,Non-critical
Bearing1_1,1232,2803,1570,918.4898700736188,508.1930266737298,0.0,1914.5482023541292,Non-critical,Non-critical
Bearing1_1,1233,2803,1569,893.7821642223035,508.1930266737298,0.0,1889.840496502814,Non-critical,Non-critical
Bearing1_1,1234,2803,1568,925.9660719677229,508.1930266737298,0.0,1922.0244042482332,Non-critical,Non-critical
Bearing1_1,1235,2803,1567,931.309552577002,508.1930266737298,0.0,1927.3678848575123,Non-critical,Non-critical
Bearing1_1,1236,2803,1566,902.1100844110041,508.1930266737298,0.0,1898.1684166915145,Non-critical,Non-critical
Bearing1_1,1237,2803,1565,895.5484573189334,508.1930266737298,0.0,1891.6067895994438,Non-critical,Non-critical
Bearing1_1,1238,2803,1564,913.5714586829841,508.1930266737298,0.0,1909.6297909634945,Non-critical,Non-critical
Bearing1_1,1239,2803,1563,916.4022012785889,508.1930266737298,0.0,1912.4605335590993,Non-critical,Non-critical
Bearing1_1,1240,2803,1562,901.7869985901431,508.1930266737298,0.0,1897.8453308706535,Non-critical,Non-critical
Bearing1_1,1241,2803,1561,897.458222959411,508.1930266737298,0.0,1893.5165552399214,Non-critical,Non-critical
Bearing1_1,1242,2803,1560,458.3389347173549,508.1930266737298,0.0,1454.3972669978652,Non-critical,Wear detectable
Bearing1_1,1243,2803,1559,898.7534385191565,508.1930266737298,0.0,1894.8117707996669,Non-critical,Non-critical
Bearing1_1,1244,2803,1558,887.5194435647719,508.1930266737298,0.0,1883.5777758452823,Non-critical,Non-critical
Bearing1_1,1245,2803,1557,892.4368315869532,508.1930266737298,0.0,1888.4951638674636,Non-critical,Non-critical
Bearing1_1,1246,2803,1556,894.52487990427,508.1930266737298,0.0,1890.5832121847805,Non-critical,Non-critical
Bearing1_1,1247,2803,1555,907.2927633904159,508.1930266737298,0.0,1903.3510956709263,Non-critical,Non-critical
Bearing1_1,1248,2803,1554,898.3473655962028,508.1930266737298,0.0,1894.4056978767132,Non-critical,Non-critical
Bearing1_1,1249,2803,1553,910.4236235817965,508.1930266737298,0.0,1906.481955862307,Non-critical,Non-critical
Bearing1_1,1250,2803,1552,886.8000510154612,508.1930266737298,0.0,1882.8583832959716,Non-critical,Non-critical
Bearing1_1,1251,2803,1551,825.8990604613558,508.1930266737298,0.0,1821.9573927418662,Non-critical,Non-critical
Bearing1_1,1252,2803,1550,876.4304559486784,508.1930266737298,0.0,1872.4887882291887,Non-critical,Non-critical
Bearing1_1,1253,2803,1549,919.1576888404777,508.1930266737298,0.0,1915.216021120988,Non-critical,Non-critical
Bearing1_1,1254,2803,1548,901.3924600806823,508.1930266737298,0.0,1897.4507923611927,Non-critical,Non-critical
Bearing1_1,1255,2803,1547,890.3650048962155,508.1930266737298,0.0,1886.423337176726,Non-critical,Non-critical
Bearing1_1,1256,2803,1546,880.5632658215786,508.1930266737298,0.0,1876.6215981020891,Non-critical,Non-critical
Bearing1_1,1257,2803,1545,912.4502266000889,508.1930266737298,0.0,1908.5085588805991,Non-critical,Non-critical
Bearing1_1,1258,2803,1544,895.4598050688425,508.1930266737298,0.0,1891.5181373493529,Non-critical,Non-critical
Bearing1_1,1259,2803,1543,884.5230653880213,508.1930266737298,0.0,1880.5813976685317,Non-critical,Non-critical
Bearing1_1,1260,2803,1542,864.2119682499083,508.1930266737298,0.0,1860.2703005304188,Non-critical,Non-critical
Bearing1_1,1261,2803,1541,873.2484796851895,508.1930266737298,0.0,1869.3068119657,Non-critical,Non-critical
Bearing1_1,1262,2803,1540,865.1788537427685,508.1930266737298,0.0,1861.2371860232788,Non-critical,Non-critical
Bearing1_1,1263,2803,1539,909.6613702842551,508.1930266737298,0.0,1905.7197025647656,Non-critical,Non-critical
Bearing1_1,1264,2803,1538,885.2756765260203,508.1930266737298,0.0,1881.3340088065306,Non-critical,Non-critical
Bearing1_1,1265,2803,1537,884.4916711494942,508.1930266737298,0.0,1880.5500034300046,Non-critical,Non-critical
Bearing1_1,1266,2803,1536,872.9046236428082,508.1930266737298,0.0,1868.9629559233185,Non-critical,Non-critical
Bearing1_1,1267,2803,1535,865.3262031452608,508.1930266737298,0.0,1861.3845354257712,Non-critical,Non-critical
Bearing1_1,1268,2803,1534,886.5005661679073,508.1930266737298,0.0,1882.5588984484177,Non-critical,Non-critical
Bearing1_1,1269,2803,1533,883.5023000386444,508.1930266737298,0.0,1879.5606323191548,Non-critical,Non-critical
Bearing1_1,1270,2803,1532,842.0213494276102,508.1930266737298,0.0,1838.0796817081205,Non-critical,Non-critical
Bearing1_1,1271,2803,1531,861.134141888185,508.1930266737298,0.0,1857.1924741686953,Non-critical,Non-critical
Bearing1_1,1272,2803,1530,867.3178309001792,508.1930266737298,0.0,1863.3761631806897,Non-critical,Non-critical
Bearing1_1,1273,2803,1529,876.5722332861745,508.1930266737298,0.0,1872.630565566685,Non-critical,Non-critical
Bearing1_1,1274,2803,1528,798.0234256906693,508.1930266737298,0.0,1794.0817579711797,Non-critical,Non-critical
Bearing1_1,1275,2803,1527,860.6743203002172,508.1930266737298,0.0,1856.7326525807275,Non-critical,Non-critical
Bearing1_1,1276,2803,1526,891.4073226428005,508.1930266737298,0.0,1887.465654923311,Non-critical,Non-critical
Bearing1_1,1277,2803,1525,886.6125173737037,508.1930266737298,0.0,1882.6708496542142,Non-critical,Non-critical
Bearing1_1,1278,2803,1524,862.6884576743838,508.1930266737298,0.0,1858.7467899548942,Non-critical,Non-critical
Bearing1_1,1279,2803,1523,854.0555044603379,508.1930266737298,0.0,1850.1138367408485,Non-critical,Non-critical
Bearing1_1,1280,2803,1522,859.1492480029216,508.1930266737298,0.0,1855.207580283432,Non-critical,Non-critical
Bearing1_1,1281,2803,1521,876.9498359072883,508.1930266737298,0.0,1873.0081681877987,Non-critical,Non-critical
Bearing1_1,1282,2803,1520,881.6129368012214,508.1930266737298,0.0,1877.6712690817317,Non-critical,Non-critical
Bearing1_1,1283,2803,1519,862.3296901615761,508.1930266737298,0.0,1858.3880224420864,Non-critical,Non-critical
Bearing1_1,1284,2803,1518,886.534143628758,508.1930266737298,0.0,1882.5924759092684,Non-critical,Non-critical
Bearing1_1,1285,2803,1517,860.0777713043656,508.1930266737298,0.0,1856.1361035848759,Non-critical,Non-critical
Bearing1_1,1286,2803,1516,866.2160445876773,508.1930266737298,0.0,1862.2743768681876,Non-critical,Non-critical
Bearing1_1,1287,2803,1515,870.7825036579062,508.1930266737298,0.0,1866.8408359384166,Non-critical,Non-critical
Bearing1_1,1288,2803,1514,855.0445705989082,508.1930266737298,0.0,1851.1029028794187,Non-critical,Non-critical
Bearing1_1,1289,2803,1513,826.0966045174733,508.1930266737298,0.0,1822.1549367979837,Non-critical,Non-critical
Bearing1_1,1290,2803,1512,861.4379398099225,508.1930266737298,0.0,1857.4962720904327,Non-critical,Non-critical
Bearing1_1,1291,2803,1511,841.6876167167378,508.1930266737298,0.0,1837.7459489972482,Non-critical,Non-critical
Bearing1_1,1292,2803,1510,849.7074560463246,508.1930266737298,0.0,1845.765788326835,Non-critical,Non-critical
Bearing1_1,1293,2803,1509,850.0256995119187,508.1930266737298,0.0,1846.084031792429,Non-critical,Non-critical
Bearing1_1,1294,2803,1508,847.2761581476058,508.1930266737298,0.0,1843.3344904281162,Non-critical,Non-critical
Bearing1_1,1295,2803,1507,842.467772730519,508.1930266737298,0.0,1838.5261050110294,Non-critical,Non-critical
Bearing1_1,1296,2803,1506,835.6154941414152,508.1930266737298,0.0,1831.6738264219257,Non-critical,Non-critical
Bearing1_1,1297,2803,1505,825.322301108831,508.1930266737298,0.0,1821.3806333893413,Non-critical,Non-critical
Bearing1_1,1298,2803,1504,820.1023893332742,508.1930266737298,0.0,1816.1607216137845,Non-critical,Non-critical
Bearing1_1,1299,2803,1503,192.56524110591533,508.1930266737298,0.0,1188.6235733864257,Non-critical,Wear detectable
Bearing1_1,1300,2803,1502,842.5985472528603,508.1930266737298,0.0,1838.6568795333706,Non-critical,Non-critical
Bearing1_1,1301,2803,1501,836.8302174866833,508.1930266737298,0.0,1832.8885497671936,Non-critical,Non-critical
Bearing1_1,1302,2803,1500,844.2606196894827,508.1930266737298,0.0,1840.3189519699931,Non-critical,Non-critical
Bearing1_1,1303,2803,1499,826.1002252700465,508.1930266737298,0.0,1822.158557550557,Non-critical,Non-critical
Bearing1_1,1304,2803,1498,843.1090090846378,508.1930266737298,0.0,1839.1673413651483,Non-critical,Non-critical
Bearing1_1,1305,2803,1497,838.6695691719973,508.1930266737298,0.0,1834.7279014525077,Non-critical,Non-critical
Bearing1_1,1306,2803,1496,823.7066974343187,508.1930266737298,0.0,1819.765029714829,Non-critical,Non-critical
Bearing1_1,1307,2803,1495,842.7970721354735,508.1930266737298,0.0,1838.855404415984,Non-critical,Non-critical
Bearing1_1,1308,2803,1494,731.8137751921886,508.1930266737298,0.0,1727.872107472699,Non-critical,Non-critical
Bearing1_1,1309,2803,1493,825.5673529318511,508.1930266737298,0.0,1821.6256852123615,Non-critical,Non-critical
Bearing1_1,1310,2803,1492,854.4479226662309,508.1930266737298,0.0,1850.5062549467411,Non-critical,Non-critical
Bearing1_1,1311,2803,1491,833.4265128549674,508.1930266737298,0.0,1829.4848451354778,Non-critical,Non-critical
Bearing1_1,1312,2803,1490,828.1120383239247,508.1930266737298,0.0,1824.170370604435,Non-critical,Non-critical
Bearing1_1,1313,2803,1489,777.1940725933566,508.1930266737298,0.0,1773.252404873867,Non-critical,Non-critical
Bearing1_1,1314,2803,1488,816.3647423783086,508.1930266737298,0.0,1812.4230746588191,Non-critical,Non-critical
Bearing1_1,1315,2803,1487,819.9943154882831,508.1930266737298,0.0,1816.0526477687936,Non-critical,Non-critical
Bearing1_1,1316,2803,1486,800.2483545935199,508.1930266737298,0.0,1796.3066868740302,Non-critical,Non-critical
Bearing1_1,1317,2803,1485,192.56524110591533,508.1930266737298,0.0,1188.6235733864257,Non-critical,Wear detectable
Bearing1_1,1318,2803,1484,192.56524110591533,508.1930266737298,0.0,1188.6235733864257,Non-critical,Wear detectable
Bearing1_1,1319,2803,1483,192.56524110591533,508.1930266737298,0.0,1188.6235733864257,Non-critical,Wear detectable
Bearing1_1,1320,2803,1482,192.56524110591533,508.1930266737298,0.0,1188.6235733864257,Non-critical,Wear detectable
Bearing1_1,1321,2803,1481,826.8941762248169,508.1930266737298,0.0,1822.9525085053274,Non-critical,Non-critical
Bearing1_1,1322,2803,1480,192.56524111547995,508.1930266737298,0.0,1188.6235733959904,Non-critical,Wear detectable
Bearing1_1,1323,2803,1479,792.3054843715217,508.1930266737298,0.0,1788.3638166520323,Non-critical,Non-critical
Bearing1_1,1324,2803,1478,188.91855387486947,508.1930266737298,0.0,1184.9768861553798,Non-critical,Wear detectable
Bearing1_1,1325,2803,1477,192.56524110591533,508.1930266737298,0.0,1188.6235733864257,Non-critical,Wear detectable
Bearing1_1,1326,2803,1476,192.56524110591533,508.1930266737298,0.0,1188.6235733864257,Non-critical,Wear detectable
Bearing1_1,1327,2803,1475,806.1908289674572,508.1930266737298,0.0,1802.2491612479675,Non-critical,Non-critical
Bearing1_1,1328,2803,1474,824.7138560249793,508.1930266737298,0.0,1820.7721883054896,Non-critical,Non-critical
Bearing1_1,1329,2803,1473,823.6358243969671,508.1930266737298,0.0,1819.6941566774776,Non-critical,Non-critical
Bearing1_1,1330,2803,1472,814.9303169651496,508.1930266737298,0.0,1810.9886492456599,Non-critical,Non-critical
Bearing1_1,1331,2803,1471,192.56524110591533,508.1930266737298,0.0,1188.6235733864257,Non-critical,Wear detectable
Bearing1_1,1332,2803,1470,807.3519940329176,508.1930266737298,0.0,1803.410326313428,Non-critical,Non-critical
Bearing1_1,1333,2803,1469,797.2185766227938,508.1930266737298,0.0,1793.276908903304,Non-critical,Non-critical
Bearing1_1,1334,2803,1468,782.4000336942147,508.1930266737298,0.0,1778.458365974725,Non-critical,Non-critical
Bearing1_1,1335,2803,1467,795.4202015456153,508.1930266737298,0.0,1791.4785338261258,Non-critical,Non-critical
Bearing1_1,1336,2803,1466,824.9205881113438,508.1930266737298,0.0,1820.9789203918542,Non-critical,Non-critical
Bearing1_1,1337,2803,1465,798.9440505032634,508.1930266737298,0.0,1795.0023827837738,Non-critical,Non-critical
Bearing1_1,1338,2803,1464,801.754225241076,508.1930266737298,0.0,1797.8125575215863,Non-critical,Non-critical
Bearing1_1,1339,2803,1463,776.2590666738844,508.1930266737298,0.0,1772.3173989543948,Non-critical,Non-critical
Bearing1_1,1340,2803,1462,792.3970149742963,508.1930266737298,0.0,1788.4553472548068,Non-critical,Non-critical
Bearing1_1,1341,2803,1461,776.0767352159861,508.1930266737298,0.0,1772.1350674964965,Non-critical,Non-critical
Bearing1_1,1342,2803,1460,793.3167293525348,508.1930266737298,0.0,1789.3750616330453,Non-critical,Non-critical
Bearing1_1,1343,2803,1459,786.0841611504319,508.1930266737298,0.0,1782.1424934309423,Non-critical,Non-critical
Bearing1_1,1344,2803,1458,813.9981910635308,508.1930266737298,0.0,1810.0565233440411,Non-critical,Non-critical
Bearing1_1,1345,2803,1457,788.8107255426079,508.1930266737298,0.0,1784.8690578231183,Non-critical,Non-critical
Bearing1_1,1346,2803,1456,781.0344751272628,508.1930266737298,0.0,1777.0928074077733,Non-critical,Non-critical
Bearing1_1,1347,2803,1455,801.795652746821,508.1930266737298,0.0,1797.8539850273314,Non-critical,Non-critical
Bearing1_1,1348,2803,1454,774.8849975000578,508.1930266737298,0.0,1770.943329780568,Non-critical,Non-critical
Bearing1_1,1349,2803,1453,781.0915929944791,508.1930266737298,0.0,1777.1499252749895,Non-critical,Non-critical
Bearing1_1,1350,2803,1452,775.011523843631,508.1930266737298,0.0,1771.0698561241416,Non-critical,Non-critical
Bearing1_1,1351,2803,1451,788.0662243120935,508.1930266737298,0.0,1784.1245565926038,Non-critical,Non-critical
Bearing1_1,1352,2803,1450,772.0035372210045,508.1930266737298,0.0,1768.061869501515,Non-critical,Non-critical
Bearing1_1,1353,2803,1449,789.4611571152075,508.1930266737298,0.0,1785.5194893957178,Non-critical,Non-critical
Bearing1_1,1354,2803,1448,788.3290050596423,508.1930266737298,0.0,1784.3873373401527,Non-critical,Non-critical
Bearing1_1,1355,2803,1447,785.9960282490199,508.1930266737298,0.0,1782.0543605295302,Non-critical,Non-critical
Bearing1_1,1356,2803,1446,777.1138984496466,508.1930266737298,0.0,1773.172230730157,Non-critical,Non-critical
Bearing1_1,1357,2803,1445,786.6708538900147,508.1930266737298,0.0,1782.729186170525,Non-critical,Non-critical
Bearing1_1,1358,2803,1444,783.2759376921496,508.1930266737298,0.0,1779.33426997266,Non-critical,Non-critical
Bearing1_1,1359,2803,1443,765.0825306066115,508.1930266737298,0.0,1761.1408628871218,Non-critical,Non-critical
Bearing1_1,1360,2803,1442,761.6271863668818,508.1930266737298,0.0,1757.6855186473922,Non-critical,Non-critical
Bearing1_1,1361,2803,1441,789.5345879052287,508.1930266737298,0.0,1785.592920185739,Non-critical,Non-critical
Bearing1_1,1362,2803,1440,777.250637833587,508.1930266737298,0.0,1773.3089701140975,Non-critical,Non-critical
Bearing1_1,1363,2803,1439,769.5602469181471,508.1930266737298,0.0,1765.6185791986575,Non-critical,Non-critical
Bearing1_1,1364,2803,1438,759.5348932101402,508.1930266737298,0.0,1755.5932254906506,Non-critical,Non-critical
Bearing1_1,1365,2803,1437,749.8041281562244,508.1930266737298,0.0,1745.8624604367346,Non-critical,Non-critical
Bearing1_1,1366,2803,1436,765.2648847490683,508.1930266737298,0.0,1761.3232170295787,Non-critical,Non-critical
Bearing1_1,1367,2803,1435,773.6284398017177,508.1930266737298,0.0,1769.6867720822281,Non-critical,Non-critical
Bearing1_1,1368,2803,1434,757.9704338351819,508.1930266737298,0.0,1754.0287661156922,Non-critical,Non-critical
Bearing1_1,1369,2803,1433,762.3042183385782,508.1930266737298,0.0,1758.3625506190886,Non-critical,Non-critical
Bearing1_1,1370,2803,1432,751.644944143712,508.1930266737298,0.0,1747.7032764242224,Non-critical,Non-critical
Bearing1_1,1371,2803,1431,770.540954694247,508.1930266737298,0.0,1766.5992869747574,Non-critical,Non-critical
Bearing1_1,1372,2803,1430,753.866684106659,508.1930266737298,0.0,1749.9250163871693,Non-critical,Non-critical
Bearing1_1,1373,2803,1429,763.3620923259393,508.1930266737298,0.0,1759.4204246064496,Non-critical,Non-critical
Bearing1_1,1374,2803,1428,755.5965260242608,508.1930266737298,0.0,1751.654858304771,Non-critical,Non-critical
Bearing1_1,1375,2803,1427,765.6149302175662,508.1930266737298,0.0,1761.6732624980766,Non-critical,Non-critical
Bearing1_1,1376,2803,1426,753.7818886157528,508.1930266737298,0.0,1749.8402208962632,Non-critical,Non-critical
Bearing1_1,1377,2803,1425,727.6007328615285,508.1930266737298,0.0,1723.6590651420388,Non-critical,Non-critical
Bearing1_1,1378,2803,1424,743.690996437227,508.1930266737298,0.0,1739.7493287177374,Non-critical,Non-critical
Bearing1_1,1379,2803,1423,732.9012967944374,508.1930266737298,0.0,1728.9596290749478,Non-critical,Non-critical
Bearing1_1,1380,2803,1422,758.2918528089212,508.1930266737298,0.0,1754.3501850894318,Non-critical,Non-critical
Bearing1_1,1381,2803,1421,754.8468202076773,508.1930266737298,0.0,1750.9051524881877,Non-critical,Non-critical
Bearing1_1,1382,2803,1420,766.8256050223019,508.1930266737298,0.0,1762.8839373028122,Non-critical,Non-critical
Bearing1_1,1383,2803,1419,758.7286118791325,508.1930266737298,0.0,1754.7869441596429,Non-critical,Non-critical
Bearing1_1,1384,2803,1418,750.3644756265193,508.1930266737298,0.0,1746.4228079070297,Non-critical,Non-critical
Bearing1_1,1385,2803,1417,739.6164820769411,508.1930266737298,0.0,1735.6748143574514,Non-critical,Non-critical
Bearing1_1,1386,2803,1416,750.1245053384959,508.1930266737298,0.0,1746.1828376190062,Non-critical,Non-critical
Bearing1_1,1387,2803,1415,733.564308632766,508.1930266737298,0.0,1729.6226409132764,Non-critical,Non-critical
Bearing1_1,1388,2803,1414,748.6700462844256,508.1930266737298,0.0,1744.728378564936,Non-critical,Non-critical
Bearing1_1,1389,2803,1413,728.4084537436686,508.1930266737298,0.0,1724.4667860241789,Non-critical,Non-critical
Bearing1_1,1390,2803,1412,739.8242883835361,508.1930266737298,0.0,1735.8826206640465,Non-critical,Non-critical
Bearing1_1,1391,2803,1411,749.6846964499872,508.1930266737298,0.0,1745.7430287304976,Non-critical,Non-critical
Bearing1_1,1392,2803,1410,733.576032929318,508.1930266737298,0.0,1729.6343652098285,Non-critical,Non-critical
Bearing1_1,1393,2803,1409,735.5123731851033,508.1930266737298,0.0,1731.5707054656136,Non-critical,Non-critical
Bearing1_1,1394,2803,1408,724.6130751252198,508.1930266737298,0.0,1720.6714074057302,Non-critical,Non-critical
Bearing1_1,1395,2803,1407,717.7470014470064,508.1930266737298,0.0,1713.8053337275169,Non-critical,Non-critical
Bearing1_1,1396,2803,1406,714.972779632901,508.1930266737298,0.0,1711.0311119134115,Non-critical,Non-critical
Bearing1_1,1397,2803,1405,719.9233991884048,508.1930266737298,0.0,1715.9817314689153,Non-critical,Non-critical
Bearing1_1,1398,2803,1404,706.7302809201883,508.1930266737298,0.0,1702.7886132006988,Non-critical,Non-critical
Bearing1_1,1399,2803,1403,727.1878564099594,508.1930266737298,0.0,1723.2461886904698,Non-critical,Non-critical
Bearing1_1,1400,2803,1402,712.5352924038762,508.1930266737298,0.0,1708.5936246843867,Non-critical,Non-critical
Bearing1_1,1401,2803,1401,681.7862777333378,508.1930266737298,0.0,1677.844610013848,Non-critical,Non-critical
Bearing1_1,1402,2803,1400,709.8427284415064,508.1930266737298,0.0,1705.9010607220168,Non-critical,Non-critical
Bearing1_1,1403,2803,1399,709.284568885045,508.1930266737298,0.0,1705.3429011655553,Non-critical,Non-critical
Bearing1_1,1404,2803,1398,705.2700883009358,508.1930266737298,0.0,1701.3284205814462,Non-critical,Non-critical
Bearing1_1,1405,2803,1397,688.9850024296077,508.1930266737298,0.0,1685.043334710118,Non-critical,Non-critical
Bearing1_1,1406,2803,1396,704.5715012780165,508.1930266737298,0.0,1700.629833558527,Non-critical,Non-critical
Bearing1_1,1407,2803,1395,688.3944316946589,508.1930266737298,0.0,1684.4527639751693,Non-critical,Non-critical
Bearing1_1,1408,2803,1394,715.82328632714,508.1930266737298,0.0,1711.8816186076504,Non-critical,Non-critical
Bearing1_1,1409,2803,1393,703.6519187723237,508.1930266737298,0.0,1699.710251052834,Non-critical,Non-critical
Bearing1_1,1410,2803,1392,711.6517405393001,508.1930266737298,0.0,1707.7100728198106,Non-critical,Non-critical
Bearing1_1,1411,2803,1391,708.9942629353454,508.1930266737298,0.0,1705.052595215856,Non-critical,Non-critical
Bearing1_1,1412,2803,1390,707.8803748736594,508.1930266737298,0.0,1703.9387071541698,Non-critical,Non-critical
Bearing1_1,1413,2803,1389,697.5349110450768,508.1930266737298,0.0,1693.593243325587,Non-critical,Non-critical
Bearing1_1,1414,2803,1388,686.670266416126,508.1930266737298,0.0,1682.7285986966363,Non-critical,Non-critical
Bearing1_1,1415,2803,1387,688.2531028914347,508.1930266737298,0.0,1684.311435171945,Non-critical,Non-critical
Bearing1_1,1416,2803,1386,651.548568251344,508.1930266737298,0.0,1647.6069005318545,Non-critical,Non-critical
Bearing1_1,1417,2803,1385,680.7241827410014,508.1930266737298,0.0,1676.7825150215117,Non-critical,Non-critical
Bearing1_1,1418,2803,1384,663.5723104618114,508.1930266737298,0.0,1659.630642742322,Non-critical,Non-critical
Bearing1_1,1419,2803,1383,677.5201673132062,508.1930266737298,0.0,1673.5784995937165,Non-critical,Non-critical
Bearing1_1,1420,2803,1382,678.7198282041113,508.1930266737298,0.0,1674.7781604846218,Non-critical,Non-critical
Bearing1_1,1421,2803,1381,678.7243576856922,508.1930266737298,0.0,1674.7826899662027,Non-critical,Non-critical
Bearing1_1,1422,2803,1380,639.2196501303383,508.1930266737298,0.0,1635.2779824108488,Non-critical,Non-critical
Bearing1_1,1423,2803,1379,703.9497318596989,508.1930266737298,0.0,1700.0080641402092,Non-critical,Non-critical
Bearing1_1,1424,2803,1378,690.2337793488357,508.1930266737298,0.0,1686.292111629346,Non-critical,Non-critical
Bearing1_1,1425,2803,1377,676.9680162457742,508.1930266737298,0.0,1673.0263485262844,Non-critical,Non-critical
Bearing1_1,1426,2803,1376,671.8468022614104,508.1930266737298,0.0,1667.9051345419207,Non-critical,Non-critical
Bearing1_1,1427,2803,1375,674.7169502425343,508.1930266737298,0.0,1670.7752825230446,Non-critical,Non-critical
Bearing1_1,1428,2803,1374,644.0242822134767,508.1930266737298,0.0,1640.082614493987,Non-critical,Non-critical
Bearing1_1,1429,2803,1373,629.4262246861351,508.1930266737298,0.0,1625.4845569666454,Non-critical,Non-critical
Bearing1_1,1430,2803,1372,662.0286655641909,508.1930266737298,0.0,1658.0869978447013,Non-critical,Non-critical
Bearing1_1,1431,2803,1371,671.756464310206,508.1930266737298,0.0,1667.8147965907165,Non-critical,Non-critical
Bearing1_1,1432,2803,1370,680.1509770293345,508.1930266737298,0.0,1676.209309309845,Non-critical,Non-critical
Bearing1_1,1433,2803,1369,661.3253904977258,508.1930266737298,0.0,1657.3837227782362,Non-critical,Non-critical
Bearing1_1,1434,2803,1368,531.4573435067551,508.1930266737298,0.0,1527.5156757872655,Non-critical,Non-critical
Bearing1_1,1435,2803,1367,662.0945081359778,508.1930266737298,0.0,1658.1528404164883,Non-critical,Non-critical
Bearing1_1,1436,2803,1366,668.8183889364941,508.1930266737298,0.0,1664.8767212170046,Non-critical,Non-critical
Bearing1_1,1437,2803,1365,655.2912500438151,508.1930266737298,0.0,1651.3495823243256,Non-critical,Non-critical
Bearing1_1,1438,2803,1364,677.0482021789542,508.1930266737298,0.0,1673.1065344594645,Non-critical,Non-critical
Bearing1_1,1439,2803,1363,668.5967337489221,508.1930266737298,0.0,1664.6550660294324,Non-critical,Non-critical
Bearing1_1,1440,2803,1362,644.898785244992,508.1930266737298,0.0,1640.9571175255023,Non-critical,Non-critical
Bearing1_1,1441,2803,1361,674.4549439187394,508.1930266737298,0.0,1670.51327619925,Non-critical,Non-critical
Bearing1_1,1442,2803,1360,660.3329999665648,508.1930266737298,0.0,1656.3913322470753,Non-critical,Non-critical
Bearing1_1,1443,2803,1359,665.8311078272616,508.1930266737298,0.0,1661.8894401077719,Non-critical,Non-critical
Bearing1_1,1444,2803,1358,667.8326710267509,508.1930266737298,0.0,1663.8910033072611,Non-critical,Non-critical
Bearing1_1,1445,2803,1357,660.3424789419194,508.1930266737298,0.0,1656.4008112224296,Non-critical,Non-critical
Bearing1_1,1446,2803,1356,669.4709081259907,508.1930266737298,0.0,1665.5292404065012,Non-critical,Non-critical
Bearing1_1,1447,2803,1355,645.9337770673186,508.1930266737298,0.0,1641.992109347829,Non-critical,Non-critical
Bearing1_1,1448,2803,1354,664.6876705234333,508.1930266737298,0.0,1660.7460028039436,Non-critical,Non-critical
Bearing1_1,1449,2803,1353,650.7707948686614,508.1930266737298,0.0,1646.8291271491717,Non-critical,Non-critical
Bearing1_1,1450,2803,1352,636.8221943539746,508.1930266737298,0.0,1632.880526634485,Non-critical,Non-critical
Bearing1_1,1451,2803,1351,624.2619137099658,508.1930266737298,0.0,1620.3202459904762,Non-critical,Non-critical
Bearing1_1,1452,2803,1350,648.8742979327656,508.1930266737298,0.0,1644.9326302132758,Non-critical,Non-critical
Bearing1_1,1453,2803,1349,635.2705564123901,508.1930266737298,0.0,1631.3288886929004,Non-critical,Non-critical
Bearing1_1,1454,2803,1348,626.146633723192,508.1930266737298,0.0,1622.2049660037023,Non-critical,Non-critical
Bearing1_1,1455,2803,1347,645.3583112328038,508.1930266737298,0.0,1641.4166435133143,Non-critical,Non-critical
Bearing1_1,1456,2803,1346,642.6840360010693,508.1930266737298,0.0,1638.7423682815797,Non-critical,Non-critical
Bearing1_1,1457,2803,1345,660.5919481675189,508.1930266737298,0.0,1656.6502804480292,Non-critical,Non-critical
Bearing1_1,1458,2803,1344,655.8872743492173,508.1930266737298,0.0,1651.9456066297275,Non-critical,Non-critical
Bearing1_1,1459,2803,1343,617.7186975244679,508.1930266737298,0.0,1613.7770298049782,Non-critical,Non-critical
Bearing1_1,1460,2803,1342,642.7907440949118,508.1930266737298,0.0,1638.849076375422,Non-critical,Non-critical
Bearing1_1,1461,2803,1341,628.4478264294949,508.1930266737298,0.0,1624.5061587100054,Non-critical,Non-critical
Bearing1_1,1462,2803,1340,617.5662277731092,508.1930266737298,0.0,1613.6245600536195,Non-critical,Non-critical
Bearing1_1,1463,2803,1339,619.0975306778516,508.1930266737298,0.0,1615.155862958362,Non-critical,Non-critical
Bearing1_1,1464,2803,1338,560.0804288444424,508.1930266737298,0.0,1556.138761124953,Non-critical,Non-critical
Bearing1_1,1465,2803,1337,560.8252042743184,508.1930266737298,0.0,1556.8835365548289,Non-critical,Non-critical
Bearing1_1,1466,2803,1336,616.1655775872616,508.1930266737298,0.0,1612.223909867772,Non-critical,Non-critical
Bearing1_1,1467,2803,1335,622.5588203708899,508.1930266737298,0.0,1618.6171526514004,Non-critical,Non-critical
Bearing1_1,1468,2803,1334,634.8425945926394,508.1930266737298,0.0,1630.9009268731497,Non-critical,Non-critical
Bearing1_1,1469,2803,1333,634.249097398329,508.1930266737298,0.0,1630.3074296788395,Non-critical,Non-critical
Bearing1_1,1470,2803,1332,573.4443545657784,508.1930266737298,0.0,1569.5026868462887,Non-critical,Non-critical
Bearing1_1,1471,2803,1331,623.1445353715894,508.1930266737298,0.0,1619.2028676521,Non-critical,Non-critical
Bearing1_1,1472,2803,1330,615.3380656618032,508.1930266737298,0.0,1611.3963979423136,Non-critical,Non-critical
Bearing1_1,1473,2803,1329,642.7502621216979,508.1930266737298,0.0,1638.8085944022082,Non-critical,Non-critical
Bearing1_1,1474,2803,1328,594.7385768272184,508.1930266737298,0.0,1590.7969091077289,Non-critical,Non-critical
Bearing1_1,1475,2803,1327,587.3800852078459,508.1930266737298,0.0,1583.4384174883562,Non-critical,Non-critical
Bearing1_1,1476,2803,1326,629.0653582420516,508.1930266737298,0.0,1625.123690522562,Non-critical,Non-critical
Bearing1_1,1477,2803,1325,615.6224984402147,508.1930266737298,0.0,1611.6808307207252,Non-critical,Non-critical
Bearing1_1,1478,2803,1324,623.9828700503854,508.1930266737298,0.0,1620.0412023308959,Non-critical,Non-critical
Bearing1_1,1479,2803,1323,171.87131304317583,508.1930266737298,0.0,1167.9296453236861,Non-critical,Wear detectable
Bearing1_1,1480,2803,1322,602.9230226533195,508.1930266737298,0.0,1598.98135493383,Non-critical,Non-critical
Bearing1_1,1481,2803,1321,596.6665063735168,508.1930266737298,0.0,1592.7248386540273,Non-critical,Non-critical
Bearing1_1,1482,2803,1320,603.9098508508755,508.1930266737298,0.0,1599.968183131386,Non-critical,Non-critical
Bearing1_1,1483,2803,1319,602.0893087399588,508.1930266737298,0.0,1598.147641020469,Non-critical,Non-critical
Bearing1_1,1484,2803,1318,506.8195813128516,508.1930266737298,0.0,1502.8779135933619,Non-critical,Non-critical
Bearing1_1,1485,2803,1317,605.9925139260731,508.1930266737298,0.0,1602.0508462065836,Non-critical,Non-critical
Bearing1_1,1486,2803,1316,598.1731713716031,508.1930266737298,0.0,1594.2315036521136,Non-critical,Non-critical
Bearing1_1,1487,2803,1315,607.2974836781427,508.1930266737298,0.0,1603.3558159586532,Non-critical,Non-critical
Bearing1_1,1488,2803,1314,615.2511945925021,508.1930266737298,0.0,1611.3095268730126,Non-critical,Non-critical
Bearing1_1,1489,2803,1313,583.9667745963378,508.1930266737298,0.0,1580.0251068768482,Non-critical,Non-critical
Bearing1_1,1490,2803,1312,192.84415094412023,508.1930266737298,0.0,1188.9024832246307,Non-critical,Wear detectable
Bearing1_1,1491,2803,1311,587.0817683444698,508.1930266737298,0.0,1583.1401006249803,Non-critical,Non-critical
Bearing1_1,1492,2803,1310,613.0428974828135,508.1930266737298,0.0,1609.1012297633238,Non-critical,Non-critical
Bearing1_1,1493,2803,1309,595.6230504728517,508.1930266737298,0.0,1591.681382753362,Non-critical,Non-critical
Bearing1_1,1494,2803,1308,594.8041580800249,508.1930266737298,0.0,1590.8624903605353,Non-critical,Non-critical
Bearing1_1,1495,2803,1307,600.3211358159972,508.1930266737298,0.0,1596.3794680965075,Non-critical,Non-critical
Bearing1_1,1496,2803,1306,590.4671431245895,508.1930266737298,0.0,1586.5254754050998,Non-critical,Non-critical
Bearing1_1,1497,2803,1305,586.8653974473768,508.1930266737298,0.0,1582.9237297278873,Non-critical,Non-critical
Bearing1_1,1498,2803,1304,592.1921320019127,508.1930266737298,0.0,1588.250464282423,Non-critical,Non-critical
Bearing1_1,1499,2803,1303,580.2425854767106,508.1930266737298,0.0,1576.300917757221,Non-critical,Non-critical
Bearing1_1,1500,2803,1302,568.5341586763051,508.1930266737298,0.0,1564.5924909568155,Non-critical,Non-critical
Bearing1_1,1501,2803,1301,592.598812472786,508.1930266737298,0.0,1588.6571447532965,Non-critical,Non-critical
Bearing1_1,1502,2803,1300,578.808099594042,508.1930266737298,0.0,1574.8664318745523,Non-critical,Non-critical
Bearing1_1,1503,2803,1299,585.4540050432033,508.1930266737298,0.0,1581.5123373237138,Non-critical,Non-critical
Bearing1_1,1504,2803,1298,582.0474296998855,508.1930266737298,0.0,1578.105761980396,Non-critical,Non-critical
Bearing1_1,1505,2803,1297,572.3355542195727,508.1930266737298,0.0,1568.3938865000832,Non-critical,Non-critical
Bearing1_1,1506,2803,1296,586.3581435070862,508.1930266737298,0.0,1582.4164757875965,Non-critical,Non-critical
Bearing1_1,1507,2803,1295,558.1305861515765,508.1930266737298,0.0,1554.188918432087,Non-critical,Non-critical
Bearing1_1,1508,2803,1294,585.1101106878998,508.1930266737298,0.0,1581.16844296841,Non-critical,Non-critical
Bearing1_1,1509,2803,1293,584.9329663254846,508.1930266737298,0.0,1580.9912986059949,Non-critical,Non-critical
Bearing1_1,1510,2803,1292,543.5151722546434,508.1930266737298,0.0,1539.573504535154,Non-critical,Non-critical
Bearing1_1,1511,2803,1291,549.8755158781852,508.1930266737298,0.0,1545.9338481586956,Non-critical,Non-critical
Bearing1_1,1512,2803,1290,546.2272581242298,508.1930266737298,0.0,1542.28559040474,Non-critical,Non-critical
Bearing1_1,1513,2803,1289,569.2409968525085,508.1930266737298,0.0,1565.299329133019,Non-critical,Non-critical
Bearing1_1,1514,2803,1288,550.1977682671723,508.1930266737298,0.0,1546.2561005476828,Non-critical,Non-critical
Bearing1_1,1515,2803,1287,573.3743857234491,508.1930266737298,0.0,1569.4327180039595,Non-critical,Non-critical
Bearing1_1,1516,2803,1286,559.6107700588138,508.1930266737298,0.0,1555.6691023393241,Non-critical,Non-critical
Bearing1_1,1517,2803,1285,562.6870747308178,508.1930266737298,0.0,1558.745407011328,Non-critical,Non-critical
Bearing1_1,1518,2803,1284,566.458615234264,508.1930266737298,0.0,1562.5169475147745,Non-critical,Non-critical
Bearing1_1,1519,2803,1283,562.3882497413922,508.1930266737298,0.0,1558.4465820219025,Non-critical,Non-critical
Bearing1_1,1520,2803,1282,562.4354559048164,508.1930266737298,0.0,1558.4937881853268,Non-critical,Non-critical
Bearing1_1,1521,2803,1281,547.0794998501245,508.1930266737298,0.0,1543.137832130635,Non-critical,Non-critical
Bearing1_1,1522,2803,1280,546.038379305583,508.1930266737298,0.0,1542.0967115860935,Non-critical,Non-critical
Bearing1_1,1523,2803,1279,554.5155931642719,508.1930266737298,0.0,1550.5739254447822,Non-critical,Non-critical
Bearing1_1,1524,2803,1278,539.4955301129246,508.1930266737298,0.0,1535.5538623934349,Non-critical,Non-critical
Bearing1_1,1525,2803,1277,544.5364464238725,508.1930266737298,0.0,1540.5947787043829,Non-critical,Non-critical
Bearing1_1,1526,2803,1276,576.6087161840964,508.1930266737298,0.0,1572.6670484646068,Non-critical,Non-critical
Bearing1_1,1527,2803,1275,524.1446565181338,508.1930266737298,0.0,1520.2029887986441,Non-critical,Non-critical
Bearing1_1,1528,2803,1274,550.5585139328222,508.1930266737298,0.0,1546.6168462133326,Non-critical,Non-critical
Bearing1_1,1529,2803,1273,571.3738550514274,508.1930266737298,0.0,1567.4321873319377,Non-critical,Non-critical
Bearing1_1,1530,2803,1272,554.8300023167936,508.1930266737298,0.0,1550.888334597304,Non-critical,Non-critical
Bearing1_1,1531,2803,1271,570.8514828301036,508.1930266737298,0.0,1566.909815110614,Non-critical,Non-critical
Bearing1_1,1532,2803,1270,528.4897883726999,508.1930266737298,0.0,1524.5481206532104,Non-critical,Non-critical
Bearing1_1,1533,2803,1269,540.2385732427055,508.1930266737298,0.0,1536.2969055232159,Non-critical,Non-critical
Bearing1_1,1534,2803,1268,524.4455047584314,508.1930266737298,0.0,1520.5038370389418,Non-critical,Non-critical
Bearing1_1,1535,2803,1267,523.5172242995783,508.1930266737298,0.0,1519.5755565800887,Non-critical,Non-critical
Bearing1_1,1536,2803,1266,548.9579265228534,508.1930266737298,0.0,1545.0162588033638,Non-critical,Non-critical
Bearing1_1,1537,2803,1265,524.0141073721987,508.1930266737298,0.0,1520.0724396527091,Non-critical,Non-critical
Bearing1_1,1538,2803,1264,563.0307053482985,508.1930266737298,0.0,1559.089037628809,Non-critical,Non-critical
Bearing1_1,1539,2803,1263,521.3012153308189,508.1930266737298,0.0,1517.3595476113292,Non-critical,Non-critical
Bearing1_1,1540,2803,1262,538.2758030026102,508.1930266737298,0.0,1534.3341352831208,Non-critical,Non-critical
Bearing1_1,1541,2803,1261,518.1966824549575,508.1930266737298,0.0,1514.2550147354677,Non-critical,Non-critical
Bearing1_1,1542,2803,1260,543.3507463407631,508.1930266737298,0.0,1539.4090786212735,Non-critical,Non-critical
Bearing1_1,1543,2803,1259,548.1708436421036,508.1930266737298,0.0,1544.229175922614,Non-critical,Non-critical
Bearing1_1,1544,2803,1258,544.155199203617,508.1930266737298,0.0,1540.2135314841275,Non-critical,Non-critical
Bearing1_1,1545,2803,1257,547.5817670558881,508.1930266737298,0.0,1543.6400993363986,Non-critical,Non-critical
Bearing1_1,1546,2803,1256,517.229792262086,508.1930266737298,0.0,1513.2881245425965,Non-critical,Non-critical
Bearing1_1,1547,2803,1255,529.7639486766332,508.1930266737298,0.0,1525.8222809571434,Non-critical,Non-critical
Bearing1_1,1548,2803,1254,539.7423956991609,508.1930266737298,0.0,1535.8007279796711,Non-critical,Non-critical
Bearing1_1,1549,2803,1253,525.4834619336511,508.1930266737298,0.0,1521.5417942141617,Non-critical,Non-critical
Bearing1_1,1550,2803,1252,543.9001487178991,508.1930266737298,0.0,1539.9584809984094,Non-critical,Non-critical
Bearing1_1,1551,2803,1251,540.7956321537818,508.1930266737298,0.0,1536.8539644342923,Non-critical,Non-critical
Bearing1_1,1552,2803,1250,515.4923196478044,508.1930266737298,0.0,1511.550651928315,Non-critical,Non-critical
Bearing1_1,1553,2803,1249,527.5354648341531,508.1930266737298,0.0,1523.5937971146636,Non-critical,Non-critical
Bearing1_1,1554,2803,1248,520.3170087089197,508.1930266737298,0.0,1516.3753409894302,Non-critical,Non-critical
Bearing1_1,1555,2803,1247,498.9272508186011,508.1930266737298,0.0,1494.9855830991114,Non-critical,Wear detectable
Bearing1_1,1556,2803,1246,514.345757677871,508.1930266737298,0.0,1510.4040899583815,Non-critical,Non-critical
Bearing1_1,1557,2803,1245,492.76458997060274,508.1930266737298,0.0,1488.8229222511131,Non-critical,Wear detectable
Bearing1_1,1558,2803,1244,521.8830311346653,508.1930266737298,0.0,1517.9413634151756,Non-critical,Non-critical
Bearing1_1,1559,2803,1243,523.5128502810696,508.1930266737298,0.0,1519.57118256158,Non-critical,Non-critical
Bearing1_1,1560,2803,1242,513.2194439652724,508.1930266737298,0.0,1509.2777762457827,Non-critical,Non-critical
Bearing1_1,1561,2803,1241,502.54532314956265,508.1930266737298,0.0,1498.603655430073,Non-critical,Non-critical
Bearing1_1,1562,2803,1240,503.5923519662803,508.1930266737298,0.0,1499.6506842467907,Non-critical,Non-critical
Bearing1_1,1563,2803,1239,523.8285509697835,508.1930266737298,0.0,1519.886883250294,Non-critical,Non-critical
Bearing1_1,1564,2803,1238,483.211729532685,508.1930266737298,0.0,1479.2700618131953,Non-critical,Wear detectable
Bearing1_1,1565,2803,1237,500.22941021009893,508.1930266737298,0.0,1496.2877424906094,Non-critical,Non-critical
Bearing1_1,1566,2803,1236,487.4019478688467,508.1930266737298,0.0,1483.460280149357,Non-critical,Wear detectable
Bearing1_1,1567,2803,1235,520.3134728656034,508.1930266737298,0.0,1516.3718051461137,Non-critical,Non-critical
Bearing1_1,1568,2803,1234,498.104342958616,508.1930266737298,0.0,1494.1626752391264,Non-critical,Wear detectable
Bearing1_1,1569,2803,1233,459.18814131473613,508.1930266737298,0.0,1455.2464735952465,Non-critical,Wear detectable
Bearing1_1,1570,2803,1232,490.5431357676458,508.1930266737298,0.0,1486.6014680481562,Non-critical,Wear detectable
Bearing1_1,1571,2803,1231,519.3145433796037,508.1930266737298,0.0,1515.372875660114,Non-critical,Non-critical
Bearing1_1,1572,2803,1230,519.7547180483846,508.1930266737298,0.0,1515.8130503288949,Non-critical,Non-critical
Bearing1_1,1573,2803,1229,487.7000388017545,508.1930266737298,0.0,1483.7583710822648,Non-critical,Wear detectable
Bearing1_1,1574,2803,1228,505.81344050001513,508.1930266737298,0.0,1501.8717727805256,Non-critical,Non-critical
Bearing1_1,1575,2803,1227,500.2849547886672,508.1930266737298,0.0,1496.3432870691777,Non-critical,Non-critical
Bearing1_1,1576,2803,1226,491.21970117416663,508.1930266737298,0.0,1487.278033454677,Non-critical,Wear detectable
Bearing1_1,1577,2803,1225,447.7763239566912,508.1930266737298,0.0,1443.8346562372017,Non-critical,Wear detectable
Bearing1_1,1578,2803,1224,513.6916446210275,508.1930266737298,0.0,1509.749976901538,Non-critical,Non-critical
Bearing1_1,1579,2803,1223,477.60125704573375,508.1930266737298,0.0,1473.6595893262443,Non-critical,Wear detectable
Bearing1_1,1580,2803,1222,500.7228069635307,508.1930266737298,0.0,1496.781139244041,Non-critical,Non-critical
Bearing1_1,1581,2803,1221,496.6916948252557,508.1930266737298,0.0,1492.750027105766,Non-critical,Wear detectable
Bearing1_1,1582,2803,1220,469.0876437174315,508.1930266737298,0.0,1465.1459759979418,Non-critical,Wear detectable
Bearing1_1,1583,2803,1219,482.13548532949034,508.1930266737298,0.0,1478.1938176100007,Non-critical,Wear detectable
Bearing1_1,1584,2803,1218,451.043368970217,508.1930266737298,0.0,1447.1017012507273,Non-critical,Wear detectable
Bearing1_1,1585,2803,1217,490.2382298518412,508.1930266737298,0.0,1486.2965621323515,Non-critical,Wear detectable
Bearing1_1,1586,2803,1216,485.2868789528584,508.1930266737298,0.0,1481.345211233369,Non-critical,Wear detectable
Bearing1_1,1587,2803,1215,448.20785799935345,508.1930266737298,0.0,1444.2661902798638,Non-critical,Wear detectable
Bearing1_1,1588,2803,1214,498.38376361733543,508.1930266737298,0.0,1494.4420958978458,Non-critical,Wear detectable
Bearing1_1,1589,2803,1213,461.11008810506576,508.1930266737298,0.0,1457.1684203855762,Non-critical,Wear detectable
Bearing1_1,1590,2803,1212,469.9951096892561,508.1930266737298,0.0,1466.0534419697665,Non-critical,Wear detectable
Bearing1_1,1591,2803,1211,479.2778573140343,508.1930266737298,0.0,1475.3361895945447,Non-critical,Wear detectable
Bearing1_1,1592,2803,1210,477.4304433412912,508.1930266737298,0.0,1473.4887756218016,Non-critical,Wear detectable
Bearing1_1,1593,2803,1209,493.28011019693434,508.1930266737298,0.0,1489.3384424774447,Non-critical,Wear detectable
Bearing1_1,1594,2803,1208,486.457717445016,508.1930266737298,0.0,1482.5160497255265,Non-critical,Wear detectable
Bearing1_1,1595,2803,1207,497.93263912671074,508.1930266737298,0.0,1493.9909714072212,Non-critical,Wear detectable
Bearing1_1,1596,2803,1206,490.92794459514755,508.1930266737298,0.0,1486.986276875658,Non-critical,Wear detectable
Bearing1_1,1597,2803,1205,463.59890554760284,508.1930266737298,0.0,1459.6572378281132,Non-critical,Wear detectable
Bearing1_1,1598,2803,1204,495.87552444085173,508.1930266737298,0.0,1491.9338567213622,Non-critical,Wear detectable
Bearing1_1,1599,2803,1203,461.3807858083882,508.1930266737298,0.0,1457.4391180888986,Non-critical,Wear detectable
Bearing1_1,1600,2803,1202,482.8681001999035,508.1930266737298,0.0,1478.926432480414,Non-critical,Wear detectable
Bearing1_1,1601,2803,1201,448.7870996867688,508.1930266737298,0.0,1444.8454319672792,Non-critical,Wear detectable
Bearing1_1,1602,2803,1200,478.37218711817246,508.1930266737298,0.0,1474.430519398683,Non-critical,Wear detectable
Bearing1_1,1603,2803,1199,437.5420753427679,508.1930266737298,0.0,1433.6004076232782,Non-critical,Wear detectable
Bearing1_1,1604,2803,1198,475.6949304722394,508.1930266737298,0.0,1471.7532627527498,Non-critical,Wear detectable
Bearing1_1,1605,2803,1197,480.54969833227085,508.1930266737298,0.0,1476.6080306127812,Non-critical,Wear detectable
Bearing1_1,1606,2803,1196,460.9501495239412,508.1930266737298,0.0,1457.0084818044515,Non-critical,Wear detectable
Bearing1_1,1607,2803,1195,468.5650745432876,508.1930266737298,0.0,1464.623406823798,Non-critical,Wear detectable
Bearing1_1,1608,2803,1194,447.47447294818744,508.1930266737298,0.0,1443.5328052286977,Non-critical,Wear detectable
Bearing1_1,1609,2803,1193,474.87655060393405,508.1930266737298,0.0,1470.9348828844445,Non-critical,Wear detectable
Bearing1_1,1610,2803,1192,458.1450611455001,508.1930266737298,0.0,1454.2033934260105,Non-critical,Wear detectable
Bearing1_1,1611,2803,1191,435.2655130527479,508.1930266737298,0.0,1431.3238453332583,Non-critical,Wear detectable
Bearing1_1,1612,2803,1190,480.09689048905443,508.1930266737298,0.0,1476.1552227695647,Non-critical,Wear detectable
Bearing1_1,1613,2803,1189,477.9274605444731,508.1930266737298,0.0,1473.9857928249835,Non-critical,Wear detectable
Bearing1_1,1614,2803,1188,479.35871201313563,508.1930266737298,0.0,1475.417044293646,Non-critical,Wear detectable
Bearing1_1,1615,2803,1187,465.92139437065674,508.1930266737298,0.0,1461.979726651167,Non-critical,Wear detectable
Bearing1_1,1616,2803,1186,182.13038330470948,508.1930266737298,0.0,1178.1887155852198,Non-critical,Wear detectable
Bearing1_1,1617,2803,1185,450.39775836548205,508.1930266737298,0.0,1446.4560906459924,Non-critical,Wear detectable
Bearing1_1,1618,2803,1184,464.4753400060956,508.1930266737298,0.0,1460.533672286606,Non-critical,Wear detectable
Bearing1_1,1619,2803,1183,459.88205925860893,508.1930266737298,0.0,1455.9403915391194,Non-critical,Wear detectable
Bearing1_1,1620,2803,1182,464.1169229860237,508.1930266737298,0.0,1460.1752552665341,Non-critical,Wear detectable
Bearing1_1,1621,2803,1181,460.858130784734,508.1930266737298,0.0,1456.9164630652444,Non-critical,Wear detectable
Bearing1_1,1622,2803,1180,462.8391507550647,508.1930266737298,0.0,1458.897483035575,Non-critical,Wear detectable
Bearing1_1,1623,2803,1179,458.2524123003777,508.1930266737298,0.0,1454.3107445808882,Non-critical,Wear detectable
Bearing1_1,1624,2803,1178,450.0971793249248,508.1930266737298,0.0,1446.155511605435,Non-critical,Wear detectable
Bearing1_1,1625,2803,1177,435.7542028749009,508.1930266737298,0.0,1431.8125351554113,Non-critical,Wear detectable
Bearing1_1,1626,2803,1176,438.34698193420866,508.1930266737298,0.0,1434.405314214719,Non-critical,Wear detectable
Bearing1_1,1627,2803,1175,438.8195163177327,508.1930266737298,0.0,1434.877848598243,Non-critical,Wear detectable
Bearing1_1,1628,2803,1174,444.45563467645763,508.1930266737298,0.0,1440.513966956968,Non-critical,Wear detectable
Bearing1_1,1629,2803,1173,445.3634545774154,508.1930266737298,0.0,1441.4217868579258,Non-critical,Wear detectable
Bearing1_1,1630,2803,1172,445.0043959832308,508.1930266737298,0.0,1441.062728263741,Non-critical,Wear detectable
Bearing1_1,1631,2803,1171,461.3489135741168,508.1930266737298,0.0,1457.4072458546273,Non-critical,Wear detectable
Bearing1_1,1632,2803,1170,452.14124461525523,508.1930266737298,0.0,1448.1995768957656,Non-critical,Wear detectable
Bearing1_1,1633,2803,1169,455.6774659155515,508.1930266737298,0.0,1451.735798196062,Non-critical,Wear detectable
Bearing1_1,1634,2803,1168,436.76120718527795,508.1930266737298,0.0,1432.8195394657882,Non-critical,Wear detectable
Bearing1_1,1635,2803,1167,416.5896469776982,508.1930266737298,0.0,1412.6479792582086,Non-critical,Wear detectable
Bearing1_1,1636,2803,1166,429.363232234799,508.1930266737298,0.0,1425.4215645153095,Non-critical,Wear detectable
Bearing1_1,1637,2803,1165,422.4531548520265,508.1930266737298,0.0,1418.5114871325368,Non-critical,Wear detectable
Bearing1_1,1638,2803,1164,414.6029857276385,508.1930266737298,0.0,1410.661318008149,Non-critical,Wear detectable
Bearing1_1,1639,2803,1163,360.517112708431,508.1930266737298,0.0,1356.5754449889414,Non-critical,Wear detectable
Bearing1_1,1640,2803,1162,432.7572664455108,508.1930266737298,0.0,1428.815598726021,Non-critical,Wear detectable
Bearing1_1,1641,2803,1161,452.8127695688884,508.1930266737298,0.0,1448.8711018493989,Non-critical,Wear detectable
Bearing1_1,1642,2803,1160,440.9210235019757,508.1930266737298,0.0,1436.979355782486,Non-critical,Wear detectable
Bearing1_1,1643,2803,1159,424.77054193623394,508.1930266737298,0.0,1420.8288742167442,Non-critical,Wear detectable
Bearing1_1,1644,2803,1158,426.65153233796104,508.1930266737298,0.0,1422.7098646184713,Non-critical,Wear detectable
Bearing1_1,1645,2803,1157,441.7757775932755,508.1930266737298,0.0,1437.834109873786,Non-critical,Wear detectable
Bearing1_1,1646,2803,1156,435.110406847476,508.1930266737298,0.0,1431.1687391279863,Non-critical,Wear detectable
Bearing1_1,1647,2803,1155,442.580419481405,508.1930266737298,0.0,1438.6387517619155,Non-critical,Wear detectable
Bearing1_1,1648,2803,1154,405.94596411544586,508.1930266737298,0.0,1402.0042963959563,Non-critical,Wear detectable
Bearing1_1,1649,2803,1153,419.5757369909776,508.1930266737298,0.0,1415.634069271488,Non-critical,Wear detectable
Bearing1_1,1650,2803,1152,393.5574649697718,508.1930266737298,0.0,1389.6157972502822,Non-critical,Wear detectable
Bearing1_1,1651,2803,1151,420.41649358390555,508.1930266737298,0.0,1416.4748258644158,Non-critical,Wear detectable
Bearing1_1,1652,2803,1150,416.4306491935387,508.1930266737298,0.0,1412.488981474049,Non-critical,Wear detectable
Bearing1_1,1653,2803,1149,429.53473518455905,508.1930266737298,0.0,1425.5930674650695,Non-critical,Wear detectable
Bearing1_1,1654,2803,1148,412.8964288034706,508.1930266737298,0.0,1408.9547610839809,Non-critical,Wear detectable
Bearing1_1,1655,2803,1147,398.56630617111364,508.1930266737298,0.0,1394.624638451624,Non-critical,Wear detectable
Bearing1_1,1656,2803,1146,424.1372879578548,508.1930266737298,0.0,1420.1956202383653,Non-critical,Wear detectable
Bearing1_1,1657,2803,1145,294.1251848174331,508.1930266737298,0.0,1290.1835170979434,Non-critical,Wear detectable
Bearing1_1,1658,2803,1144,412.79876291835603,508.1930266737298,0.0,1408.8570951988663,Non-critical,Wear detectable
Bearing1_1,1659,2803,1143,388.88368443279944,508.1930266737298,0.0,1384.9420167133098,Non-critical,Wear detectable
Bearing1_1,1660,2803,1142,427.80417762363805,508.1930266737298,0.0,1423.8625099041485,Non-critical,Wear detectable
Bearing1_1,1661,2803,1141,408.5136267260415,508.1930266737298,0.0,1404.5719590065519,Non-critical,Wear detectable
Bearing1_1,1662,2803,1140,390.758889387737,508.1930266737298,0.0,1386.8172216682474,Non-critical,Wear detectable
Bearing1_1,1663,2803,1139,412.15188450982373,508.1930266737298,0.0,1408.210216790334,Non-critical,Wear detectable
Bearing1_1,1664,2803,1138,437.98816196426964,508.1930266737298,0.0,1434.04649424478,Non-critical,Wear detectable
Bearing1_1,1665,2803,1137,400.79794290066883,508.1930266737298,0.0,1396.8562751811792,Non-critical,Wear detectable
Bearing1_1,1666,2803,1136,377.6259081617916,508.1930266737298,0.0,1373.6842404423019,Non-critical,Wear detectable
Bearing1_1,1667,2803,1135,412.9168024981443,508.1930266737298,0.0,1408.9751347786546,Non-critical,Wear detectable
Bearing1_1,1668,2803,1134,416.8246045365719,508.1930266737298,0.0,1412.8829368170823,Non-critical,Wear detectable
Bearing1_1,1669,2803,1133,403.41041884697404,508.1930266737298,0.0,1399.4687511274844,Non-critical,Wear detectable
Bearing1_1,1670,2803,1132,391.8041640703989,508.1930266737298,0.0,1387.8624963509092,Non-critical,Wear detectable
Bearing1_1,1671,2803,1131,425.26638852723016,508.1930266737298,0.0,1421.3247208077405,Non-critical,Wear detectable
Bearing1_1,1672,2803,1130,431.58999320709995,508.1930266737298,0.0,1427.6483254876102,Non-critical,Wear detectable
Bearing1_1,1673,2803,1129,400.4132540433517,508.1930266737298,0.0,1396.471586323862,Non-critical,Wear detectable
Bearing1_1,1674,2803,1128,423.4974567118337,508.1930266737298,0.0,1419.555788992344,Non-critical,Wear detectable
Bearing1_1,1675,2803,1127,410.33366613538703,508.1930266737298,0.0,1406.3919984158974,Non-critical,Wear detectable
Bearing1_1,1676,2803,1126,392.0620554807921,508.1930266737298,0.0,1388.1203877613025,Non-critical,Wear detectable
Bearing1_1,1677,2803,1125,414.4704485000335,508.1930266737298,0.0,1410.528780780544,Non-critical,Wear detectable
Bearing1_1,1678,2803,1124,365.2045318280476,508.1930266737298,0.0,1361.262864108558,Non-critical,Wear detectable
Bearing1_1,1679,2803,1123,395.336173922739,508.1930266737298,0.0,1391.3945062032494,Non-critical,Wear detectable
Bearing1_1,1680,2803,1122,387.28190085340213,508.1930266737298,0.0,1383.3402331339125,Non-critical,Wear detectable
Bearing1_1,1681,2803,1121,422.8129649047003,508.1930266737298,0.0,1418.8712971852108,Non-critical,Wear detectable
Bearing1_1,1682,2803,1120,402.3265677397294,508.1930266737298,0.0,1398.38490002024,Non-critical,Wear detectable
Bearing1_1,1683,2803,1119,372.9803472820973,508.1930266737298,0.0,1369.0386795626077,Non-critical,Wear detectable
Bearing1_1,1684,2803,1118,401.0091989030231,508.1930266737298,0.0,1397.0675311835334,Non-critical,Wear detectable
Bearing1_1,1685,2803,1117,407.6043066884069,508.1930266737298,0.0,1403.6626389689172,Non-critical,Wear detectable
Bearing1_1,1686,2803,1116,402.13779684529277,508.1930266737298,0.0,1398.196129125803,Non-critical,Wear detectable
Bearing1_1,1687,2803,1115,399.3312804018766,508.1930266737298,0.0,1395.389612682387,Non-critical,Wear detectable
Bearing1_1,1688,2803,1114,403.70527782337876,508.1930266737298,0.0,1399.7636101038893,Non-critical,Wear detectable
Bearing1_1,1689,2803,1113,393.6969433430439,508.1930266737298,0.0,1389.7552756235543,Non-critical,Wear detectable
Bearing1_1,1690,2803,1112,398.8756304150687,508.1930266737298,0.0,1394.933962695579,Non-critical,Wear detectable
Bearing1_1,1691,2803,1111,401.18066646565,508.1930266737298,0.0,1397.2389987461604,Non-critical,Wear detectable
Bearing1_1,1692,2803,1110,399.51703150056676,508.1930266737298,0.0,1395.5753637810772,Non-critical,Wear detectable
Bearing1_1,1693,2803,1109,380.0417859262076,508.1930266737298,0.0,1376.100118206718,Non-critical,Wear detectable
Bearing1_1,1694,2803,1108,388.74583492245466,508.1930266737298,0.0,1384.8041672029651,Non-critical,Wear detectable
Bearing1_1,1695,2803,1107,406.9801493734799,508.1930266737298,0.0,1403.0384816539904,Non-critical,Wear detectable
Bearing1_1,1696,2803,1106,397.2506822267823,508.1930266737298,0.0,1393.3090145072927,Non-critical,Wear detectable
Bearing1_1,1697,2803,1105,385.03845962730486,508.1930266737298,0.0,1381.0967919078153,Non-critical,Wear detectable
Bearing1_1,1698,2803,1104,389.3522129904912,508.1930266737298,0.0,1385.4105452710016,Non-critical,Wear detectable
Bearing1_1,1699,2803,1103,383.1357842387074,508.1930266737298,0.0,1379.194116519218,Non-critical,Wear detectable
Bearing1_1,1700,2803,1102,391.08147844980294,508.1930266737298,0.0,1387.1398107303135,Non-critical,Wear detectable
Bearing1_1,1701,2803,1101,388.5686045408967,508.1930266737298,0.0,1384.626936821407,Non-critical,Wear detectable
Bearing1_1,1702,2803,1100,394.1433458819202,508.1930266737298,0.0,1390.2016781624307,Non-critical,Wear detectable
Bearing1_1,1703,2803,1099,387.1853609943996,508.1930266737298,0.0,1383.2436932749101,Non-critical,Wear detectable
Bearing1_1,1704,2803,1098,389.146774942374,508.1930266737298,0.0,1385.2051072228844,Non-critical,Wear detectable
Bearing1_1,1705,2803,1097,382.69081107628386,508.1930266737298,0.0,1378.7491433567943,Non-critical,Wear detectable
Bearing1_1,1706,2803,1096,316.9545584468514,508.1930266737298,0.0,1313.0128907273618,Non-critical,Wear detectable
Bearing1_1,1707,2803,1095,388.7893226083992,508.1930266737298,0.0,1384.8476548889096,Non-critical,Wear detectable
Bearing1_1,1708,2803,1094,375.49044538075117,508.1930266737298,0.0,1371.5487776612615,Non-critical,Wear detectable
Bearing1_1,1709,2803,1093,382.2884960290844,508.1930266737298,0.0,1378.346828309595,Non-critical,Wear detectable
Bearing1_1,1710,2803,1092,392.290672191125,508.1930266737298,0.0,1388.3490044716355,Non-critical,Wear detectable
Bearing1_1,1711,2803,1091,378.0865124657168,508.1930266737298,0.0,1374.1448447462271,Non-critical,Wear detectable
Bearing1_1,1712,2803,1090,365.7632352427922,508.1930266737298,0.0,1361.8215675233025,Non-critical,Wear detectable
Bearing1_1,1713,2803,1089,371.09400945137156,508.1930266737298,0.0,1367.152341731882,Non-critical,Wear detectable
Bearing1_1,1714,2803,1088,383.5019214186604,508.1930266737298,0.0,1379.5602536991707,Non-critical,Wear detectable
Bearing1_1,1715,2803,1087,389.44551840133454,508.1930266737298,0.0,1385.503850681845,Non-critical,Wear detectable
Bearing1_1,1716,2803,1086,392.6436521711665,508.1930266737298,0.0,1388.701984451677,Non-critical,Wear detectable
Bearing1_1,1717,2803,1085,383.5840190464179,508.1930266737298,0.0,1379.6423513269283,Non-critical,Wear detectable
Bearing1_1,1718,2803,1084,374.30767959457614,508.1930266737298,0.0,1370.3660118750865,Non-critical,Wear detectable
Bearing1_1,1719,2803,1083,371.507008728617,508.1930266737298,0.0,1367.5653410091275,Non-critical,Wear detectable
Bearing1_1,1720,2803,1082,374.82686272276123,508.1930266737298,0.0,1370.8851950032717,Non-critical,Wear detectable
Bearing1_1,1721,2803,1081,365.6793488290591,508.1930266737298,0.0,1361.7376811095696,Non-critical,Wear detectable
Bearing1_1,1722,2803,1080,378.4816354730374,508.1930266737298,0.0,1374.539967753548,Non-critical,Wear detectable
Bearing1_1,1723,2803,1079,381.81478571743656,508.1930266737298,0.0,1377.873117997947,Non-critical,Wear detectable
Bearing1_1,1724,2803,1078,355.7562249315265,508.1930266737298,0.0,1351.814557212037,Non-critical,Wear detectable
Bearing1_1,1725,2803,1077,351.8128729522772,508.1930266737298,0.0,1347.8712052327876,Non-critical,Wear detectable
Bearing1_1,1726,2803,1076,377.70609674424384,508.1930266737298,0.0,1373.7644290247542,Non-critical,Wear detectable
Bearing1_1,1727,2803,1075,383.52386781693195,508.1930266737298,0.0,1379.5822000974424,Non-critical,Wear detectable
Bearing1_1,1728,2803,1074,381.8105705937915,508.1930266737298,0.0,1377.868902874302,Non-critical,Wear detectable
Bearing1_1,1729,2803,1073,379.8230192347494,508.1930266737298,0.0,1375.8813515152597,Non-critical,Wear detectable
Bearing1_1,1730,2803,1072,336.551711111915,508.1930266737298,0.0,1332.6100433924253,Non-critical,Wear detectable
Bearing1_1,1731,2803,1071,332.02715121788174,508.1930266737298,0.0,1328.085483498392,Non-critical,Wear detectable
Bearing1_1,1732,2803,1070,352.8017747293635,508.1930266737298,0.0,1348.860107009874,Non-critical,Wear detectable
Bearing1_1,1733,2803,1069,329.07461907276956,508.1930266737298,0.0,1325.13295135328,Non-critical,Wear detectable
Bearing1_1,1734,2803,1068,340.3856908282396,508.1930266737298,0.0,1336.4440231087501,Non-critical,Wear detectable
Bearing1_1,1735,2803,1067,355.4278285969265,508.1930266737298,0.0,1351.4861608774368,Non-critical,Wear detectable
Bearing1_1,1736,2803,1066,344.75106862497324,508.1930266737298,0.0,1340.8094009054837,Non-critical,Wear detectable
Bearing1_1,1737,2803,1065,355.22199439113706,508.1930266737298,0.0,1351.2803266716473,Non-critical,Wear detectable
Bearing1_1,1738,2803,1064,324.53885568831,508.1930266737298,0.0,1320.5971879688204,Non-critical,Wear detectable
Bearing1_1,1739,2803,1063,349.6776111182826,508.1930266737298,0.0,1345.735943398793,Non-critical,Wear detectable
Bearing1_1,1740,2803,1062,358.4368536376158,508.1930266737298,0.0,1354.4951859181263,Non-critical,Wear detectable
Bearing1_1,1741,2803,1061,291.7853236663741,508.1930266737298,0.0,1287.8436559468846,Non-critical,Wear detectable
Bearing1_1,1742,2803,1060,362.8605119543031,508.1930266737298,0.0,1358.9188442348136,Non-critical,Wear detectable
Bearing1_1,1743,2803,1059,357.42912098954014,508.1930266737298,0.0,1353.4874532700505,Non-critical,Wear detectable
Bearing1_1,1744,2803,1058,351.26552961337467,508.1930266737298,0.0,1347.3238618938851,Non-critical,Wear detectable
Bearing1_1,1745,2803,1057,314.51048243817564,508.1930266737298,0.0,1310.568814718686,Non-critical,Wear detectable
Bearing1_1,1746,2803,1056,341.3145929178687,508.1930266737298,0.0,1337.372925198379,Non-critical,Wear detectable
Bearing1_1,1747,2803,1055,364.15331612248457,508.1930266737298,0.0,1360.211648402995,Non-critical,Wear detectable
Bearing1_1,1748,2803,1054,297.01288751491074,508.1930266737298,0.0,1293.0712197954213,Non-critical,Wear detectable
Bearing1_1,1749,2803,1053,321.8684094462691,508.1930266737298,0.0,1317.9267417267795,Non-critical,Wear detectable
Bearing1_1,1750,2803,1052,345.0857987030724,508.1930266737298,0.0,1341.1441309835827,Non-critical,Wear detectable
Bearing1_1,1751,2803,1051,334.73958986760294,508.1930266737298,0.0,1330.7979221481132,Non-critical,Wear detectable
Bearing1_1,1752,2803,1050,327.5308181404273,508.1930266737298,0.0,1323.5891504209376,Non-critical,Wear detectable
Bearing1_1,1753,2803,1049,332.7074608520979,508.1930266737298,0.0,1328.7657931326082,Non-critical,Wear detectable
Bearing1_1,1754,2803,1048,342.8156531600381,508.1930266737298,0.0,1338.8739854405485,Non-critical,Wear detectable
Bearing1_1,1755,2803,1047,352.13319018281885,508.1930266737298,0.0,1348.1915224633292,Non-critical,Wear detectable
Bearing1_1,1756,2803,1046,271.4103508071728,508.1930266737298,0.0,1267.468683087683,Non-critical,Wear detectable
Bearing1_1,1757,2803,1045,334.28158271205166,508.1930266737298,0.0,1330.3399149925622,Non-critical,Wear detectable
Bearing1_1,1758,2803,1044,319.3116037455533,508.1930266737298,0.0,1315.3699360260637,Non-critical,Wear detectable
Bearing1_1,1759,2803,1043,347.43410825306194,508.1930266737298,0.0,1343.4924405335723,Non-critical,Wear detectable
Bearing1_1,1760,2803,1042,340.46274684414436,508.1930266737298,0.0,1336.5210791246548,Non-critical,Wear detectable
Bearing1_1,1761,2803,1041,316.7856416292876,508.1930266737298,0.0,1312.843973909798,Non-critical,Wear detectable
Bearing1_1,1762,2803,1040,320.57641689224226,508.1930266737298,0.0,1316.6347491727527,Non-critical,Wear detectable
Bearing1_1,1763,2803,1039,335.583473408507,508.1930266737298,0.0,1331.6418056890175,Non-critical,Wear detectable
Bearing1_1,1764,2803,1038,338.4596928192469,508.1930266737298,0.0,1334.5180250997573,Non-critical,Wear detectable
Bearing1_1,1765,2803,1037,346.2870670866729,508.1930266737298,0.0,1342.3453993671833,Non-critical,Wear detectable
Bearing1_1,1766,2803,1036,343.5214983276569,508.1930266737298,0.0,1339.5798306081674,Non-critical,Wear detectable
Bearing1_1,1767,2803,1035,352.9529025522154,508.1930266737298,0.0,1349.0112348327257,Non-critical,Wear detectable
Bearing1_1,1768,2803,1034,329.0655669329551,508.1930266737298,0.0,1325.1238992134654,Non-critical,Wear detectable
Bearing1_1,1769,2803,1033,337.2338226213868,508.1930266737298,0.0,1333.2921549018972,Non-critical,Wear detectable
Bearing1_1,1770,2803,1032,323.3419401503121,508.1930266737298,0.0,1319.4002724308225,Non-critical,Wear detectable
Bearing1_1,1771,2803,1031,322.33117008049487,508.1930266737298,0.0,1318.3895023610053,Non-critical,Wear detectable
Bearing1_1,1772,2803,1030,318.59432641873104,508.1930266737298,0.0,1314.6526586992413,Non-critical,Wear detectable
Bearing1_1,1773,2803,1029,321.8578454071694,508.1930266737298,0.0,1317.91617768768,Non-critical,Wear detectable
Bearing1_1,1774,2803,1028,346.93394604733277,508.1930266737298,0.0,1342.9922783278432,Non-critical,Wear detectable
Bearing1_1,1775,2803,1027,328.6124119735751,508.1930266737298,0.0,1324.6707442540855,Non-critical,Wear detectable
Bearing1_1,1776,2803,1026,325.5066196015282,508.1930266737298,0.0,1321.5649518820387,Non-critical,Wear detectable
Bearing1_1,1777,2803,1025,327.62600679926436,508.1930266737298,0.0,1323.6843390797749,Non-critical,Wear detectable
Bearing1_1,1778,2803,1024,318.6157939032246,508.1930266737298,0.0,1314.674126183735,Non-critical,Wear detectable
Bearing1_1,1779,2803,1023,301.85792284556635,508.1930266737298,0.0,1297.9162551260767,Non-critical,Wear detectable
Bearing1_1,1780,2803,1022,325.4848237085404,508.1930266737298,0.0,1321.5431559890508,Non-critical,Wear detectable
Bearing1_1,1781,2803,1021,300.89984280542853,508.1930266737298,0.0,1296.9581750859388,Non-critical,Wear detectable
Bearing1_1,1782,2803,1020,324.71774934883666,508.1930266737298,0.0,1320.7760816293471,Non-critical,Wear detectable
Bearing1_1,1783,2803,1019,296.83100520602665,508.1930266737298,0.0,1292.889337486537,Non-critical,Wear detectable
Bearing1_1,1784,2803,1018,313.8666650495053,508.1930266737298,0.0,1309.9249973300157,Non-critical,Wear detectable
Bearing1_1,1785,2803,1017,315.9455649364528,508.1930266737298,0.0,1312.0038972169632,Non-critical,Wear detectable
Bearing1_1,1786,2803,1016,338.1156335478022,508.1930266737298,0.0,1334.1739658283127,Non-critical,Wear detectable
Bearing1_1,1787,2803,1015,316.7140307925831,508.1930266737298,0.0,1312.7723630730934,Non-critical,Wear detectable
Bearing1_1,1788,2803,1014,327.0423113627631,508.1930266737298,0.0,1323.1006436432735,Non-critical,Wear detectable
Bearing1_1,1789,2803,1013,309.34721468756345,508.1930266737298,0.0,1305.4055469680738,Non-critical,Wear detectable
Bearing1_1,1790,2803,1012,296.89955555579434,508.1930266737298,0.0,1292.9578878363047,Non-critical,Wear detectable
Bearing1_1,1791,2803,1011,313.0345687854334,508.1930266737298,0.0,1309.0929010659438,Non-critical,Wear detectable
Bearing1_1,1792,2803,1010,325.8986587817659,508.1930266737298,0.0,1321.9569910622763,Non-critical,Wear detectable
Bearing1_1,1793,2803,1009,306.2149332875115,508.1930266737298,0.0,1302.273265568022,Non-critical,Wear detectable
Bearing1_1,1794,2803,1008,329.1508822988297,508.1930266737298,0.0,1325.2092145793401,Non-critical,Wear detectable
Bearing1_1,1795,2803,1007,263.9225296802686,508.1930266737298,0.0,1259.980861960779,Non-critical,Wear detectable
Bearing1_1,1796,2803,1006,317.2701044428901,508.1930266737298,0.0,1313.3284367234005,Non-critical,Wear detectable
Bearing1_1,1797,2803,1005,291.37653417056407,508.1930266737298,0.0,1287.4348664510744,Non-critical,Wear detectable
Bearing1_1,1798,2803,1004,319.6186175668768,508.1930266737298,0.0,1315.6769498473873,Non-critical,Wear detectable
Bearing1_1,1799,2803,1003,316.12041093591523,508.1930266737298,0.0,1312.1787432164256,Non-critical,Wear detectable
Bearing1_1,1800,2803,1002,287.93190506403596,508.1930266737298,0.0,1283.9902373445464,Non-critical,Wear detectable
Bearing1_1,1801,2803,1001,302.0600579385097,508.1930266737298,0.0,1298.11839021902,Non-critical,Wear detectable
Bearing1_1,1802,2803,1000,298.45473148917756,508.1930266737298,0.0,1294.513063769688,Non-critical,Wear detectable
Bearing1_1,1803,2803,999,289.8979759919755,508.1930266737298,0.0,1285.9563082724858,Non-critical,Wear detectable
Bearing1_1,1804,2803,998,319.77835655280666,508.1930266737298,0.0,1315.836688833317,Non-critical,Wear detectable
Bearing1_1,1805,2803,997,299.8652420253486,508.1930266737298,0.0,1295.923574305859,Non-critical,Wear detectable
Bearing1_1,1806,2803,996,301.2790142430773,508.1930266737298,0.0,1297.3373465235877,Non-critical,Wear detectable
Bearing1_1,1807,2803,995,301.91765174255556,508.1930266737298,0.0,1297.9759840230658,Non-critical,Wear detectable
Bearing1_1,1808,2803,994,309.192731207133,508.1930266737298,0.0,1305.2510634876435,Non-critical,Wear detectable
Bearing1_1,1809,2803,993,303.7181991994997,508.1930266737298,0.0,1299.7765314800101,Non-critical,Wear detectable
Bearing1_1,1810,2803,992,300.9019824871576,508.1930266737298,0.0,1296.960314767668,Non-critical,Wear detectable
Bearing1_1,1811,2803,991,323.9265353878713,508.1930266737298,0.0,1319.9848676683816,Non-critical,Wear detectable
Bearing1_1,1812,2803,990,300.4619487275443,508.1930266737298,0.0,1296.5202810080548,Non-critical,Wear detectable
Bearing1_1,1813,2803,989,297.8950281680122,508.1930266737298,0.0,1293.9533604485225,Non-critical,Wear detectable
Bearing1_1,1814,2803,988,313.08439258153385,508.1930266737298,0.0,1309.1427248620444,Non-critical,Wear detectable
Bearing1_1,1815,2803,987,290.47338885178596,508.1930266737298,0.0,1286.5317211322963,Non-critical,Wear detectable
Bearing1_1,1816,2803,986,304.83498502053084,508.1930266737298,0.0,1300.8933173010412,Non-critical,Wear detectable
Bearing1_1,1817,2803,985,288.54860334011084,508.1930266737298,0.0,1284.6069356206212,Non-critical,Wear detectable
Bearing1_1,1818,2803,984,290.5901768629001,508.1930266737298,0.0,1286.6485091434106,Non-critical,Wear detectable
Bearing1_1,1819,2803,983,289.1785237093992,508.1930266737298,0.0,1285.2368559899096,Non-critical,Wear detectable
Bearing1_1,1820,2803,982,303.95726585825395,508.1930266737298,0.0,1300.0155981387643,Non-critical,Wear detectable
Bearing1_1,1821,2803,981,307.3438676727168,508.1930266737298,0.0,1303.4021999532272,Non-critical,Wear detectable
Bearing1_1,1822,2803,980,294.9805798729285,508.1930266737298,0.0,1291.038912153439,Non-critical,Wear detectable
Bearing1_1,1823,2803,979,303.17298922738803,508.1930266737298,0.0,1299.2313215078984,Non-critical,Wear detectable
Bearing1_1,1824,2803,978,294.44369688921006,508.1930266737298,0.0,1290.5020291697206,Non-critical,Wear detectable
Bearing1_1,1825,2803,977,269.67750121918675,508.1930266737298,0.0,1265.735833499697,Non-critical,Wear detectable
Bearing1_1,1826,2803,976,285.66614588078244,508.1930266737298,0.0,1281.7244781612928,Non-critical,Wear detectable
Bearing1_1,1827,2803,975,292.31120172906736,508.1930266737298,0.0,1288.3695340095778,Non-critical,Wear detectable
Bearing1_1,1828,2803,974,273.59291525138264,508.1930266737298,0.0,1269.651247531893,Non-critical,Wear detectable
Bearing1_1,1829,2803,973,287.5206090896913,508.1930266737298,0.0,1283.5789413702016,Non-critical,Wear detectable
Bearing1_1,1830,2803,972,264.8902208995322,508.1930266737298,0.0,1260.9485531800426,Non-critical,Wear detectable
Bearing1_1,1831,2803,971,291.66138713188207,508.1930266737298,0.0,1287.7197194123924,Non-critical,Wear detectable
Bearing1_1,1832,2803,970,286.09097674089304,508.1930266737298,0.0,1282.1493090214035,Non-critical,Wear detectable
Bearing1_1,1833,2803,969,282.51013041158865,508.1930266737298,0.0,1278.568462692099,Non-critical,Wear detectable
Bearing1_1,1834,2803,968,290.87495306105734,508.1930266737298,0.0,1286.9332853415676,Non-critical,Wear detectable
Bearing1_1,1835,2803,967,279.0797177361087,508.1930266737298,0.0,1275.1380500166192,Non-critical,Wear detectable
Bearing1_1,1836,2803,966,259.20490934409145,508.1930266737298,0.0,1255.263241624602,Non-critical,Wear detectable
Bearing1_1,1837,2803,965,299.19943406248956,508.1930266737298,0.0,1295.257766343,Non-critical,Wear detectable
Bearing1_1,1838,2803,964,297.11144015503385,508.1930266737298,0.0,1293.1697724355442,Non-critical,Wear detectable
Bearing1_1,1839,2803,963,275.8111355750956,508.1930266737298,0.0,1271.869467855606,Non-critical,Wear detectable
Bearing1_1,1840,2803,962,282.2134925235702,508.1930266737298,0.0,1278.2718248040806,Non-critical,Wear detectable
Bearing1_1,1841,2803,961,295.8784654551946,508.1930266737298,0.0,1291.936797735705,Non-critical,Wear detectable
Bearing1_1,1842,2803,960,266.3179701382456,508.1930266737298,0.0,1262.376302418756,Non-critical,Wear detectable
Bearing1_1,1843,2803,959,298.88140881872914,508.1930266737298,0.0,1294.9397410992397,Non-critical,Wear detectable
Bearing1_1,1844,2803,958,287.5067648409604,508.1930266737298,0.0,1283.565097121471,Non-critical,Wear detectable
Bearing1_1,1845,2803,957,309.1008239843646,508.1930266737298,0.0,1305.159156264875,Non-critical,Wear detectable
Bearing1_1,1846,2803,956,274.0699210693161,508.1930266737298,0.0,1270.1282533498265,Non-critical,Wear detectable
Bearing1_1,1847,2803,955,286.1929174703695,508.1930266737298,0.0,1282.2512497508799,Non-critical,Wear detectable
Bearing1_1,1848,2803,954,300.80150539102226,508.1930266737298,0.0,1296.8598376715327,Non-critical,Wear detectable
Bearing1_1,1849,2803,953,263.1349874628754,508.1930266737298,0.0,1259.193319743386,Non-critical,Wear detectable
Bearing1_1,1850,2803,952,287.81092762362175,508.1930266737298,0.0,1283.8692599041322,Non-critical,Wear detectable
Bearing1_1,1851,2803,951,265.56065816929384,508.1930266737298,0.0,1261.6189904498042,Non-critical,Wear detectable
Bearing1_1,1852,2803,950,263.82199882583836,508.1930266737298,0.0,1259.8803311063489,Non-critical,Wear detectable
Bearing1_1,1853,2803,949,272.10159058809245,508.1930266737298,0.0,1268.1599228686027,Non-critical,Wear detectable
Bearing1_1,1854,2803,948,275.77124952651366,508.1930266737298,0.0,1271.8295818070242,Non-critical,Wear detectable
Bearing1_1,1855,2803,947,267.4708528543657,508.1930266737298,0.0,1263.5291851348761,Non-critical,Wear detectable
Bearing1_1,1856,2803,946,277.4112268588464,508.1930266737298,0.0,1273.4695591393568,Non-critical,Wear detectable
Bearing1_1,1857,2803,945,294.03202380825826,508.1930266737298,0.0,1290.0903560887687,Non-critical,Wear detectable
Bearing1_1,1858,2803,944,267.37973223805375,508.1930266737298,0.0,1263.4380645185643,Non-critical,Wear detectable
Bearing1_1,1859,2803,943,245.10651395126263,508.1930266737298,0.0,1241.164846231773,Non-critical,Wear detectable
Bearing1_1,1860,2803,942,278.0741784883111,508.1930266737298,0.0,1274.1325107688215,Non-critical,Wear detectable
Bearing1_1,1861,2803,941,266.01556375199283,508.1930266737298,0.0,1262.0738960325032,Non-critical,Wear detectable
Bearing1_1,1862,2803,940,284.2889658111204,508.1930266737298,0.0,1280.3472980916308,Non-critical,Wear detectable
Bearing1_1,1863,2803,939,261.8463403100644,508.1930266737298,0.0,1257.9046725905748,Non-critical,Wear detectable
Bearing1_1,1864,2803,938,281.0295909663659,508.1930266737298,0.0,1277.0879232468762,Non-critical,Wear detectable
Bearing1_1,1865,2803,937,268.64034032390555,508.1930266737298,0.0,1264.698672604416,Non-critical,Wear detectable
Bearing1_1,1866,2803,936,276.48574397698906,508.1930266737298,0.0,1272.5440762574995,Non-critical,Wear detectable
Bearing1_1,1867,2803,935,291.58663220679614,508.1930266737298,0.0,1287.6449644873064,Non-critical,Wear detectable
Bearing1_1,1868,2803,934,268.5510925830871,508.1930266737298,0.0,1264.6094248635975,Non-critical,Wear detectable
Bearing1_1,1869,2803,933,250.14034598898792,508.1930266737298,0.0,1246.1986782694983,Non-critical,Wear detectable
Bearing1_1,1870,2803,932,266.8989857999584,508.1930266737298,0.0,1262.9573180804687,Non-critical,Wear detectable
Bearing1_1,1871,2803,931,269.1824985628132,508.1930266737298,0.0,1265.2408308433237,Non-critical,Wear detectable
Bearing1_1,1872,2803,930,269.19504459358836,508.1930266737298,0.0,1265.2533768740986,Non-critical,Wear detectable
Bearing1_1,1873,2803,929,245.33814716019634,508.1930266737298,0.0,1241.3964794407068,Non-critical,Wear detectable
Bearing1_1,1874,2803,928,248.14949228964207,508.1930266737298,0.0,1244.2078245701525,Non-critical,Wear detectable
Bearing1_1,1875,2803,927,278.723976320043,508.1930266737298,0.0,1274.7823086005533,Non-critical,Wear detectable
Bearing1_1,1876,2803,926,244.61286507645485,508.1930266737298,0.0,1240.6711973569652,Non-critical,Wear detectable
Bearing1_1,1877,2803,925,268.9386081017827,508.1930266737298,0.0,1264.9969403822931,Non-critical,Wear detectable
Bearing1_1,1878,2803,924,257.82436964561896,508.1930266737298,0.0,1253.8827019261294,Non-critical,Wear detectable
Bearing1_1,1879,2803,923,249.2937216984402,508.1930266737298,0.0,1245.3520539789506,Non-critical,Wear detectable
Bearing1_1,1880,2803,922,256.41858924689177,508.1930266737298,0.0,1252.4769215274023,Non-critical,Wear detectable
Bearing1_1,1881,2803,921,259.7398277681928,508.1930266737298,0.0,1255.7981600487033,Non-critical,Wear detectable
Bearing1_1,1882,2803,920,247.02589440853617,508.1930266737298,0.0,1243.0842266890465,Non-critical,Wear detectable
Bearing1_1,1883,2803,919,262.75873637577354,508.1930266737298,0.0,1258.817068656284,Non-critical,Wear detectable
Bearing1_1,1884,2803,918,259.98615189303047,508.1930266737298,0.0,1256.044484173541,Non-critical,Wear detectable
Bearing1_1,1885,2803,917,276.3423328771253,508.1930266737298,0.0,1272.4006651576356,Non-critical,Wear detectable
Bearing1_1,1886,2803,916,262.993580030732,508.1930266737298,0.0,1259.0519123112424,Non-critical,Wear detectable
Bearing1_1,1887,2803,915,266.3492329733337,508.1930266737298,0.0,1262.407565253844,Non-critical,Wear detectable
Bearing1_1,1888,2803,914,250.85809946025682,508.1930266737298,0.0,1246.9164317407672,Non-critical,Wear detectable
Bearing1_1,1889,2803,913,276.0150513654305,508.1930266737298,0.0,1272.0733836459408,Non-critical,Wear detectable
Bearing1_1,1890,2803,912,244.64967602067065,508.1930266737298,0.0,1240.708008301181,Non-critical,Wear detectable
Bearing1_1,1891,2803,911,252.62735433931692,508.1930266737298,0.0,1248.6856866198273,Non-critical,Wear detectable
Bearing1_1,1892,2803,910,241.44438245393232,508.1930266737298,0.0,1237.5027147344426,Non-critical,Wear detectable
Bearing1_1,1893,2803,909,253.7824498521984,508.1930266737298,0.0,1249.8407821327087,Non-critical,Wear detectable
Bearing1_1,1894,2803,908,239.50548030961335,508.1930266737298,0.0,1235.5638125901237,Non-critical,Wear detectable
Bearing1_1,1895,2803,907,245.68043322428252,508.1930266737298,0.0,1241.7387655047928,Non-critical,Wear detectable
Bearing1_1,1896,2803,906,259.21016673530244,508.1930266737298,0.0,1255.2684990158127,Non-critical,Wear detectable
Bearing1_1,1897,2803,905,261.00964518653643,508.1930266737298,0.0,1257.0679774670468,Non-critical,Wear detectable
Bearing1_1,1898,2803,904,270.3571797000594,508.1930266737298,0.0,1266.4155119805698,Non-critical,Wear detectable
Bearing1_1,1899,2803,903,237.41953343434693,508.1930266737298,0.0,1233.4778657148572,Non-critical,Wear detectable
Bearing1_1,1900,2803,902,212.80100360380897,508.1930266737298,0.0,1208.8593358843193,Non-critical,Wear detectable
Bearing1_1,1901,2803,901,230.4302057821069,508.1930266737298,0.0,1226.4885380626174,Non-critical,Wear detectable
Bearing1_1,1902,2803,900,233.69342387744922,508.1930266737298,0.0,1229.7517561579596,Non-critical,Wear detectable
Bearing1_1,1903,2803,899,246.9639866226126,508.1930266737298,0.0,1243.022318903123,Non-critical,Wear detectable
Bearing1_1,1904,2803,898,257.58403047849515,508.1930266737298,0.0,1253.6423627590057,Non-critical,Wear detectable
Bearing1_1,1905,2803,897,221.19286644315036,508.1930266737298,0.0,1217.2511987236608,Non-critical,Wear detectable
Bearing1_1,1906,2803,896,240.02765055952779,508.1930266737298,0.0,1236.0859828400382,Non-critical,Wear detectable
Bearing1_1,1907,2803,895,246.19011524479612,508.1930266737298,0.0,1242.2484475253066,Non-critical,Wear detectable
Bearing1_1,1908,2803,894,239.02048830599952,508.1930266737298,0.0,1235.07882058651,Non-critical,Wear detectable
Bearing1_1,1909,2803,893,255.0059329659347,508.1930266737298,0.0,1251.064265246445,Non-critical,Wear detectable
Bearing1_1,1910,2803,892,244.78535751540335,508.1930266737298,0.0,1240.8436897959136,Non-critical,Wear detectable
Bearing1_1,1911,2803,891,237.57103737703954,508.1930266737298,0.0,1233.62936965755,Non-critical,Wear detectable
Bearing1_1,1912,2803,890,255.2800760410509,508.1930266737298,0.0,1251.3384083215612,Non-critical,Wear detectable
Bearing1_1,1913,2803,889,241.80875664706596,508.1930266737298,0.0,1237.8670889275763,Non-critical,Wear detectable
Bearing1_1,1914,2803,888,232.07880060521128,508.1930266737298,0.0,1228.1371328857217,Non-critical,Wear detectable
Bearing1_1,1915,2803,887,241.60276767093822,508.1930266737298,0.0,1237.6610999514487,Non-critical,Wear detectable
Bearing1_1,1916,2803,886,235.97570902034815,508.1930266737298,0.0,1232.0340413008585,Non-critical,Wear detectable
Bearing1_1,1917,2803,885,227.56303333981845,508.1930266737298,0.0,1223.6213656203288,Non-critical,Wear detectable
Bearing1_1,1918,2803,884,228.46608602256737,508.1930266737298,0.0,1224.5244183030777,Non-critical,Wear detectable
Bearing1_1,1919,2803,883,222.7600928441664,508.1930266737298,0.0,1218.8184251246769,Non-critical,Wear detectable
Bearing1_1,1920,2803,882,238.22398598800632,508.1930266737298,0.0,1234.2823182685167,Non-critical,Wear detectable
Bearing1_1,1921,2803,881,238.0499042003181,508.1930266737298,0.0,1234.1082364808285,Non-critical,Wear detectable
Bearing1_1,1922,2803,880,248.21944774360372,508.1930266737298,0.0,1244.2777800241142,Non-critical,Wear detectable
Bearing1_1,1923,2803,879,193.98501207849262,508.1930266737298,0.0,1190.043344359003,Non-critical,Wear detectable
Bearing1_1,1924,2803,878,195.63166894379114,508.1930266737298,0.0,1191.6900012243016,Non-critical,Wear detectable
Bearing1_1,1925,2803,877,241.47191278913897,508.1930266737298,0.0,1237.5302450696495,Non-critical,Wear detectable
Bearing1_1,1926,2803,876,233.65222803301322,508.1930266737298,0.0,1229.7105603135237,Non-critical,Wear detectable
Bearing1_1,1927,2803,875,220.62429530877435,508.1930266737298,0.0,1216.6826275892847,Non-critical,Wear detectable
Bearing1_1,1928,2803,874,234.5346000862793,508.1930266737298,0.0,1230.5929323667897,Non-critical,Wear detectable
Bearing1_1,1929,2803,873,231.73618176436798,508.1930266737298,0.0,1227.7945140448783,Non-critical,Wear detectable
Bearing1_1,1930,2803,872,228.62464679267669,508.1930266737298,0.0,1224.6829790731872,Non-critical,Wear detectable
Bearing1_1,1931,2803,871,225.24737197123062,508.1930266737298,0.0,1221.305704251741,Non-critical,Wear detectable
Bearing1_1,1932,2803,870,209.40762445552537,508.1930266737298,0.0,1205.4659567360359,Non-critical,Wear detectable
Bearing1_1,1933,2803,869,206.69581295390472,508.1930266737298,0.0,1202.754145234415,Non-critical,Wear detectable
Bearing1_1,1934,2803,868,232.63258637657768,508.1930266737298,0.0,1228.690918657088,Non-critical,Wear detectable
Bearing1_1,1935,2803,867,234.15386728945094,508.1930266737298,0.0,1230.2121995699613,Non-critical,Wear detectable
Bearing1_1,1936,2803,866,240.02715521405614,508.1930266737298,0.0,1236.0854874945665,Non-critical,Wear detectable
Bearing1_1,1937,2803,865,202.51068756499456,508.1930266737298,0.0,1198.569019845505,Non-critical,Wear detectable
Bearing1_1,1938,2803,864,223.91308067366313,508.1930266737298,0.0,1219.9714129541735,Non-critical,Wear detectable
Bearing1_1,1939,2803,863,225.23708105021456,508.1930266737298,0.0,1221.2954133307248,Non-critical,Wear detectable
Bearing1_1,1940,2803,862,214.40558074438474,508.1930266737298,0.0,1210.4639130248952,Non-critical,Wear detectable
Bearing1_1,1941,2803,861,194.91020947273913,508.1930266737298,0.0,1190.9685417532496,Non-critical,Wear detectable
Bearing1_1,1942,2803,860,209.6557630856563,508.1930266737298,0.0,1205.7140953661667,Non-critical,Wear detectable
Bearing1_1,1943,2803,859,210.9111654363392,508.1930266737298,0.0,1206.9694977168497,Non-critical,Wear detectable
Bearing1_1,1944,2803,858,216.84163981489667,508.1930266737298,0.0,1212.899972095407,Non-critical,Wear detectable
Bearing1_1,1945,2803,857,221.5222620490725,508.1930266737298,0.0,1217.580594329583,Non-critical,Wear detectable
Bearing1_1,1946,2803,856,228.06051245760415,508.1930266737298,0.0,1224.1188447381146,Non-critical,Wear detectable
Bearing1_1,1947,2803,855,218.53789588721506,508.1930266737298,0.0,1214.5962281677255,Non-critical,Wear detectable
Bearing1_1,1948,2803,854,217.8318829536992,508.1930266737298,0.0,1213.8902152342096,Non-critical,Wear detectable
Bearing1_1,1949,2803,853,232.82081244218182,508.1930266737298,0.0,1228.8791447226922,Non-critical,Wear detectable
Bearing1_1,1950,2803,852,210.56421425276832,508.1930266737298,0.0,1206.6225465332786,Non-critical,Wear detectable
Bearing1_1,1951,2803,851,212.98603437145644,508.1930266737298,0.0,1209.0443666519668,Non-critical,Wear detectable
Bearing1_1,1952,2803,850,222.3325200132508,508.1930266737298,0.0,1218.390852293761,Non-critical,Wear detectable
Bearing1_1,1953,2803,849,203.07589455827187,508.1930266737298,0.0,1199.1342268387823,Non-critical,Wear detectable
Bearing1_1,1954,2803,848,206.37205851286993,508.1930266737298,0.0,1202.4303907933804,Non-critical,Wear detectable
Bearing1_1,1955,2803,847,235.79419450969965,508.1930266737298,0.0,1231.85252679021,Non-critical,Wear detectable
Bearing1_1,1956,2803,846,213.7317383343765,508.1930266737298,0.0,1209.7900706148869,Non-critical,Wear detectable
Bearing1_1,1957,2803,845,228.48612728213038,508.1930266737298,0.0,1224.544459562641,Non-critical,Wear detectable
Bearing1_1,1958,2803,844,203.46657193813817,508.1930266737298,0.0,1199.5249042186485,Non-critical,Wear detectable
Bearing1_1,1959,2803,843,225.95639952200062,508.1930266737298,0.0,1222.014731802511,Non-critical,Wear detectable
Bearing1_1,1960,2803,842,237.67738415852068,508.1930266737298,0.0,1233.735716439031,Non-critical,Wear detectable
Bearing1_1,1961,2803,841,212.82704184895692,508.1930266737298,0.0,1208.8853741294674,Non-critical,Wear detectable
Bearing1_1,1962,2803,840,232.29690220970497,508.1930266737298,0.0,1228.3552344902155,Non-critical,Wear detectable
Bearing1_1,1963,2803,839,222.40638349096648,508.1930266737298,0.0,1218.464715771477,Non-critical,Wear detectable
Bearing1_1,1964,2803,838,204.73629299998927,508.1930266737298,0.0,1200.7946252804998,Non-critical,Wear detectable
Bearing1_1,1965,2803,837,228.46040784010125,508.1930266737298,0.0,1224.5187401206117,Non-critical,Wear detectable
Bearing1_1,1966,2803,836,200.5663771681447,508.1930266737298,0.0,1196.624709448655,Non-critical,Wear detectable
Bearing1_1,1967,2803,835,206.56981041466156,508.1930266737298,0.0,1202.6281426951718,Non-critical,Wear detectable
Bearing1_1,1968,2803,834,210.7662120808085,508.1930266737298,0.0,1206.8245443613189,Non-critical,Wear detectable
Bearing1_1,1969,2803,833,208.72919592285336,508.1930266737298,0.0,1204.7875282033638,Non-critical,Wear detectable
Bearing1_1,1970,2803,832,209.75312664464246,508.1930266737298,0.0,1205.811458925153,Non-critical,Wear detectable
Bearing1_1,1971,2803,831,199.1903335510871,508.1930266737298,0.0,1195.2486658315975,Non-critical,Wear detectable
Bearing1_1,1972,2803,830,207.92149328993122,508.1930266737298,0.0,1203.9798255704416,Non-critical,Wear detectable
Bearing1_1,1973,2803,829,211.30884735821542,508.1930266737298,0.0,1207.3671796387257,Non-critical,Wear detectable
Bearing1_1,1974,2803,828,224.75670866380213,508.1930266737298,0.0,1220.8150409443126,Non-critical,Wear detectable
Bearing1_1,1975,2803,827,215.1977624138012,508.1930266737298,0.0,1211.2560946943115,Non-critical,Wear detectable
Bearing1_1,1976,2803,826,205.29858832791044,508.1930266737298,0.0,1201.3569206084208,Non-critical,Wear detectable
Bearing1_1,1977,2803,825,213.25310754766357,508.1930266737298,0.0,1209.311439828174,Non-critical,Wear detectable
Bearing1_1,1978,2803,824,218.1347791710793,508.1930266737298,0.0,1214.1931114515896,Non-critical,Wear detectable
Bearing1_1,1979,2803,823,228.05851143606134,508.1930266737298,0.0,1224.1168437165718,Non-critical,Wear detectable
Bearing1_1,1980,2803,822,211.31341459299676,508.1930266737298,0.0,1207.3717468735072,Non-critical,Wear detectable
Bearing1_1,1981,2803,821,204.23457821332744,508.1930266737298,0.0,1200.2929104938378,Non-critical,Wear detectable
Bearing1_1,1982,2803,820,208.5480169758317,508.1930266737298,0.0,1204.6063492563421,Non-critical,Wear detectable
Bearing1_1,1983,2803,819,202.49807212912708,508.1930266737298,0.0,1198.5564044096375,Non-critical,Wear detectable
Bearing1_1,1984,2803,818,181.77750541554303,508.1930266737298,0.0,1177.8358376960534,Non-critical,Wear detectable
Bearing1_1,1985,2803,817,215.02122542436558,508.1930266737298,0.0,1211.079557704876,Non-critical,Wear detectable
Bearing1_1,1986,2803,816,229.5764346695546,508.1930266737298,0.0,1225.634766950065,Non-critical,Wear detectable
Bearing1_1,1987,2803,815,194.10137687099393,508.1930266737298,0.0,1190.1597091515043,Non-critical,Wear detectable
Bearing1_1,1988,2803,814,215.42386878997127,508.1930266737298,0.0,1211.4822010704816,Non-critical,Wear detectable
Bearing1_1,1989,2803,813,199.43449021844066,508.1930266737298,0.0,1195.492822498951,Non-critical,Wear detectable
Bearing1_1,1990,2803,812,194.75126682965634,508.1930266737298,0.0,1190.8095991101668,Non-critical,Wear detectable
Bearing1_1,1991,2803,811,195.53065155366605,508.1930266737298,0.0,1191.5889838341764,Non-critical,Wear detectable
Bearing1_1,1992,2803,810,201.8425143619291,508.1930266737298,0.0,1197.9008466424395,Non-critical,Wear detectable
Bearing1_1,1993,2803,809,194.479140957665,508.1930266737298,0.0,1190.5374732381754,Non-critical,Wear detectable
Bearing1_1,1994,2803,808,196.82479149797535,508.1930266737298,0.0,1192.8831237784857,Non-critical,Wear detectable
Bearing1_1,1995,2803,807,193.55426346445392,508.1930266737298,0.0,1189.6125957449644,Non-critical,Wear detectable
Bearing1_1,1996,2803,806,194.1428962924824,508.1930266737298,0.0,1190.2012285729927,Non-critical,Wear detectable
Bearing1_1,1997,2803,805,201.51507790538676,508.1930266737298,0.0,1197.573410185897,Non-critical,Wear detectable
Bearing1_1,1998,2803,804,216.9418554188524,508.1930266737298,0.0,1213.0001876993629,Non-critical,Wear detectable
Bearing1_1,1999,2803,803,206.31176216850457,508.1930266737298,0.0,1202.370094449015,Non-critical,Wear detectable
Bearing1_1,2000,2803,802,188.71610766178057,508.1930266737298,0.0,1184.7744399422909,Non-critical,Wear detectable
Bearing1_1,2001,2803,801,185.61935057622804,508.1930266737298,0.0,1181.6776828567386,Non-critical,Wear detectable
Bearing1_1,2002,2803,800,200.57357375554326,508.1930266737298,0.0,1196.6319060360536,Non-critical,Wear detectable
Bearing1_1,2003,2803,799,188.87750763542635,508.1930266737298,0.0,1184.9358399159369,Non-critical,Wear detectable
Bearing1_1,2004,2803,798,223.0711393413249,508.1930266737298,0.0,1219.1294716218354,Non-critical,Wear detectable
Bearing1_1,2005,2803,797,191.58025498024878,508.1930266737298,0.0,1187.638587260759,Non-critical,Wear detectable
Bearing1_1,2006,2803,796,211.78572344081834,508.1930266737298,0.0,1207.8440557213287,Non-critical,Wear detectable
Bearing1_1,2007,2803,795,175.53336672910567,508.1930266737298,0.0,1171.5916990096161,Non-critical,Wear detectable
Bearing1_1,2008,2803,794,191.92194266809398,508.1930266737298,0.0,1187.9802749486043,Non-critical,Wear detectable
Bearing1_1,2009,2803,793,198.38946533098775,508.1930266737298,0.0,1194.4477976114981,Non-critical,Wear detectable
Bearing1_1,2010,2803,792,204.34551830019134,508.1930266737298,0.0,1200.4038505807018,Non-critical,Wear detectable
Bearing1_1,2011,2803,791,190.83708420860964,508.1930266737298,0.0,1186.89541648912,Non-critical,Wear detectable
Bearing1_1,2012,2803,790,186.13895564886437,508.1930266737298,0.0,1182.1972879293749,Non-critical,Wear detectable
Bearing1_1,2013,2803,789,195.8736586941713,508.1930266737298,0.0,1191.9319909746816,Non-critical,Wear detectable
Bearing1_1,2014,2803,788,200.49846460268625,508.1930266737298,0.0,1196.5567968831967,Non-critical,Wear detectable
Bearing1_1,2015,2803,787,204.2068108214389,508.1930266737298,0.0,1200.2651431019492,Non-critical,Wear detectable
Bearing1_1,2016,2803,786,210.95200149619242,508.1930266737298,0.0,1207.0103337767027,Non-critical,Wear detectable
Bearing1_1,2017,2803,785,200.93082467740265,508.1930266737298,0.0,1196.989156957913,Non-critical,Wear detectable
Bearing1_1,2018,2803,784,188.28768886211222,508.1930266737298,0.0,1184.3460211426227,Non-critical,Wear detectable
Bearing1_1,2019,2803,783,207.57813270851162,508.1930266737298,0.0,1203.636464989022,Non-critical,Wear detectable
Bearing1_1,2020,2803,782,195.03998858765235,508.1930266737298,0.0,1191.0983208681628,Non-critical,Wear detectable
Bearing1_1,2021,2803,781,193.94225430927918,508.1930266737298,0.0,1190.0005865897897,Non-critical,Wear detectable
Bearing1_1,2022,2803,780,185.00471829701667,508.1930266737298,0.0,1181.063050577527,Non-critical,Wear detectable
Bearing1_1,2023,2803,779,195.966220491646,508.1930266737298,0.0,1192.0245527721563,Non-critical,Wear detectable
Bearing1_1,2024,2803,778,179.23856845181973,508.1930266737298,0.0,1175.2969007323302,Non-critical,Wear detectable
Bearing1_1,2025,2803,777,189.263130948801,508.1930266737298,0.0,1185.3214632293113,Non-critical,Wear detectable
Bearing1_1,2026,2803,776,198.06754608034137,508.1930266737298,0.0,1194.1258783608519,Non-critical,Wear detectable
Bearing1_1,2027,2803,775,190.08421320454192,508.1930266737298,0.0,1186.1425454850523,Non-critical,Wear detectable
Bearing1_1,2028,2803,774,204.8428835816937,508.1930266737298,0.0,1200.901215862204,Non-critical,Wear detectable
Bearing1_1,2029,2803,773,184.95685622327596,508.1930266737298,0.0,1181.0151885037862,Non-critical,Wear detectable
Bearing1_1,2030,2803,772,213.72971633843085,508.1930266737298,0.0,1209.7880486189413,Non-critical,Wear detectable
Bearing1_1,2031,2803,771,188.00748019087143,508.1930266737298,0.0,1184.0658124713818,Non-critical,Wear detectable
Bearing1_1,2032,2803,770,188.88224787954272,508.1930266737298,0.0,1184.940580160053,Non-critical,Wear detectable
Bearing1_1,2033,2803,769,181.19685165599165,508.1930266737298,0.0,1177.2551839365021,Non-critical,Wear detectable
Bearing1_1,2034,2803,768,190.89235369116048,508.1930266737298,0.0,1186.950685971671,Non-critical,Wear detectable
Bearing1_1,2035,2803,767,204.06378314829894,508.1930266737298,0.0,1200.1221154288094,Non-critical,Wear detectable
Bearing1_1,2036,2803,766,185.99951011674088,508.1930266737298,0.0,1182.0578423972513,Non-critical,Wear detectable
Bearing1_1,2037,2803,765,190.7327219491903,508.1930266737298,0.0,1186.7910542297006,Non-critical,Wear detectable
Bearing1_1,2038,2803,764,201.6104742899822,508.1930266737298,0.0,1197.6688065704925,Non-critical,Wear detectable
Bearing1_1,2039,2803,763,178.4565780434476,508.1930266737298,0.0,1174.514910323958,Non-critical,Wear detectable
Bearing1_1,2040,2803,762,189.16829075842043,508.1930266737298,0.0,1185.226623038931,Non-critical,Wear detectable
Bearing1_1,2041,2803,761,178.64075283336038,508.1930266737298,0.0,1174.6990851138708,Non-critical,Wear detectable
Bearing1_1,2042,2803,760,189.17550025874894,508.1930266737298,0.0,1185.2338325392593,Non-critical,Wear detectable
Bearing1_1,2043,2803,759,175.34276074702123,508.1930266737298,0.0,1171.4010930275317,Non-critical,Wear detectable
Bearing1_1,2044,2803,758,192.0295721057042,508.1930266737298,0.0,1188.0879043862146,Non-critical,Wear detectable
Bearing1_1,2045,2803,757,191.275404186353,508.1930266737298,0.0,1187.3337364668635,Non-critical,Wear detectable
Bearing1_1,2046,2803,756,195.32185580391976,508.1930266737298,0.0,1191.38018808443,Non-critical,Wear detectable
Bearing1_1,2047,2803,755,187.91182413983438,508.1930266737298,0.0,1183.9701564203447,Non-critical,Wear detectable
Bearing1_1,2048,2803,754,190.5044533169779,508.1930266737298,0.0,1186.5627855974883,Non-critical,Wear detectable
Bearing1_1,2049,2803,753,199.18170091972962,508.1930266737298,0.0,1195.24003320024,Non-critical,Wear detectable
Bearing1_1,2050,2803,752,174.96358336562244,508.1930266737298,0.0,1171.0219156461328,Non-critical,Wear detectable
Bearing1_1,2051,2803,751,168.54479148445415,508.1930266737298,0.0,1164.6031237649645,Non-critical,Wear detectable
Bearing1_1,2052,2803,750,191.42102598256977,508.1930266737298,0.0,1187.4793582630803,Non-critical,Wear detectable
Bearing1_1,2053,2803,749,189.4245225748605,508.1930266737298,0.0,1185.482854855371,Non-critical,Wear detectable
Bearing1_1,2054,2803,748,164.2939197016929,508.1930266737298,0.0,1160.3522519822034,Non-critical,Wear detectable
Bearing1_1,2055,2803,747,185.17967186203393,508.1930266737298,0.0,1181.2380041425442,Non-critical,Wear detectable
Bearing1_1,2056,2803,746,154.73110947823682,508.1930266737298,0.0,1150.7894417587472,Non-critical,Wear detectable
Bearing1_1,2057,2803,745,185.64433691585091,508.1930266737298,0.0,1181.7026691963613,Non-critical,Wear detectable
Bearing1_1,2058,2803,744,183.6184797343749,508.1930266737298,0.0,1179.6768120148854,Non-critical,Wear detectable
Bearing1_1,2059,2803,743,167.26457202343835,508.1930266737298,0.0,1163.3229043039487,Non-critical,Wear detectable
Bearing1_1,2060,2803,742,192.65398402282432,508.1930266737298,0.0,1188.7123163033348,Non-critical,Wear detectable
Bearing1_1,2061,2803,741,176.82196495680472,508.1930266737298,0.0,1172.880297237315,Non-critical,Wear detectable
Bearing1_1,2062,2803,740,193.0325381041008,508.1930266737298,0.0,1189.0908703846112,Non-critical,Wear detectable
Bearing1_1,2063,2803,739,191.7253800476179,508.1930266737298,0.0,1187.7837123281283,Non-critical,Wear detectable
Bearing1_1,2064,2803,738,183.30663535623398,508.1930266737298,0.0,1179.3649676367445,Non-critical,Wear detectable
Bearing1_1,2065,2803,737,169.99690982102294,508.1930266737298,0.0,1166.0552421015334,Non-critical,Wear detectable
Bearing1_1,2066,2803,736,196.9189593000849,508.1930266737298,0.0,1192.9772915805952,Non-critical,Wear detectable
Bearing1_1,2067,2803,735,180.93341501395633,508.1930266737298,0.0,1176.9917472944667,Non-critical,Wear detectable
Bearing1_1,2068,2803,734,174.77517007037488,508.1930266737298,0.0,1170.8335023508853,Non-critical,Wear detectable
Bearing1_1,2069,2803,733,178.35586027566683,508.1930266737298,0.0,1174.414192556177,Non-critical,Wear detectable
Bearing1_1,2070,2803,732,186.62910349500035,508.1930266737298,0.0,1182.6874357755107,Non-critical,Wear detectable
Bearing1_1,2071,2803,731,190.56212991355181,508.1930266737298,0.0,1186.6204621940622,Non-critical,Wear detectable
Bearing1_1,2072,2803,730,179.7212678381788,508.1930266737298,0.0,1175.7796001186891,Non-critical,Wear detectable
Bearing1_1,2073,2803,729,180.2056076503499,508.1930266737298,0.0,1176.2639399308603,Non-critical,Wear detectable
Bearing1_1,2074,2803,728,197.89638183867908,508.1930266737298,0.0,1193.9547141191895,Non-critical,Wear detectable
Bearing1_1,2075,2803,727,177.26949741717738,508.1930266737298,0.0,1173.3278296976878,Non-critical,Wear detectable
Bearing1_1,2076,2803,726,169.7402498186925,508.1930266737298,0.0,1165.7985820992028,Non-critical,Wear detectable
Bearing1_1,2077,2803,725,168.88022243435347,508.1930266737298,0.0,1164.9385547148638,Non-critical,Wear detectable
Bearing1_1,2078,2803,724,166.70220632409948,508.1930266737298,0.0,1162.7605386046098,Non-critical,Wear detectable
Bearing1_1,2079,2803,723,178.8299227447669,508.1930266737298,0.0,1174.8882550252772,Non-critical,Wear detectable
Bearing1_1,2080,2803,722,185.1511200809837,508.1930266737298,0.0,1181.2094523614942,Non-critical,Wear detectable
Bearing1_1,2081,2803,721,185.26815586192964,508.1930266737298,0.0,1181.32648814244,Non-critical,Wear detectable
Bearing1_1,2082,2803,720,186.50506625655336,508.1930266737298,0.0,1182.5633985370637,Non-critical,Wear detectable
Bearing1_1,2083,2803,719,186.8024674125903,508.1930266737298,0.0,1182.8607996931007,Non-critical,Wear detectable
Bearing1_1,2084,2803,718,168.1075010746276,508.1930266737298,0.0,1164.165833355138,Non-critical,Wear detectable
Bearing1_1,2085,2803,717,180.38686137939072,508.1930266737298,0.0,1176.4451936599012,Non-critical,Wear detectable
Bearing1_1,2086,2803,716,195.06889593823553,508.1930266737298,0.0,1191.127228218746,Non-critical,Wear detectable
Bearing1_1,2087,2803,715,183.99796598318625,508.1930266737298,0.0,1180.0562982636966,Non-critical,Wear detectable
Bearing1_1,2088,2803,714,190.4769874359744,508.1930266737298,0.0,1186.5353197164848,Non-critical,Wear detectable
Bearing1_1,2089,2803,713,182.71053979287376,508.1930266737298,0.0,1178.768872073384,Non-critical,Wear detectable
Bearing1_1,2090,2803,712,154.55043073006874,508.1930266737298,0.0,1150.6087630105792,Non-critical,Wear detectable
Bearing1_1,2091,2803,711,188.99685337306664,508.1930266737298,0.0,1185.0551856535772,Non-critical,Wear detectable
Bearing1_1,2092,2803,710,170.89370947092291,508.1930266737298,0.0,1166.9520417514334,Non-critical,Wear detectable
Bearing1_1,2093,2803,709,169.3641649304808,508.1930266737298,0.0,1165.4224972109912,Non-critical,Wear detectable
Bearing1_1,2094,2803,708,163.2319275149513,508.1930266737298,0.0,1159.2902597954617,Non-critical,Wear detectable
Bearing1_1,2095,2803,707,166.54576992220564,508.1930266737298,0.0,1162.6041022027161,Non-critical,Wear detectable
Bearing1_1,2096,2803,706,160.44472537850362,508.1930266737298,0.0,1156.503057659014,Non-critical,Wear detectable
Bearing1_1,2097,2803,705,175.80145105084856,508.1930266737298,0.0,1171.859783331359,Non-critical,Wear detectable
Bearing1_1,2098,2803,704,175.80849557421092,508.1930266737298,0.0,1171.8668278547214,Non-critical,Wear detectable
Bearing1_1,2099,2803,703,178.48249463360688,508.1930266737298,0.0,1174.5408269141174,Non-critical,Wear detectable
Bearing1_1,2100,2803,702,163.4980653084885,508.1930266737298,0.0,1159.5563975889988,Non-critical,Wear detectable
Bearing1_1,2101,2803,701,161.17721559591368,508.1930266737298,0.0,1157.235547876424,Non-critical,Wear detectable
Bearing1_1,2102,2803,700,164.73048574356721,508.1930266737298,0.0,1160.7888180240775,Non-critical,Wear detectable
Bearing1_1,2103,2803,699,156.96335138813237,508.1930266737298,0.0,1153.0216836686427,Non-critical,Wear detectable
Bearing1_1,2104,2803,698,165.85516403089284,508.1930266737298,0.0,1161.9134963114032,Non-critical,Wear detectable
Bearing1_1,2105,2803,697,190.08554148323358,508.1930266737298,0.0,1186.143873763744,Non-critical,Wear detectable
Bearing1_1,2106,2803,696,170.62794521326782,508.1930266737298,0.0,1166.686277493778,Non-critical,Wear detectable
Bearing1_1,2107,2803,695,168.81852915447988,508.1930266737298,0.0,1164.8768614349904,Non-critical,Wear detectable
Bearing1_1,2108,2803,694,173.88911114096518,508.1930266737298,0.0,1169.9474434214756,Non-critical,Wear detectable
Bearing1_1,2109,2803,693,153.86685900717492,508.1930266737298,0.0,1149.9251912876853,Non-critical,Wear detectable
Bearing1_1,2110,2803,692,171.77126837927852,508.1930266737298,0.0,1167.8296006597889,Non-critical,Wear detectable
Bearing1_1,2111,2803,691,169.17430380366858,508.1930266737298,0.0,1165.232636084179,Non-critical,Wear detectable
Bearing1_1,2112,2803,690,163.7421043131985,508.1930266737298,0.0,1159.8004365937088,Non-critical,Wear detectable
Bearing1_1,2113,2803,689,172.08929688330207,508.1930266737298,0.0,1168.1476291638126,Non-critical,Wear detectable
Bearing1_1,2114,2803,688,158.98080253355425,508.1930266737298,0.0,1155.0391348140647,Non-critical,Wear detectable
Bearing1_1,2115,2803,687,166.9964613941865,508.1930266737298,0.0,1163.0547936746968,Non-critical,Wear detectable
Bearing1_1,2116,2803,686,166.8082697226074,508.1930266737298,0.0,1162.8666020031178,Non-critical,Wear detectable
Bearing1_1,2117,2803,685,163.4683655998017,508.1930266737298,0.0,1159.526697880312,Non-critical,Wear detectable
Bearing1_1,2118,2803,684,172.12378771008528,508.1930266737298,0.0,1168.1821199905958,Non-critical,Wear detectable
Bearing1_1,2119,2803,683,158.26170684049183,508.1930266737298,0.0,1154.3200391210023,Non-critical,Wear detectable
Bearing1_1,2120,2803,682,191.23649598902372,508.1930266737298,0.0,1187.294828269534,Non-critical,Wear detectable
Bearing1_1,2121,2803,681,165.48368709980357,508.1930266737298,0.0,1161.542019380314,Non-critical,Wear detectable
Bearing1_1,2122,2803,680,166.2087791968015,508.1930266737298,0.0,1162.2671114773118,Non-critical,Wear detectable
Bearing1_1,2123,2803,679,184.7934362108431,508.1930266737298,0.0,1180.8517684913536,Non-critical,Wear detectable
Bearing1_1,2124,2803,678,170.91055940673883,508.1930266737298,0.0,1166.9688916872492,Non-critical,Wear detectable
Bearing1_1,2125,2803,677,184.4605750269875,508.1930266737298,0.0,1180.518907307498,Non-critical,Wear detectable
Bearing1_1,2126,2803,676,166.15443768621276,508.1930266737298,0.0,1162.212769966723,Non-critical,Wear detectable
Bearing1_1,2127,2803,675,175.79481216323055,508.1930266737298,0.0,1171.853144443741,Non-critical,Wear detectable
Bearing1_1,2128,2803,674,181.72349372171743,508.1930266737298,0.0,1177.7818260022277,Non-critical,Wear detectable
Bearing1_1,2129,2803,673,166.11113622360185,508.1930266737298,0.0,1162.1694685041123,Non-critical,Wear detectable
Bearing1_1,2130,2803,672,170.19441355792483,508.1930266737298,0.0,1166.2527458384352,Non-critical,Wear detectable
Bearing1_1,2131,2803,671,165.29638270771576,508.1930266737298,0.0,1161.354714988226,Non-critical,Wear detectable
Bearing1_1,2132,2803,670,166.0050874512328,508.1930266737298,0.0,1162.0634197317431,Non-critical,Wear detectable
Bearing1_1,2133,2803,669,167.31527110007718,508.1930266737298,0.0,1163.3736033805876,Non-critical,Wear detectable
Bearing1_1,2134,2803,668,163.16315630578046,508.1930266737298,0.0,1159.221488586291,Non-critical,Wear detectable
Bearing1_1,2135,2803,667,173.48106464904853,508.1930266737298,0.0,1169.539396929559,Non-critical,Wear detectable
Bearing1_1,2136,2803,666,192.62613447386872,508.1930266737298,0.0,1188.6844667543792,Non-critical,Wear detectable
Bearing1_1,2137,2803,665,163.25489853772177,508.1930266737298,0.0,1159.3132308182321,Non-critical,Wear detectable
Bearing1_1,2138,2803,664,175.60294825376883,508.1930266737298,0.0,1171.6612805342793,Non-critical,Wear detectable
Bearing1_1,2139,2803,663,156.55927117122087,508.1930266737298,0.0,1152.6176034517312,Non-critical,Wear detectable
Bearing1_1,2140,2803,662,174.39408297889838,508.1930266737298,0.0,1170.4524152594088,Non-critical,Wear detectable
Bearing1_1,2141,2803,661,189.0130998432912,508.1930266737298,0.0,1185.0714321238015,Non-critical,Wear detectable
Bearing1_1,2142,2803,660,180.10304976993885,508.1930266737298,0.0,1176.1613820504492,Non-critical,Wear detectable
Bearing1_1,2143,2803,659,160.75757181455754,508.1930266737298,0.0,1156.815904095068,Non-critical,Wear detectable
Bearing1_1,2144,2803,658,155.16601935664994,508.1930266737298,0.0,1151.2243516371605,Non-critical,Wear detectable
Bearing1_1,2145,2803,657,153.53982357960504,508.1930266737298,0.0,1149.5981558601154,Non-critical,Wear detectable
Bearing1_1,2146,2803,656,177.39277013895725,508.1930266737298,0.0,1173.4511024194676,Non-critical,Wear detectable
Bearing1_1,2147,2803,655,177.13757417548325,508.1930266737298,0.0,1173.1959064559937,Non-critical,Wear detectable
Bearing1_1,2148,2803,654,182.7938546331458,508.1930266737298,0.0,1178.8521869136562,Non-critical,Wear detectable
Bearing1_1,2149,2803,653,158.3201605032823,508.1930266737298,0.0,1154.3784927837928,Non-critical,Wear detectable
Bearing1_1,2150,2803,652,166.46922504470575,508.1930266737298,0.0,1162.527557325216,Non-critical,Wear detectable
Bearing1_1,2151,2803,651,169.80401916901604,508.1930266737298,0.0,1165.8623514495264,Non-critical,Wear detectable
Bearing1_1,2152,2803,650,172.24148870435783,508.1930266737298,0.0,1168.2998209848683,Non-critical,Wear detectable
Bearing1_1,2153,2803,649,171.6484220510872,508.1930266737298,0.0,1167.7067543315975,Non-critical,Wear detectable
Bearing1_1,2154,2803,648,170.72946899792964,508.1930266737298,0.0,1166.78780127844,Non-critical,Wear detectable
Bearing1_1,2155,2803,647,159.8872128273523,508.1930266737298,0.0,1155.9455451078627,Non-critical,Wear detectable
Bearing1_1,2156,2803,646,166.0532817741247,508.1930266737298,0.0,1162.111614054635,Non-critical,Wear detectable
Bearing1_1,2157,2803,645,174.17531176219285,508.1930266737298,0.0,1170.2336440427032,Non-critical,Wear detectable
Bearing1_1,2158,2803,644,164.32683792709025,508.1930266737298,0.0,1160.3851702076006,Non-critical,Wear detectable
Bearing1_1,2159,2803,643,169.64884008433808,508.1930266737298,0.0,1165.7071723648485,Non-critical,Wear detectable
Bearing1_1,2160,2803,642,165.35991475825227,508.1930266737298,0.0,1161.4182470387627,Non-critical,Wear detectable
Bearing1_1,2161,2803,641,182.38911190609724,508.1930266737298,0.0,1178.4474441866078,Non-critical,Wear detectable
Bearing1_1,2162,2803,640,170.623022276295,508.1930266737298,0.0,1166.6813545568054,Non-critical,Wear detectable
Bearing1_1,2163,2803,639,169.61449393946137,508.1930266737298,0.0,1165.6728262199717,Non-critical,Wear detectable
Bearing1_1,2164,2803,638,164.10683783694807,508.1930266737298,0.0,1160.1651701174585,Non-critical,Wear detectable
Bearing1_1,2165,2803,637,170.14683570152226,508.1930266737298,0.0,1166.2051679820327,Non-critical,Wear detectable
Bearing1_1,2166,2803,636,164.19244017046518,508.1930266737298,0.0,1160.2507724509755,Non-critical,Wear detectable
Bearing1_1,2167,2803,635,178.16225136376727,508.1930266737298,0.0,1174.2205836442777,Non-critical,Wear detectable
Bearing1_1,2168,2803,634,171.63223825937843,508.1930266737298,0.0,1167.6905705398888,Non-critical,Wear detectable
Bearing1_1,2169,2803,633,148.43797496828017,508.1930266737298,0.0,1144.4963072487906,Non-critical,Wear detectable
Bearing1_1,2170,2803,632,165.97231418680923,508.1930266737298,0.0,1162.0306464673197,Non-critical,Wear detectable
Bearing1_1,2171,2803,631,157.62876864603388,508.1930266737298,0.0,1153.6871009265442,Non-critical,Wear detectable
Bearing1_1,2172,2803,630,154.74528415301887,508.1930266737298,0.0,1150.8036164335292,Non-critical,Wear detectable
Bearing1_1,2173,2803,629,163.5277693160523,508.1930266737298,0.0,1159.5861015965627,Non-critical,Wear detectable
Bearing1_1,2174,2803,628,156.15738327819048,508.1930266737298,0.0,1152.2157155587008,Non-critical,Wear detectable
Bearing1_1,2175,2803,627,158.5671809353929,508.1930266737298,0.0,1154.6255132159033,Non-critical,Wear detectable
Bearing1_1,2176,2803,626,147.7708706829508,508.1930266737298,0.0,1143.8292029634613,Non-critical,Wear detectable
Bearing1_1,2177,2803,625,175.04280292127663,508.1930266737298,0.0,1171.101135201787,Non-critical,Wear detectable
Bearing1_1,2178,2803,624,168.88505184180747,508.1930266737298,0.0,1164.9433841223179,Non-critical,Wear detectable
Bearing1_1,2179,2803,623,170.79969389191666,508.1930266737298,0.0,1166.8580261724271,Non-critical,Wear detectable
Bearing1_1,2180,2803,622,163.36325268644904,508.1930266737298,0.0,1159.4215849669595,Non-critical,Wear detectable
Bearing1_1,2181,2803,621,149.1793993980391,508.1930266737298,0.0,1145.2377316785496,Non-critical,Wear detectable
Bearing1_1,2182,2803,620,147.48389555949493,508.1930266737298,0.0,1143.5422278400054,Non-critical,Wear detectable
Bearing1_1,2183,2803,619,171.41662981326962,508.1930266737298,0.0,1167.47496209378,Non-critical,Wear detectable
Bearing1_1,2184,2803,618,166.02702842504308,508.1930266737298,0.0,1162.0853607055535,Non-critical,Wear detectable
Bearing1_1,2185,2803,617,157.30248479884972,508.1930266737298,0.0,1153.36081707936,Non-critical,Wear detectable
Bearing1_1,2186,2803,616,164.34938557912943,508.1930266737298,0.0,1160.40771785964,Non-critical,Wear detectable
Bearing1_1,2187,2803,615,177.96744452253313,508.1930266737298,0.0,1174.0257768030435,Non-critical,Wear detectable
Bearing1_1,2188,2803,614,164.37855114572187,508.1930266737298,0.0,1160.4368834262323,Non-critical,Wear detectable
Bearing1_1,2189,2803,613,146.7581194271133,508.1930266737298,0.0,1142.8164517076236,Non-critical,Wear detectable
Bearing1_1,2190,2803,612,144.59547524694173,508.1930266737298,0.0,1140.653807527452,Non-critical,Wear detectable
Bearing1_1,2191,2803,611,162.2464065250992,508.1930266737298,0.0,1158.3047388056095,Non-critical,Wear detectable
Bearing1_1,2192,2803,610,158.71353035486587,508.1930266737298,0.0,1154.7718626353762,Non-critical,Wear detectable
Bearing1_1,2193,2803,609,163.1980824991794,508.1930266737298,0.0,1159.2564147796897,Non-critical,Wear detectable
Bearing1_1,2194,2803,608,169.7770230034502,508.1930266737298,0.0,1165.8353552839606,Non-critical,Wear detectable
Bearing1_1,2195,2803,607,151.76058530855465,508.1930266737298,0.0,1147.818917589065,Non-critical,Wear detectable
Bearing1_1,2196,2803,606,178.48717003769497,508.1930266737298,0.0,1174.5455023182053,Non-critical,Wear detectable
Bearing1_1,2197,2803,605,146.92889886407443,508.1930266737298,0.0,1142.9872311445847,Non-critical,Wear detectable
Bearing1_1,2198,2803,604,164.17757091568143,508.1930266737298,0.0,1160.2359031961919,Non-critical,Wear detectable
Bearing1_1,2199,2803,603,159.311866253392,508.1930266737298,0.0,1155.3701985339023,Non-critical,Wear detectable
Bearing1_1,2200,2803,602,159.37188947498083,508.1930266737298,0.0,1155.4302217554912,Non-critical,Wear detectable
Bearing1_1,2201,2803,601,170.83596284597357,508.1930266737298,0.0,1166.894295126484,Non-critical,Wear detectable
Bearing1_1,2202,2803,600,156.06383197701473,508.1930266737298,0.0,1152.1221642575251,Non-critical,Wear detectable
Bearing1_1,2203,2803,599,161.61910680232265,508.1930266737298,0.0,1157.677439082833,Non-critical,Wear detectable
Bearing1_1,2204,2803,598,178.2006195048283,508.1930266737298,0.0,1174.2589517853387,Non-critical,Wear detectable
Bearing1_1,2205,2803,597,162.88855721547304,508.1930266737298,0.0,1158.9468894959834,Non-critical,Wear detectable
Bearing1_1,2206,2803,596,165.26777933953147,508.1930266737298,0.0,1161.326111620042,Non-critical,Wear detectable
Bearing1_1,2207,2803,595,167.60776790782393,508.1930266737298,0.0,1163.6661001883344,Non-critical,Wear detectable
Bearing1_1,2208,2803,594,156.7238559493409,508.1930266737298,0.0,1152.7821882298513,Non-critical,Wear detectable
Bearing1_1,2209,2803,593,166.1506434184331,508.1930266737298,0.0,1162.2089756989435,Non-critical,Wear detectable
Bearing1_1,2210,2803,592,173.8195533916604,508.1930266737298,0.0,1169.8778856721708,Non-critical,Wear detectable
Bearing1_1,2211,2803,591,135.4730045225461,508.1930266737298,0.0,1131.5313368030565,Non-critical,Wear detectable
Bearing1_1,2212,2803,590,135.83707925243783,508.1930266737298,0.0,1131.8954115329482,Non-critical,Wear detectable
Bearing1_1,2213,2803,589,170.5593753814259,508.1930266737298,0.0,1166.6177076619363,Non-critical,Wear detectable
Bearing1_1,2214,2803,588,134.7225831577307,508.1930266737298,0.0,1130.7809154382412,Non-critical,Wear detectable
Bearing1_1,2215,2803,587,143.64358528617544,508.1930266737298,0.0,1139.7019175666858,Non-critical,Wear detectable
Bearing1_1,2216,2803,586,151.51245538979612,508.1930266737298,0.0,1147.5707876703066,Non-critical,Wear detectable
Bearing1_1,2217,2803,585,165.58731064602938,508.1930266737298,0.0,1161.6456429265397,Non-critical,Wear detectable
Bearing1_1,2218,2803,584,165.780452848985,508.1930266737298,0.0,1161.8387851294954,Non-critical,Wear detectable
Bearing1_1,2219,2803,583,156.75001860365566,508.1930266737298,0.0,1152.808350884166,Non-critical,Wear detectable
Bearing1_1,2220,2803,582,157.13952454236568,508.1930266737298,0.0,1153.197856822876,Non-critical,Wear detectable
Bearing1_1,2221,2803,581,149.53753933559625,508.1930266737298,0.0,1145.5958716161067,Non-critical,Wear detectable
Bearing1_1,2222,2803,580,172.83476725854126,508.1930266737298,0.0,1168.8930995390517,Non-critical,Wear detectable
Bearing1_1,2223,2803,579,156.1791776657438,508.1930266737298,0.0,1152.2375099462542,Non-critical,Wear detectable
Bearing1_1,2224,2803,578,167.55472237791057,508.1930266737298,0.0,1163.6130546584209,Non-critical,Wear detectable
Bearing1_1,2225,2803,577,171.77436018987294,508.1930266737298,0.0,1167.8326924703833,Non-critical,Wear detectable
Bearing1_1,2226,2803,576,175.5747722910478,508.1930266737298,0.0,1171.6331045715583,Non-critical,Wear detectable
Bearing1_1,2227,2803,575,165.87359832186252,508.1930266737298,0.0,1161.9319306023729,Non-critical,Wear detectable
Bearing1_1,2228,2803,574,165.63295091161447,508.1930266737298,0.0,1161.691283192125,Non-critical,Wear detectable
Bearing1_1,2229,2803,573,162.11960790541775,508.1930266737298,0.0,1158.177940185928,Non-critical,Wear detectable
Bearing1_1,2230,2803,572,172.75920924620576,508.1930266737298,0.0,1168.8175415267162,Non-critical,Wear detectable
Bearing1_1,2231,2803,571,164.66252603435888,508.1930266737298,0.0,1160.7208583148692,Non-critical,Wear detectable
Bearing1_1,2232,2803,570,175.9028441247221,508.1930266737298,0.0,1171.9611764052324,Non-critical,Wear detectable
Bearing1_1,2233,2803,569,179.4231497661299,508.1930266737298,0.0,1175.4814820466404,Non-critical,Wear detectable
Bearing1_1,2234,2803,568,161.26926794963913,508.1930266737298,0.0,1157.3276002301495,Non-critical,Wear detectable
Bearing1_1,2235,2803,567,118.31335179663948,508.1930266737298,0.0,1114.37168407715,Non-critical,Wear detectable
Bearing1_1,2236,2803,566,159.6453963436073,508.1930266737298,0.0,1155.7037286241177,Non-critical,Wear detectable
Bearing1_1,2237,2803,565,176.05716674782886,508.1930266737298,0.0,1172.1154990283392,Non-critical,Wear detectable
Bearing1_1,2238,2803,564,156.93481326091185,508.1930266737298,0.0,1152.9931455414223,Non-critical,Wear detectable
Bearing1_1,2239,2803,563,150.174702814042,508.1930266737298,0.0,1146.2330350945524,Non-critical,Wear detectable
Bearing1_1,2240,2803,562,159.51213769064978,508.1930266737298,0.0,1155.5704699711603,Non-critical,Wear detectable
Bearing1_1,2241,2803,561,151.2921079008748,508.1930266737298,0.0,1147.3504401813852,Non-critical,Wear detectable
Bearing1_1,2242,2803,560,169.49119188346197,508.1930266737298,0.0,1165.5495241639724,Non-critical,Wear detectable
Bearing1_1,2243,2803,559,156.61016085351,508.1930266737298,0.0,1152.6684931340203,Non-critical,Wear detectable
Bearing1_1,2244,2803,558,156.7986828319655,508.1930266737298,0.0,1152.857015112476,Non-critical,Wear detectable
Bearing1_1,2245,2803,557,150.73017504073363,508.1930266737298,0.0,1146.788507321244,Non-critical,Wear detectable
Bearing1_1,2246,2803,556,176.75797379140417,508.1930266737298,0.0,1172.8163060719146,Non-critical,Wear detectable
Bearing1_1,2247,2803,555,155.45171923116646,508.1930266737298,0.0,1151.510051511677,Non-critical,Wear detectable
Bearing1_1,2248,2803,554,152.78381988323028,508.1930266737298,0.0,1148.8421521637406,Non-critical,Wear detectable
Bearing1_1,2249,2803,553,148.65876453973547,508.1930266737298,0.0,1144.7170968202458,Non-critical,Wear detectable
Bearing1_1,2250,2803,552,158.85198153978217,508.1930266737298,0.0,1154.9103138202927,Non-critical,Wear detectable
Bearing1_1,2251,2803,551,155.26711214684912,508.1930266737298,0.0,1151.3254444273596,Non-critical,Wear detectable
Bearing1_1,2252,2803,550,172.22484524929573,508.1930266737298,0.0,1168.2831775298062,Non-critical,Wear detectable
Bearing1_1,2253,2803,549,157.93258916183228,508.1930266737298,0.0,1153.9909214423426,Non-critical,Wear detectable
Bearing1_1,2254,2803,548,152.43249833020266,508.1930266737298,0.0,1148.4908306107131,Non-critical,Wear detectable
Bearing1_1,2255,2803,547,146.51745171279637,508.1930266737298,0.0,1142.5757839933067,Non-critical,Wear detectable
Bearing1_1,2256,2803,546,143.7872729263303,508.1930266737298,0.0,1139.8456052068407,Non-critical,Wear detectable
Bearing1_1,2257,2803,545,161.79688321976028,508.1930266737298,0.0,1157.8552155002708,Non-critical,Wear detectable
Bearing1_1,2258,2803,544,162.94768339951864,508.1930266737298,0.0,1159.0060156800291,Non-critical,Wear detectable
Bearing1_1,2259,2803,543,131.26221778251787,508.1930266737298,0.0,1127.3205500630283,Non-critical,Wear detectable
Bearing1_1,2260,2803,542,155.59654254987362,508.1930266737298,0.0,1151.654874830384,Non-critical,Wear detectable
Bearing1_1,2261,2803,541,172.35084343590125,508.1930266737298,0.0,1168.4091757164117,Non-critical,Wear detectable
Bearing1_1,2262,2803,540,162.0797793805305,508.1930266737298,0.0,1158.138111661041,Non-critical,Wear detectable
Bearing1_1,2263,2803,539,155.11062260725745,508.1930266737298,0.0,1151.1689548877678,Non-critical,Wear detectable
Bearing1_1,2264,2803,538,159.94993200897787,508.1930266737298,0.0,1156.0082642894884,Non-critical,Wear detectable
Bearing1_1,2265,2803,537,150.14577612254988,508.1930266737298,0.0,1146.2041084030602,Non-critical,Wear detectable
Bearing1_1,2266,2803,536,149.99438350321492,508.1930266737298,0.0,1146.0527157837253,Non-critical,Wear detectable
Bearing1_1,2267,2803,535,144.45509031391322,508.1930266737298,0.0,1140.5134225944237,Non-critical,Wear detectable
Bearing1_1,2268,2803,534,138.07692482805322,508.1930266737298,0.0,1134.1352571085636,Non-critical,Wear detectable
Bearing1_1,2269,2803,533,138.80924164348227,508.1930266737298,0.0,1134.8675739239927,Non-critical,Wear detectable
Bearing1_1,2270,2803,532,143.53513065673445,508.1930266737298,0.0,1139.5934629372448,Non-critical,Wear detectable
Bearing1_1,2271,2803,531,168.4257424813203,508.1930266737298,0.0,1164.4840747618307,Non-critical,Wear detectable
Bearing1_1,2272,2803,530,153.24291961129802,508.1930266737298,0.0,1149.3012518918085,Non-critical,Wear detectable
Bearing1_1,2273,2803,529,167.93880341494773,508.1930266737298,0.0,1163.9971356954582,Non-critical,Wear detectable
Bearing1_1,2274,2803,528,166.1093689692516,508.1930266737298,0.0,1162.167701249762,Non-critical,Wear detectable
Bearing1_1,2275,2803,527,153.43901752725975,508.1930266737298,0.0,1149.4973498077702,Non-critical,Wear detectable
Bearing1_1,2276,2803,526,131.16241599582963,508.1930266737298,0.0,1127.2207482763401,Non-critical,Wear detectable
Bearing1_1,2277,2803,525,155.14959831635582,508.1930266737298,0.0,1151.2079305968662,Non-critical,Wear detectable
Bearing1_1,2278,2803,524,137.1251254470254,508.1930266737298,0.0,1133.1834577275358,Non-critical,Wear detectable
Bearing1_1,2279,2803,523,168.89304109153233,508.1930266737298,0.0,1164.9513733720428,Non-critical,Wear detectable
Bearing1_1,2280,2803,522,151.64939567942298,508.1930266737298,0.0,1147.7077279599334,Non-critical,Wear detectable
Bearing1_1,2281,2803,521,138.88530788874942,508.1930266737298,0.0,1134.9436401692599,Non-critical,Wear detectable
Bearing1_1,2282,2803,520,163.43303695707277,508.1930266737298,0.0,1159.491369237583,Non-critical,Wear detectable
Bearing1_1,2283,2803,519,152.9031029501102,508.1930266737298,0.0,1148.9614352306205,Non-critical,Wear detectable
Bearing1_1,2284,2803,518,174.1183427446739,508.1930266737298,0.0,1170.1766750251843,Non-critical,Wear detectable
Bearing1_1,2285,2803,517,151.2854105899222,508.1930266737298,0.0,1147.3437428704326,Non-critical,Wear detectable
Bearing1_1,2286,2803,516,170.7549438752131,508.1930266737298,0.0,1166.8132761557235,Non-critical,Wear detectable
Bearing1_1,2287,2803,515,142.21281951276873,508.1930266737298,0.0,1138.2711517932792,Non-critical,Wear detectable
Bearing1_1,2288,2803,514,139.57331834761743,508.1930266737298,0.0,1135.6316506281278,Non-critical,Wear detectable
Bearing1_1,2289,2803,513,155.86483205566475,508.1930266737298,0.0,1151.9231643361752,Non-critical,Wear detectable
Bearing1_1,2290,2803,512,158.70285624127945,508.1930266737298,0.0,1154.7611885217898,Non-critical,Wear detectable
Bearing1_1,2291,2803,511,148.97530936305657,508.1930266737298,0.0,1145.033641643567,Non-critical,Wear detectable
Bearing1_1,2292,2803,510,152.34815913746434,508.1930266737298,0.0,1148.4064914179748,Non-critical,Wear detectable
Bearing1_1,2293,2803,509,149.41918760645737,508.1930266737298,0.0,1145.4775198869677,Non-critical,Wear detectable
Bearing1_1,2294,2803,508,143.1179511914711,508.1930266737298,0.0,1139.1762834719816,Non-critical,Wear detectable
Bearing1_1,2295,2803,507,152.6851275282981,508.1930266737298,0.0,1148.7434598088084,Non-critical,Wear detectable
Bearing1_1,2296,2803,506,163.29148480086167,508.1930266737298,0.0,1159.349817081372,Non-critical,Wear detectable
Bearing1_1,2297,2803,505,165.09171205100347,508.1930266737298,0.0,1161.150044331514,Non-critical,Wear detectable
Bearing1_1,2298,2803,504,177.65846995458006,508.1930266737298,0.0,1173.7168022350904,Non-critical,Wear detectable
Bearing1_1,2299,2803,503,161.38721227389343,508.1930266737298,0.0,1157.4455445544038,Non-critical,Wear detectable
Bearing1_1,2300,2803,502,166.3840970202351,508.1930266737298,0.0,1162.4424293007455,Non-critical,Wear detectable
Bearing1_1,2301,2803,501,157.88095318632008,508.1930266737298,0.0,1153.9392854668304,Non-critical,Wear detectable
Bearing1_1,2302,2803,500,158.87090872782892,508.1930266737298,0.0,1154.9292410083394,Wear detectable,Wear detectable
Bearing1_1,2303,2803,499,159.10069795703862,508.1930266737298,0.0,1155.159030237549,Wear detectable,Wear detectable
Bearing1_1,2304,2803,498,159.72871499925765,508.1930266737298,0.0,1155.787047279768,Wear detectable,Wear detectable
Bearing1_1,2305,2803,497,162.31381468213297,508.1930266737298,0.0,1158.3721469626435,Wear detectable,Wear detectable
Bearing1_1,2306,2803,496,118.53927602242936,508.1930266737298,0.0,1114.5976083029398,Wear detectable,Wear detectable
Bearing1_1,2307,2803,495,151.07803629753676,508.1930266737298,0.0,1147.136368578047,Wear detectable,Wear detectable
Bearing1_1,2308,2803,494,163.45379456458508,508.1930266737298,0.0,1159.5121268450955,Wear detectable,Wear detectable
Bearing1_1,2309,2803,493,165.03920118560822,508.1930266737298,0.0,1161.0975334661186,Wear detectable,Wear detectable
Bearing1_1,2310,2803,492,158.6272461848114,508.1930266737298,0.0,1154.685578465322,Wear detectable,Wear detectable
Bearing1_1,2311,2803,491,169.56160563443828,508.1930266737298,0.0,1165.6199379149487,Wear detectable,Wear detectable
Bearing1_1,2312,2803,490,150.63204165836567,508.1930266737298,0.0,1146.690373938876,Wear detectable,Wear detectable
Bearing1_1,2313,2803,489,162.2232699378885,508.1930266737298,0.0,1158.2816022183988,Wear detectable,Wear detectable
Bearing1_1,2314,2803,488,154.34597590843703,508.1930266737298,0.0,1150.4043081889474,Wear detectable,Wear detectable
Bearing1_1,2315,2803,487,144.51866953942695,508.1930266737298,0.0,1140.5770018199373,Wear detectable,Wear detectable
Bearing1_1,2316,2803,486,152.27085503256686,508.1930266737298,0.0,1148.3291873130772,Wear detectable,Wear detectable
Bearing1_1,2317,2803,485,152.1447023519864,508.1930266737298,0.0,1148.2030346324968,Wear detectable,Wear detectable
Bearing1_1,2318,2803,484,159.99977678200722,508.1930266737298,0.0,1156.0581090625176,Wear detectable,Wear detectable
Bearing1_1,2319,2803,483,157.49887073387805,508.1930266737298,0.0,1153.5572030143885,Wear detectable,Wear detectable
Bearing1_1,2320,2803,482,149.9697406742103,508.1930266737298,0.0,1146.0280729547208,Wear detectable,Wear detectable
Bearing1_1,2321,2803,481,131.63055499395847,508.1930266737298,0.0,1127.688887274469,Wear detectable,Wear detectable
Bearing1_1,2322,2803,480,156.43891827588692,508.1930266737298,0.0,1152.4972505563974,Wear detectable,Wear detectable
Bearing1_1,2323,2803,479,153.90854532276256,508.1930266737298,0.0,1149.966877603273,Wear detectable,Wear detectable
Bearing1_1,2324,2803,478,169.91709080132688,508.1930266737298,0.0,1165.9754230818373,Wear detectable,Wear detectable
Bearing1_1,2325,2803,477,167.69441889583976,508.1930266737298,0.0,1163.75275117635,Wear detectable,Wear detectable
Bearing1_1,2326,2803,476,136.2704858997113,508.1930266737298,0.0,1132.3288181802218,Wear detectable,Wear detectable
Bearing1_1,2327,2803,475,171.13086832537462,508.1930266737298,0.0,1167.189200605885,Wear detectable,Wear detectable
Bearing1_1,2328,2803,474,157.70769786771896,508.1930266737298,0.0,1153.7660301482294,Wear detectable,Wear detectable
Bearing1_1,2329,2803,473,135.06916538663341,508.1930266737298,0.0,1131.1274976671439,Wear detectable,Wear detectable
Bearing1_1,2330,2803,472,155.0280248703837,508.1930266737298,0.0,1151.0863571508942,Wear detectable,Wear detectable
Bearing1_1,2331,2803,471,160.64530892729317,508.1930266737298,0.0,1156.7036412078037,Wear detectable,Wear detectable
Bearing1_1,2332,2803,470,170.11031708055413,508.1930266737298,0.0,1166.1686493610646,Wear detectable,Wear detectable
Bearing1_1,2333,2803,469,156.3515661400021,508.1930266737298,0.0,1152.4098984205125,Wear detectable,Wear detectable
Bearing1_1,2334,2803,468,154.88509889997067,508.1930266737298,0.0,1150.9434311804812,Wear detectable,Wear detectable
Bearing1_1,2335,2803,467,166.80459575425738,508.1930266737298,0.0,1162.8629280347677,Wear detectable,Wear detectable
Bearing1_1,2336,2803,466,166.01527873926594,508.1930266737298,0.0,1162.0736110197763,Wear detectable,Wear detectable
Bearing1_1,2337,2803,465,158.22389357742102,508.1930266737298,0.0,1154.2822258579315,Wear detectable,Wear detectable
Bearing1_1,2338,2803,464,161.20901181721996,508.1930266737298,0.0,1157.2673440977303,Wear detectable,Wear detectable
Bearing1_1,2339,2803,463,147.73791161979324,508.1930266737298,0.0,1143.7962439003036,Wear detectable,Wear detectable
Bearing1_1,2340,2803,462,169.91073109105096,508.1930266737298,0.0,1165.9690633715613,Wear detectable,Wear detectable
Bearing1_1,2341,2803,461,166.46553430136197,508.1930266737298,0.0,1162.5238665818724,Wear detectable,Wear detectable
Bearing1_1,2342,2803,460,163.3450095010832,508.1930266737298,0.0,1159.4033417815936,Wear detectable,Wear detectable
Bearing1_1,2343,2803,459,154.9569882415957,508.1930266737298,0.0,1151.015320522106,Wear detectable,Wear detectable
Bearing1_1,2344,2803,458,164.9680776657307,508.1930266737298,0.0,1161.026409946241,Wear detectable,Wear detectable
Bearing1_1,2345,2803,457,173.58982403156637,508.1930266737298,0.0,1169.6481563120767,Wear detectable,Wear detectable
Bearing1_1,2346,2803,456,162.8571369945707,508.1930266737298,0.0,1158.915469275081,Wear detectable,Wear detectable
Bearing1_1,2347,2803,455,165.07599315686554,508.1930266737298,0.0,1161.134325437376,Wear detectable,Wear detectable
Bearing1_1,2348,2803,454,154.69704429227315,508.1930266737298,0.0,1150.7553765727835,Wear detectable,Wear detectable
Bearing1_1,2349,2803,453,141.41824038926205,508.1930266737298,0.0,1137.4765726697724,Wear detectable,Wear detectable
Bearing1_1,2350,2803,452,164.01470477037066,508.1930266737298,0.0,1160.073037050881,Wear detectable,Wear detectable
Bearing1_1,2351,2803,451,168.12364803234632,508.1930266737298,0.0,1164.1819803128567,Wear detectable,Wear detectable
Bearing1_1,2352,2803,450,156.1622822997881,508.1930266737298,0.0,1152.2206145802984,Wear detectable,Wear detectable
Bearing1_1,2353,2803,449,172.9631254274106,508.1930266737298,0.0,1169.021457707921,Wear detectable,Wear detectable
Bearing1_1,2354,2803,448,166.1420802090542,508.1930266737298,0.0,1162.2004124895645,Wear detectable,Wear detectable
Bearing1_1,2355,2803,447,144.10816513973882,508.1930266737298,0.0,1140.1664974202492,Wear detectable,Wear detectable
Bearing1_1,2356,2803,446,161.65702829578515,508.1930266737298,0.0,1157.7153605762956,Wear detectable,Wear detectable
Bearing1_1,2357,2803,445,167.27791624208294,508.1930266737298,0.0,1163.3362485225935,Wear detectable,Wear detectable
Bearing1_1,2358,2803,444,170.4002861503935,508.1930266737298,0.0,1166.458618430904,Wear detectable,Wear detectable
Bearing1_1,2359,2803,443,161.10726666608886,508.1930266737298,0.0,1157.1655989465992,Wear detectable,Wear detectable
Bearing1_1,2360,2803,442,155.44764864329625,508.1930266737298,0.0,1151.5059809238066,Wear detectable,Wear detectable
Bearing1_1,2361,2803,441,136.6048950296722,508.1930266737298,0.0,1132.6632273101827,Wear detectable,Wear detectable
Bearing1_1,2362,2803,440,170.0769095419742,508.1930266737298,0.0,1166.1352418224847,Wear detectable,Wear detectable
Bearing1_1,2363,2803,439,152.89205741745263,508.1930266737298,0.0,1148.9503896979631,Wear detectable,Wear detectable
Bearing1_1,2364,2803,438,156.4466656788859,508.1930266737298,0.0,1152.5049979593964,Wear detectable,Wear detectable
Bearing1_1,2365,2803,437,161.12896772339477,508.1930266737298,0.0,1157.1873000039052,Wear detectable,Wear detectable
Bearing1_1,2366,2803,436,167.87114105241383,508.1930266737298,0.0,1163.9294733329243,Wear detectable,Wear detectable
Bearing1_1,2367,2803,435,168.0824829622689,508.1930266737298,0.0,1164.1408152427794,Wear detectable,Wear detectable
Bearing1_1,2368,2803,434,162.3459122492854,508.1930266737298,0.0,1158.4042445297957,Wear detectable,Wear detectable
Bearing1_1,2369,2803,433,165.70507838351296,508.1930266737298,0.0,1161.7634106640235,Wear detectable,Wear detectable
Bearing1_1,2370,2803,432,159.75635013638197,508.1930266737298,0.0,1155.8146824168923,Wear detectable,Wear detectable
Bearing1_1,2371,2803,431,151.0304583277673,508.1930266737298,0.0,1147.0887906082776,Wear detectable,Wear detectable
Bearing1_1,2372,2803,430,155.83895457182646,508.1930266737298,0.0,1151.897286852337,Wear detectable,Wear detectable
Bearing1_1,2373,2803,429,159.2721119793715,508.1930266737298,0.0,1155.330444259882,Wear detectable,Wear detectable
Bearing1_1,2374,2803,428,147.4222736055658,508.1930266737298,0.0,1143.4806058860763,Wear detectable,Wear detectable
Bearing1_1,2375,2803,427,164.02088491702693,508.1930266737298,0.0,1160.0792171975372,Wear detectable,Wear detectable
Bearing1_1,2376,2803,426,154.46593194289636,508.1930266737298,0.0,1150.5242642234068,Wear detectable,Wear detectable
Bearing1_1,2377,2803,425,119.81323150566766,508.1930266737298,0.0,1115.871563786178,Wear detectable,Wear detectable
Bearing1_1,2378,2803,424,150.8699935712711,508.1930266737298,0.0,1146.9283258517814,Wear detectable,Wear detectable
Bearing1_1,2379,2803,423,145.26016912856818,508.1930266737298,0.0,1141.3185014090786,Wear detectable,Wear detectable
Bearing1_1,2380,2803,422,171.20963034939464,508.1930266737298,0.0,1167.267962629905,Wear detectable,Wear detectable
Bearing1_1,2381,2803,421,163.30220290040032,508.1930266737298,0.0,1159.3605351809108,Wear detectable,Wear detectable
Bearing1_1,2382,2803,420,159.60493535038398,508.1930266737298,0.0,1155.6632676308943,Wear detectable,Wear detectable
Bearing1_1,2383,2803,419,158.97875402220149,508.1930266737298,0.0,1155.037086302712,Wear detectable,Wear detectable
Bearing1_1,2384,2803,418,170.75105779437894,508.1930266737298,0.0,1166.8093900748893,Wear detectable,Wear detectable
Bearing1_1,2385,2803,417,170.1419903435159,508.1930266737298,0.0,1166.2003226240263,Wear detectable,Wear detectable
Bearing1_1,2386,2803,416,168.9112536294301,508.1930266737298,0.0,1164.9695859099404,Wear detectable,Wear detectable
Bearing1_1,2387,2803,415,160.46632824619977,508.1930266737298,0.0,1156.5246605267102,Wear detectable,Wear detectable
Bearing1_1,2388,2803,414,160.21587603262145,508.1930266737298,0.0,1156.2742083131318,Wear detectable,Wear detectable
Bearing1_1,2389,2803,413,170.91928546285178,508.1930266737298,0.0,1166.977617743362,Wear detectable,Wear detectable
Bearing1_1,2390,2803,412,173.38483749036766,508.1930266737298,0.0,1169.443169770878,Wear detectable,Wear detectable
Bearing1_1,2391,2803,411,159.64149354611902,508.1930266737298,0.0,1155.6998258266294,Wear detectable,Wear detectable
Bearing1_1,2392,2803,410,168.8802287188898,508.1930266737298,0.0,1164.9385609994001,Wear detectable,Wear detectable
Bearing1_1,2393,2803,409,159.16778249276973,508.1930266737298,0.0,1155.2261147732802,Wear detectable,Wear detectable
Bearing1_1,2394,2803,408,149.50327437323972,508.1930266737298,0.0,1145.56160665375,Wear detectable,Wear detectable
Bearing1_1,2395,2803,407,172.79533590180827,508.1930266737298,0.0,1168.8536681823186,Wear detectable,Wear detectable
Bearing1_1,2396,2803,406,152.2041704043515,508.1930266737298,0.0,1148.2625026848618,Wear detectable,Wear detectable
Bearing1_1,2397,2803,405,158.49152275588344,508.1930266737298,0.0,1154.5498550363939,Wear detectable,Wear detectable
Bearing1_1,2398,2803,404,157.58454318715962,508.1930266737298,0.0,1153.64287546767,Wear detectable,Wear detectable
Bearing1_1,2399,2803,403,170.16737430500706,508.1930266737298,0.0,1166.2257065855174,Wear detectable,Wear detectable
Bearing1_1,2400,2803,402,165.7738736286996,508.1930266737298,0.0,1161.83220590921,Wear detectable,Wear detectable
Bearing1_1,2401,2803,401,163.67981204815402,508.1930266737298,0.0,1159.7381443286645,Wear detectable,Wear detectable
Bearing1_1,2402,2803,400,160.1307129586338,508.1930266737298,0.0,1156.1890452391442,Wear detectable,Wear detectable
Bearing1_1,2403,2803,399,141.38799536924245,508.1930266737298,0.0,1137.446327649753,Wear detectable,Wear detectable
Bearing1_1,2404,2803,398,137.04157644033717,508.1930266737298,0.0,1133.0999087208475,Wear detectable,Wear detectable
Bearing1_1,2405,2803,397,157.54877182938176,508.1930266737298,0.0,1153.6071041098921,Wear detectable,Wear detectable
Bearing1_1,2406,2803,396,154.0365177714161,508.1930266737298,0.0,1150.0948500519264,Wear detectable,Wear detectable
Bearing1_1,2407,2803,395,135.76646179649944,508.1930266737298,0.0,1131.8247940770098,Wear detectable,Wear detectable
Bearing1_1,2408,2803,394,134.8962682930748,508.1930266737298,0.0,1130.9546005735851,Wear detectable,Wear detectable
Bearing1_1,2409,2803,393,176.51898532414438,508.1930266737298,0.0,1172.5773176046548,Wear detectable,Wear detectable
Bearing1_1,2410,2803,392,173.81658286938492,508.1930266737298,0.0,1169.8749151498953,Wear detectable,Wear detectable
Bearing1_1,2411,2803,391,151.0276463685151,508.1930266737298,0.0,1147.0859786490255,Wear detectable,Wear detectable
Bearing1_1,2412,2803,390,137.62328869053167,508.1930266737298,0.0,1133.681620971042,Wear detectable,Wear detectable
Bearing1_1,2413,2803,389,159.01799418708663,508.1930266737298,0.0,1155.076326467597,Wear detectable,Wear detectable
Bearing1_1,2414,2803,388,172.6136331598622,508.1930266737298,0.0,1168.6719654403726,Wear detectable,Wear detectable
Bearing1_1,2415,2803,387,151.13105283686534,508.1930266737298,0.0,1147.1893851173757,Wear detectable,Wear detectable
Bearing1_1,2416,2803,386,142.70574289063924,508.1930266737298,0.0,1138.7640751711497,Wear detectable,Wear detectable
Bearing1_1,2417,2803,385,146.8267799418265,508.1930266737298,0.0,1142.8851122223368,Wear detectable,Wear detectable
Bearing1_1,2418,2803,384,177.53062363388514,508.1930266737298,0.0,1173.5889559143955,Wear detectable,Wear detectable
Bearing1_1,2419,2803,383,152.78355443827888,508.1930266737298,0.0,1148.8418867187893,Wear detectable,Wear detectable
Bearing1_1,2420,2803,382,173.38100176938315,508.1930266737298,0.0,1169.4393340498937,Wear detectable,Wear detectable
Bearing1_1,2421,2803,381,148.5543227592085,508.1930266737298,0.0,1144.612655039719,Wear detectable,Wear detectable
Bearing1_1,2422,2803,380,140.0510332585008,508.1930266737298,0.0,1136.1093655390112,Wear detectable,Wear detectable
Bearing1_1,2423,2803,379,159.50486656069802,508.1930266737298,0.0,1155.5631988412083,Wear detectable,Wear detectable
Bearing1_1,2424,2803,378,176.71532562447717,508.1930266737298,0.0,1172.7736579049877,Wear detectable,Wear detectable
Bearing1_1,2425,2803,377,162.1283989507072,508.1930266737298,0.0,1158.1867312312177,Wear detectable,Wear detectable
Bearing1_1,2426,2803,376,178.30577718032836,508.1930266737298,0.0,1174.3641094608388,Wear detectable,Wear detectable
Bearing1_1,2427,2803,375,154.204042736466,508.1930266737298,0.0,1150.2623750169764,Wear detectable,Wear detectable
Bearing1_1,2428,2803,374,163.83174248739095,508.1930266737298,0.0,1159.8900747679013,Wear detectable,Wear detectable
Bearing1_1,2429,2803,373,141.12487173262437,508.1930266737298,0.0,1137.1832040131349,Wear detectable,Wear detectable
Bearing1_1,2430,2803,372,166.83917610424822,508.1930266737298,0.0,1162.8975083847586,Wear detectable,Wear detectable
Bearing1_1,2431,2803,371,157.13311322886022,508.1930266737298,0.0,1153.1914455093706,Wear detectable,Wear detectable
Bearing1_1,2432,2803,370,162.22641423935517,508.1930266737298,0.0,1158.2847465198656,Wear detectable,Wear detectable
Bearing1_1,2433,2803,369,189.02664135328612,508.1930266737298,0.0,1185.0849736337966,Wear detectable,Wear detectable
Bearing1_1,2434,2803,368,173.145427067828,508.1930266737298,0.0,1169.2037593483383,Wear detectable,Wear detectable
Bearing1_1,2435,2803,367,169.278276652396,508.1930266737298,0.0,1165.3366089329063,Wear detectable,Wear detectable
Bearing1_1,2436,2803,366,167.4884006929373,508.1930266737298,0.0,1163.5467329734477,Wear detectable,Wear detectable
Bearing1_1,2437,2803,365,170.55512649827205,508.1930266737298,0.0,1166.6134587787824,Wear detectable,Wear detectable
Bearing1_1,2438,2803,364,158.3327045504048,508.1930266737298,0.0,1154.3910368309153,Wear detectable,Wear detectable
Bearing1_1,2439,2803,363,163.37027903224612,508.1930266737298,0.0,1159.4286113127564,Wear detectable,Wear detectable
Bearing1_1,2440,2803,362,173.0696934973002,508.1930266737298,0.0,1169.1280257778105,Wear detectable,Wear detectable
Bearing1_1,2441,2803,361,156.92938873865916,508.1930266737298,0.0,1152.9877210191696,Wear detectable,Wear detectable
Bearing1_1,2442,2803,360,169.42437443563674,508.1930266737298,0.0,1165.482706716147,Wear detectable,Wear detectable
Bearing1_1,2443,2803,359,169.28510133560548,508.1930266737298,0.0,1165.3434336161158,Wear detectable,Wear detectable
Bearing1_1,2444,2803,358,179.00625031098502,508.1930266737298,0.0,1175.0645825914953,Wear detectable,Wear detectable
Bearing1_1,2445,2803,357,172.64829334137485,508.1930266737298,0.0,1168.7066256218852,Wear detectable,Wear detectable
Bearing1_1,2446,2803,356,176.8095693862283,508.1930266737298,0.0,1172.8679016667388,Wear detectable,Wear detectable
Bearing1_1,2447,2803,355,172.5387204866727,508.1930266737298,0.0,1168.5970527671832,Wear detectable,Wear detectable
Bearing1_1,2448,2803,354,168.31348719547438,508.1930266737298,0.0,1164.3718194759847,Wear detectable,Wear detectable
Bearing1_1,2449,2803,353,164.47707847667093,508.1930266737298,0.0,1160.5354107571814,Wear detectable,Wear detectable
Bearing1_1,2450,2803,352,173.42610530282874,508.1930266737298,0.0,1169.484437583339,Wear detectable,Wear detectable
Bearing1_1,2451,2803,351,157.1913244079783,508.1930266737298,0.0,1153.2496566884888,Wear detectable,Wear detectable
Bearing1_1,2452,2803,350,172.3924214015775,508.1930266737298,0.0,1168.450753682088,Wear detectable,Wear detectable
Bearing1_1,2453,2803,349,168.11678277764588,508.1930266737298,0.0,1164.1751150581563,Wear detectable,Wear detectable
Bearing1_1,2454,2803,348,159.66631716375142,508.1930266737298,0.0,1155.7246494442618,Wear detectable,Wear detectable
Bearing1_1,2455,2803,347,153.45914159752334,508.1930266737298,0.0,1149.5174738780338,Wear detectable,Wear detectable
Bearing1_1,2456,2803,346,164.50066448837165,508.1930266737298,0.0,1160.558996768882,Wear detectable,Wear detectable
Bearing1_1,2457,2803,345,171.1672700347556,508.1930266737298,0.0,1167.225602315266,Wear detectable,Wear detectable
Bearing1_1,2458,2803,344,159.84556005491388,508.1930266737298,0.0,1155.9038923354242,Wear detectable,Wear detectable
Bearing1_1,2459,2803,343,168.63406480324687,508.1930266737298,0.0,1164.6923970837572,Wear detectable,Wear detectable
Bearing1_1,2460,2803,342,172.12366802053072,508.1930266737298,0.0,1168.1820003010412,Wear detectable,Wear detectable
Bearing1_1,2461,2803,341,157.03311560086507,508.1930266737298,0.0,1153.0914478813754,Wear detectable,Wear detectable
Bearing1_1,2462,2803,340,166.2904188219128,508.1930266737298,0.0,1162.3487511024232,Wear detectable,Wear detectable
Bearing1_1,2463,2803,339,164.50594782754925,508.1930266737298,0.0,1160.5642801080596,Wear detectable,Wear detectable
Bearing1_1,2464,2803,338,165.26547915390972,508.1930266737298,0.0,1161.3238114344201,Wear detectable,Wear detectable
Bearing1_1,2465,2803,337,143.31195079004289,508.1930266737298,0.0,1139.3702830705533,Wear detectable,Wear detectable
Bearing1_1,2466,2803,336,158.84123668359152,508.1930266737298,0.0,1154.899568964102,Wear detectable,Wear detectable
Bearing1_1,2467,2803,335,190.29630845957817,508.1930266737298,0.0,1186.3546407400886,Wear detectable,Wear detectable
Bearing1_1,2468,2803,334,160.43772358765557,508.1930266737298,0.0,1156.496055868166,Wear detectable,Wear detectable
Bearing1_1,2469,2803,333,134.7283803902591,508.1930266737298,0.0,1130.7867126707695,Wear detectable,Wear detectable
Bearing1_1,2470,2803,332,151.94449353176188,508.1930266737298,0.0,1148.0028258122722,Wear detectable,Wear detectable
Bearing1_1,2471,2803,331,157.53552056422842,508.1930266737298,0.0,1153.5938528447389,Wear detectable,Wear detectable
Bearing1_1,2472,2803,330,154.87580268828427,508.1930266737298,0.0,1150.9341349687948,Wear detectable,Wear detectable
Bearing1_1,2473,2803,329,158.2879224492082,508.1930266737298,0.0,1154.3462547297186,Wear detectable,Wear detectable
Bearing1_1,2474,2803,328,168.63756233740747,508.1930266737298,0.0,1164.695894617918,Wear detectable,Wear detectable
Bearing1_1,2475,2803,327,162.3581588704395,508.1930266737298,0.0,1158.41649115095,Wear detectable,Wear detectable
Bearing1_1,2476,2803,326,154.61569748727277,508.1930266737298,0.0,1150.6740297677832,Wear detectable,Wear detectable
Bearing1_1,2477,2803,325,165.68901880608377,508.1930266737298,0.0,1161.747351086594,Wear detectable,Wear detectable
Bearing1_1,2478,2803,324,165.38898984391807,508.1930266737298,0.0,1161.4473221244284,Wear detectable,Wear detectable
Bearing1_1,2479,2803,323,152.54703189693964,508.1930266737298,0.0,1148.6053641774502,Wear detectable,Wear detectable
Bearing1_1,2480,2803,322,158.47219974537379,508.1930266737298,0.0,1154.5305320258842,Wear detectable,Wear detectable
Bearing1_1,2481,2803,321,155.8770625692735,508.1930266737298,0.0,1151.935394849784,Wear detectable,Wear detectable
Bearing1_1,2482,2803,320,170.8839563395046,508.1930266737298,0.0,1166.942288620015,Wear detectable,Wear detectable
Bearing1_1,2483,2803,319,161.84917101697664,508.1930266737298,0.0,1157.907503297487,Wear detectable,Wear detectable
Bearing1_1,2484,2803,318,136.06397886614508,508.1930266737298,0.0,1132.1223111466554,Wear detectable,Wear detectable
Bearing1_1,2485,2803,317,171.30630880168226,508.1930266737298,0.0,1167.3646410821927,Wear detectable,Wear detectable
Bearing1_1,2486,2803,316,145.94291128683602,508.1930266737298,0.0,1142.0012435673464,Wear detectable,Wear detectable
Bearing1_1,2487,2803,315,154.7334410576364,508.1930266737298,0.0,1150.7917733381469,Wear detectable,Wear detectable
Bearing1_1,2488,2803,314,159.49986060243174,508.1930266737298,0.0,1155.5581928829422,Wear detectable,Wear detectable
Bearing1_1,2489,2803,313,165.73029774561994,508.1930266737298,0.0,1161.7886300261302,Wear detectable,Wear detectable
Bearing1_1,2490,2803,312,135.5408292233314,508.1930266737298,0.0,1131.5991615038417,Wear detectable,Wear detectable
Bearing1_1,2491,2803,311,160.24619626572704,508.1930266737298,0.0,1156.3045285462374,Wear detectable,Wear detectable
Bearing1_1,2492,2803,310,158.72054462923268,508.1930266737298,0.0,1154.778876909743,Wear detectable,Wear detectable
Bearing1_1,2493,2803,309,173.1132486563013,508.1930266737298,0.0,1169.1715809368118,Wear detectable,Wear detectable
Bearing1_1,2494,2803,308,143.14465097753114,508.1930266737298,0.0,1139.2029832580415,Wear detectable,Wear detectable
Bearing1_1,2495,2803,307,157.09701077504502,508.1930266737298,0.0,1153.1553430555555,Wear detectable,Wear detectable
Bearing1_1,2496,2803,306,116.82020148037768,508.1930266737298,0.0,1112.878533760888,Wear detectable,Wear detectable
Bearing1_1,2497,2803,305,137.24022182012618,508.1930266737298,0.0,1133.2985541006365,Wear detectable,Wear detectable
Bearing1_1,2498,2803,304,163.5516186613881,508.1930266737298,0.0,1159.6099509418984,Wear detectable,Wear detectable
Bearing1_1,2499,2803,303,158.97832063477517,508.1930266737298,0.0,1155.0366529152857,Wear detectable,Wear detectable
Bearing1_1,2500,2803,302,169.8767456387849,508.1930266737298,0.0,1165.9350779192953,Wear detectable,Wear detectable
Bearing1_1,2501,2803,301,128.592285422434,508.1930266737298,0.0,1124.6506177029444,Wear detectable,Wear detectable
Bearing1_1,2502,2803,300,160.10023705063043,508.1930266737298,0.0,1156.1585693311408,Wear detectable,Wear detectable
Bearing1_1,2503,2803,299,157.38177807988862,508.1930266737298,0.0,1153.440110360399,Wear detectable,Wear detectable
Bearing1_1,2504,2803,298,159.80030107205826,508.1930266737298,0.0,1155.8586333525686,Wear detectable,Wear detectable
Bearing1_1,2505,2803,297,156.87577358555743,508.1930266737298,0.0,1152.9341058660677,Wear detectable,Wear detectable
Bearing1_1,2506,2803,296,167.77177557105728,508.1930266737298,0.0,1163.8301078515676,Wear detectable,Wear detectable
Bearing1_1,2507,2803,295,153.54990739862802,508.1930266737298,0.0,1149.6082396791385,Wear detectable,Wear detectable
Bearing1_1,2508,2803,294,165.19397236475567,508.1930266737298,0.0,1161.2523046452661,Wear detectable,Wear detectable
Bearing1_1,2509,2803,293,150.3119248549306,508.1930266737298,0.0,1146.370257135441,Wear detectable,Wear detectable
Bearing1_1,2510,2803,292,145.37497347143895,508.1930266737298,0.0,1141.4333057519493,Wear detectable,Wear detectable
Bearing1_1,2511,2803,291,143.10348457702887,508.1930266737298,0.0,1139.1618168575392,Wear detectable,Wear detectable
Bearing1_1,2512,2803,290,161.80307376624563,508.1930266737298,0.0,1157.861406046756,Wear detectable,Wear detectable
Bearing1_1,2513,2803,289,143.17346774319836,508.1930266737298,0.0,1139.2318000237087,Wear detectable,Wear detectable
Bearing1_1,2514,2803,288,159.06368433210022,508.1930266737298,0.0,1155.1220166126107,Wear detectable,Wear detectable
Bearing1_1,2515,2803,287,155.8857800794092,508.1930266737298,0.0,1151.9441123599195,Wear detectable,Wear detectable
Bearing1_1,2516,2803,286,158.52713517422018,508.1930266737298,0.0,1154.5854674547306,Wear detectable,Wear detectable
Bearing1_1,2517,2803,285,162.79261710343997,508.1930266737298,0.0,1158.8509493839504,Wear detectable,Wear detectable
Bearing1_1,2518,2803,284,138.97069538172815,508.1930266737298,0.0,1135.0290276622386,Wear detectable,Wear detectable
Bearing1_1,2519,2803,283,156.21849031278748,508.1930266737298,0.0,1152.2768225932978,Wear detectable,Wear detectable
Bearing1_1,2520,2803,282,183.83221636789108,508.1930266737298,0.0,1179.8905486484014,Wear detectable,Wear detectable
Bearing1_1,2521,2803,281,147.12097976908694,508.1930266737298,0.0,1143.1793120495972,Wear detectable,Wear detectable
Bearing1_1,2522,2803,280,124.15138686811697,508.1930266737298,0.0,1120.2097191486273,Wear detectable,Wear detectable
Bearing1_1,2523,2803,279,133.5433042824926,508.1930266737298,0.0,1129.601636563003,Wear detectable,Wear detectable
Bearing1_1,2524,2803,278,153.35405288129414,508.1930266737298,0.0,1149.4123851618047,Wear detectable,Wear detectable
Bearing1_1,2525,2803,277,150.05905912791664,508.1930266737298,0.0,1146.117391408427,Wear detectable,Wear detectable
Bearing1_1,2526,2803,276,152.40520415829278,508.1930266737298,0.0,1148.4635364388032,Wear detectable,Wear detectable
Bearing1_1,2527,2803,275,151.64379881710826,508.1930266737298,0.0,1147.7021310976186,Wear detectable,Wear detectable
Bearing1_1,2528,2803,274,148.41248135816514,508.1930266737298,0.0,1144.4708136386755,Wear detectable,Wear detectable
Bearing1_1,2529,2803,273,142.62193699976527,508.1930266737298,0.0,1138.6802692802758,Wear detectable,Wear detectable
Bearing1_1,2530,2803,272,159.86391270326374,508.1930266737298,0.0,1155.9222449837741,Wear detectable,Wear detectable
Bearing1_1,2531,2803,271,148.40116802047103,508.1930266737298,0.0,1144.4595003009815,Wear detectable,Wear detectable
Bearing1_1,2532,2803,270,150.50113574807546,508.1930266737298,0.0,1146.5594680285858,Wear detectable,Wear detectable
Bearing1_1,2533,2803,269,153.07366795145566,508.1930266737298,0.0,1149.132000231966,Wear detectable,Wear detectable
Bearing1_1,2534,2803,268,151.0149839468965,508.1930266737298,0.0,1147.0733162274068,Wear detectable,Wear detectable
Bearing1_1,2535,2803,267,159.8939706704583,508.1930266737298,0.0,1155.9523029509687,Wear detectable,Wear detectable
Bearing1_1,2536,2803,266,146.07459631371847,508.1930266737298,0.0,1142.1329285942288,Wear detectable,Wear detectable
Bearing1_1,2537,2803,265,141.97321581483754,508.1930266737298,0.0,1138.031548095348,Wear detectable,Wear detectable
Bearing1_1,2538,2803,264,135.18857352250717,508.1930266737298,0.0,1131.2469058030176,Wear detectable,Wear detectable
Bearing1_1,2539,2803,263,143.0679470764875,508.1930266737298,0.0,1139.1262793569979,Wear detectable,Wear detectable
Bearing1_1,2540,2803,262,139.3470827233972,508.1930266737298,0.0,1135.4054150039076,Wear detectable,Wear detectable
Bearing1_1,2541,2803,261,142.45982477251846,508.1930266737298,0.0,1138.518157053029,Wear detectable,Wear detectable
Bearing1_1,2542,2803,260,147.71070290794626,508.1930266737298,0.0,1143.7690351884567,Wear detectable,Wear detectable
Bearing1_1,2543,2803,259,150.73010156304622,508.1930266737298,0.0,1146.7884338435565,Wear detectable,Wear detectable
Bearing1_1,2544,2803,258,154.17394482141884,508.1930266737298,0.0,1150.2322771019292,Wear detectable,Wear detectable
Bearing1_1,2545,2803,257,153.61459576621579,508.1930266737298,0.0,1149.6729280467262,Wear detectable,Wear detectable
Bearing1_1,2546,2803,256,134.65410448440898,508.1930266737298,0.0,1130.7124367649194,Wear detectable,Wear detectable
Bearing1_1,2547,2803,255,165.41715710817846,508.1930266737298,0.0,1161.4754893886889,Wear detectable,Wear detectable
Bearing1_1,2548,2803,254,165.52622617361624,508.1930266737298,0.0,1161.5845584541266,Wear detectable,Wear detectable
Bearing1_1,2549,2803,253,160.21287466144662,508.1930266737298,0.0,1156.271206941957,Wear detectable,Wear detectable
Bearing1_1,2550,2803,252,168.87614883902657,508.1930266737298,0.0,1164.934481119537,Wear detectable,Wear detectable
Bearing1_1,2551,2803,251,137.2872396521636,508.1930266737298,0.0,1133.345571932674,Wear detectable,Wear detectable
Bearing1_1,2552,2803,250,150.18487248912956,508.1930266737298,0.0,1146.24320476964,Wear detectable,Wear detectable
Bearing1_1,2553,2803,249,145.40199545534074,508.1930266737298,0.0,1141.460327735851,Wear detectable,Wear detectable
Bearing1_1,2554,2803,248,158.6866380672705,508.1930266737298,0.0,1154.744970347781,Wear detectable,Wear detectable
Bearing1_1,2555,2803,247,163.4465806926409,508.1930266737298,0.0,1159.5049129731512,Wear detectable,Wear detectable
Bearing1_1,2556,2803,246,134.53978954035225,508.1930266737298,0.0,1130.5981218208626,Wear detectable,Wear detectable
Bearing1_1,2557,2803,245,147.01979892888468,508.1930266737298,0.0,1143.078131209395,Wear detectable,Wear detectable
Bearing1_1,2558,2803,244,147.24535829310972,508.1930266737298,0.0,1143.30369057362,Wear detectable,Wear detectable
Bearing1_1,2559,2803,243,140.43791907845676,508.1930266737298,0.0,1136.4962513589671,Wear detectable,Wear detectable
Bearing1_1,2560,2803,242,131.72712528303708,508.1930266737298,0.0,1127.7854575635474,Wear detectable,Wear detectable
Bearing1_1,2561,2803,241,144.27916555589178,508.1930266737298,0.0,1140.3374978364022,Wear detectable,Wear detectable
Bearing1_1,2562,2803,240,156.50449489821258,508.1930266737298,0.0,1152.562827178723,Wear detectable,Wear detectable
Bearing1_1,2563,2803,239,131.78641564024215,508.1930266737298,0.0,1127.8447479207525,Wear detectable,Wear detectable
Bearing1_1,2564,2803,238,164.79407655808245,508.1930266737298,0.0,1160.852408838593,Wear detectable,Wear detectable
Bearing1_1,2565,2803,237,165.18340794907485,508.1930266737298,0.0,1161.2417402295853,Wear detectable,Wear detectable
Bearing1_1,2566,2803,236,131.31631014296693,508.1930266737298,0.0,1127.3746424234773,Wear detectable,Wear detectable
Bearing1_1,2567,2803,235,125.7943391096628,508.1930266737298,0.0,1121.852671390173,Wear detectable,Wear detectable
Bearing1_1,2568,2803,234,149.62319859767354,508.1930266737298,0.0,1145.6815308781838,Wear detectable,Wear detectable
Bearing1_1,2569,2803,233,155.28395816218668,508.1930266737298,0.0,1151.342290442697,Wear detectable,Wear detectable
Bearing1_1,2570,2803,232,148.34180305752898,508.1930266737298,0.0,1144.4001353380395,Wear detectable,Wear detectable
Bearing1_1,2571,2803,231,158.61237077838834,508.1930266737298,0.0,1154.6707030588987,Wear detectable,Wear detectable
Bearing1_1,2572,2803,230,145.73433756697182,508.1930266737298,0.0,1141.792669847482,Wear detectable,Wear detectable
Bearing1_1,2573,2803,229,160.9711580270993,508.1930266737298,0.0,1157.0294903076096,Wear detectable,Wear detectable
Bearing1_1,2574,2803,228,161.29749274405853,508.1930266737298,0.0,1157.355825024569,Wear detectable,Wear detectable
Bearing1_1,2575,2803,227,164.98307382377277,508.1930266737298,0.0,1161.0414061042832,Wear detectable,Wear detectable
Bearing1_1,2576,2803,226,173.220289217726,508.1930266737298,0.0,1169.2786214982364,Wear detectable,Wear detectable
Bearing1_1,2577,2803,225,149.48352323246442,508.1930266737298,0.0,1145.5418555129747,Wear detectable,Wear detectable
Bearing1_1,2578,2803,224,167.29406740384732,508.1930266737298,0.0,1163.3523996843578,Wear detectable,Wear detectable
Bearing1_1,2579,2803,223,160.08240016910267,508.1930266737298,0.0,1156.140732449613,Wear detectable,Wear detectable
Bearing1_1,2580,2803,222,154.2579467193729,508.1930266737298,0.0,1150.3162789998833,Wear detectable,Wear detectable
Bearing1_1,2581,2803,221,159.20194591098493,508.1930266737298,0.0,1155.2602781914952,Wear detectable,Wear detectable
Bearing1_1,2582,2803,220,169.36918192502108,508.1930266737298,0.0,1165.4275142055315,Wear detectable,Wear detectable
Bearing1_1,2583,2803,219,153.89125294994832,508.1930266737298,0.0,1149.9495852304588,Wear detectable,Wear detectable
Bearing1_1,2584,2803,218,152.321553626197,508.1930266737298,0.0,1148.3798859067074,Wear detectable,Wear detectable
Bearing1_1,2585,2803,217,152.9467653887251,508.1930266737298,0.0,1149.0050976692355,Wear detectable,Wear detectable
Bearing1_1,2586,2803,216,163.05355442695287,508.1930266737298,0.0,1159.1118867074633,Wear detectable,Wear detectable
Bearing1_1,2587,2803,215,153.42731997178882,508.1930266737298,0.0,1149.4856522522991,Wear detectable,Wear detectable
Bearing1_1,2588,2803,214,149.34192658206626,508.1930266737298,0.0,1145.4002588625767,Wear detectable,Wear detectable
Bearing1_1,2589,2803,213,157.6140850719612,508.1930266737298,0.0,1153.6724173524717,Wear detectable,Wear detectable
Bearing1_1,2590,2803,212,151.30298472802204,508.1930266737298,0.0,1147.3613170085325,Wear detectable,Wear detectable
Bearing1_1,2591,2803,211,160.946797846778,508.1930266737298,0.0,1157.0051301272883,Wear detectable,Wear detectable
Bearing1_1,2592,2803,210,161.4385328877435,508.1930266737298,0.0,1157.4968651682539,Wear detectable,Wear detectable
Bearing1_1,2593,2803,209,157.10064884209478,508.1930266737298,0.0,1153.1589811226052,Wear detectable,Wear detectable
Bearing1_1,2594,2803,208,163.50987675081953,508.1930266737298,0.0,1159.5682090313298,Wear detectable,Wear detectable
Bearing1_1,2595,2803,207,146.59395907331609,508.1930266737298,0.0,1142.6522913538265,Wear detectable,Wear detectable
Bearing1_1,2596,2803,206,190.41612568895422,508.1930266737298,0.0,1186.4744579694645,Wear detectable,Wear detectable
Bearing1_1,2597,2803,205,157.7875914026874,508.1930266737298,0.0,1153.8459236831977,Wear detectable,Wear detectable
Bearing1_1,2598,2803,204,172.5741121270552,508.1930266737298,0.0,1168.6324444075656,Wear detectable,Wear detectable
Bearing1_1,2599,2803,203,169.31636741723946,508.1930266737298,0.0,1165.3746996977497,Wear detectable,Wear detectable
Bearing1_1,2600,2803,202,168.44286853068604,508.1930266737298,0.0,1164.5012008111964,Wear detectable,Wear detectable
Bearing1_1,2601,2803,201,170.1113983009494,508.1930266737298,0.0,1166.1697305814598,Wear detectable,Wear detectable
Bearing1_1,2602,2803,200,166.21617134447956,508.1930266737298,0.0,1162.2745036249898,Wear detectable,Wear detectable
Bearing1_1,2603,2803,199,178.64718549741704,508.1930266737298,0.0,1174.7055177779275,Wear detectable,Wear detectable
Bearing1_1,2604,2803,198,170.41629607348685,508.1930266737298,0.0,1166.4746283539973,Wear detectable,Wear detectable
Bearing1_1,2605,2803,197,175.53858727648804,508.1930266737298,0.0,1171.5969195569985,Wear detectable,Wear detectable
Bearing1_1,2606,2803,196,184.63334857829815,508.1930266737298,0.0,1180.6916808588085,Wear detectable,Wear detectable
Bearing1_1,2607,2803,195,171.6347503054035,508.1930266737298,0.0,1167.693082585914,Wear detectable,Wear detectable
Bearing1_1,2608,2803,194,187.13288182816336,508.1930266737298,0.0,1183.1912141086736,Wear detectable,Wear detectable
Bearing1_1,2609,2803,193,164.0426831978538,508.1930266737298,0.0,1160.1010154783642,Wear detectable,Wear detectable
Bearing1_1,2610,2803,192,161.77578139519193,508.1930266737298,0.0,1157.8341136757024,Wear detectable,Wear detectable
Bearing1_1,2611,2803,191,155.77265555648557,508.1930266737298,0.0,1151.830987836996,Wear detectable,Wear detectable
Bearing1_1,2612,2803,190,162.92604723657666,508.1930266737298,0.0,1158.984379517087,Wear detectable,Wear detectable
Bearing1_1,2613,2803,189,167.54944050474492,508.1930266737298,0.0,1163.6077727852553,Wear detectable,Wear detectable
Bearing1_1,2614,2803,188,169.98647573671653,508.1930266737298,0.0,1166.0448080172268,Wear detectable,Wear detectable
Bearing1_1,2615,2803,187,156.47112207119696,508.1930266737298,0.0,1152.5294543517073,Wear detectable,Wear detectable
Bearing1_1,2616,2803,186,165.1087865540137,508.1930266737298,0.0,1161.167118834524,Wear detectable,Wear detectable
Bearing1_1,2617,2803,185,166.66927593851997,508.1930266737298,0.0,1162.7276082190303,Wear detectable,Wear detectable
Bearing1_1,2618,2803,184,164.6318917403116,508.1930266737298,0.0,1160.690224020822,Wear detectable,Wear detectable
Bearing1_1,2619,2803,183,154.41849496219342,508.1930266737298,0.0,1150.4768272427038,Wear detectable,Wear detectable
Bearing1_1,2620,2803,182,166.156496069768,508.1930266737298,0.0,1162.2148283502784,Wear detectable,Wear detectable
Bearing1_1,2621,2803,181,159.56778721458917,508.1930266737298,0.0,1155.6261194950996,Wear detectable,Wear detectable
Bearing1_1,2622,2803,180,169.64808024812476,508.1930266737298,0.0,1165.7064125286352,Wear detectable,Wear detectable
Bearing1_1,2623,2803,179,165.4722576487974,508.1930266737298,0.0,1161.5305899293078,Wear detectable,Wear detectable
Bearing1_1,2624,2803,178,144.85804728761394,508.1930266737298,0.0,1140.9163795681243,Wear detectable,Wear detectable
Bearing1_1,2625,2803,177,154.05193854322005,508.1930266737298,0.0,1150.1102708237304,Wear detectable,Wear detectable
Bearing1_1,2626,2803,176,163.65631257648283,508.1930266737298,0.0,1159.7146448569933,Wear detectable,Wear detectable
Bearing1_1,2627,2803,175,159.85441214135204,508.1930266737298,0.0,1155.9127444218625,Wear detectable,Wear detectable
Bearing1_1,2628,2803,174,172.8258245034143,508.1930266737298,0.0,1168.8841567839247,Wear detectable,Wear detectable
Bearing1_1,2629,2803,173,171.71465631782655,508.1930266737298,0.0,1167.772988598337,Wear detectable,Wear detectable
Bearing1_1,2630,2803,172,166.85961542939017,508.1930266737298,0.0,1162.9179477099005,Wear detectable,Wear detectable
Bearing1_1,2631,2803,171,140.4105582331942,508.1930266737298,0.0,1136.4688905137045,Wear detectable,Wear detectable
Bearing1_1,2632,2803,170,176.07300132642848,508.1930266737298,0.0,1172.1313336069388,Wear detectable,Wear detectable
Bearing1_1,2633,2803,169,138.77540168860563,508.1930266737298,0.0,1134.833733969116,Wear detectable,Wear detectable
Bearing1_1,2634,2803,168,158.0133648426711,508.1930266737298,0.0,1154.0716971231816,Wear detectable,Wear detectable
Bearing1_1,2635,2803,167,157.26052127501652,508.1930266737298,0.0,1153.3188535555269,Wear detectable,Wear detectable
Bearing1_1,2636,2803,166,162.68071354267312,508.1930266737298,0.0,1158.7390458231835,Wear detectable,Wear detectable
Bearing1_1,2637,2803,165,156.57594372741391,508.1930266737298,0.0,1152.6342760079242,Wear detectable,Wear detectable
Bearing1_1,2638,2803,164,162.13777770450642,508.1930266737298,0.0,1158.1961099850168,Wear detectable,Wear detectable
Bearing1_1,2639,2803,163,161.64901734143004,508.1930266737298,0.0,1157.7073496219405,Wear detectable,Wear detectable
Bearing1_1,2640,2803,162,171.03848071324578,508.1930266737298,0.0,1167.0968129937562,Wear detectable,Wear detectable
Bearing1_1,2641,2803,161,176.39306001940838,508.1930266737298,0.0,1172.4513922999188,Wear detectable,Wear detectable
Bearing1_1,2642,2803,160,178.29410031250134,508.1930266737298,0.0,1174.3524325930118,Wear detectable,Wear detectable
Bearing1_1,2643,2803,159,172.97176464286548,508.1930266737298,0.0,1169.0300969233758,Wear detectable,Wear detectable
Bearing1_1,2644,2803,158,173.51771708462252,508.1930266737298,0.0,1169.5760493651328,Wear detectable,Wear detectable
Bearing1_1,2645,2803,157,169.60732327976052,508.1930266737298,0.0,1165.6656555602708,Wear detectable,Wear detectable
Bearing1_1,2646,2803,156,148.75885350797736,508.1930266737298,0.0,1144.8171857884877,Wear detectable,Wear detectable
Bearing1_1,2647,2803,155,161.88010952575698,508.1930266737298,0.0,1157.9384418062673,Wear detectable,Wear detectable
Bearing1_1,2648,2803,154,163.28736928429734,508.1930266737298,0.0,1159.3457015648078,Wear detectable,Wear detectable
Bearing1_1,2649,2803,153,173.54342739159148,508.1930266737298,0.0,1169.601759672102,Wear detectable,Wear detectable
Bearing1_1,2650,2803,152,187.02875034867017,508.1930266737298,0.0,1183.0870826291805,Wear detectable,Wear detectable
Bearing1_1,2651,2803,151,167.21939425161167,508.1930266737298,0.0,1163.277726532122,Wear detectable,Wear detectable
Bearing1_1,2652,2803,150,179.44536825213325,508.1930266737298,0.0,1175.5037005326437,Wear detectable,Wear detectable
Bearing1_1,2653,2803,149,176.6839511591598,508.1930266737298,0.0,1172.7422834396702,Wear detectable,Wear detectable
Bearing1_1,2654,2803,148,172.65849873791214,508.1930266737298,0.0,1168.7168310184225,Wear detectable,Wear detectable
Bearing1_1,2655,2803,147,172.98444273913594,508.1930266737298,0.0,1169.0427750196463,Wear detectable,Wear detectable
Bearing1_1,2656,2803,146,164.66029338970648,508.1930266737298,0.0,1160.7186256702169,Wear detectable,Wear detectable
Bearing1_1,2657,2803,145,175.48345268066015,508.1930266737298,0.0,1171.5417849611706,Wear detectable,Wear detectable
Bearing1_1,2658,2803,144,174.17803964829199,508.1930266737298,0.0,1170.2363719288023,Wear detectable,Wear detectable
Bearing1_1,2659,2803,143,165.3999899564227,508.1930266737298,0.0,1161.458322236933,Wear detectable,Wear detectable
Bearing1_1,2660,2803,142,168.9048106419667,508.1930266737298,0.0,1164.9631429224771,Wear detectable,Wear detectable
Bearing1_1,2661,2803,141,171.39742473409132,508.1930266737298,0.0,1167.4557570146017,Wear detectable,Wear detectable
Bearing1_1,2662,2803,140,179.26524382315182,508.1930266737298,0.0,1175.3235761036622,Wear detectable,Wear detectable
Bearing1_1,2663,2803,139,178.97657998697946,508.1930266737298,0.0,1175.0349122674897,Wear detectable,Wear detectable
Bearing1_1,2664,2803,138,173.6867450083878,508.1930266737298,0.0,1169.7450772888983,Wear detectable,Wear detectable
Bearing1_1,2665,2803,137,163.51776349887743,508.1930266737298,0.0,1159.5760957793877,Wear detectable,Wear detectable
Bearing1_1,2666,2803,136,165.21571091244988,508.1930266737298,0.0,1161.2740431929603,Wear detectable,Wear detectable
Bearing1_1,2667,2803,135,178.25194649767317,508.1930266737298,0.0,1174.3102787781836,Wear detectable,Wear detectable
Bearing1_1,2668,2803,134,178.39103304722912,508.1930266737298,0.0,1174.4493653277395,Wear detectable,Wear detectable
Bearing1_1,2669,2803,133,160.11475364613966,508.1930266737298,0.0,1156.17308592665,Wear detectable,Wear detectable
Bearing1_1,2670,2803,132,175.21226377690164,508.1930266737298,0.0,1171.2705960574121,Wear detectable,Wear detectable
Bearing1_1,2671,2803,131,190.68039498361122,508.1930266737298,0.0,1186.7387272641217,Wear detectable,Wear detectable
Bearing1_1,2672,2803,130,176.57129367885344,508.1930266737298,0.0,1172.629625959364,Wear detectable,Wear detectable
Bearing1_1,2673,2803,129,189.64328389582707,508.1930266737298,0.0,1185.7016161763374,Wear detectable,Wear detectable
Bearing1_1,2674,2803,128,172.51068212049353,508.1930266737298,0.0,1168.5690144010039,Wear detectable,Wear detectable
Bearing1_1,2675,2803,127,171.25350725112557,508.1930266737298,0.0,1167.311839531636,Wear detectable,Wear detectable
Bearing1_1,2676,2803,126,176.63698641004981,508.1930266737298,0.0,1172.6953186905603,Wear detectable,Wear detectable
Bearing1_1,2677,2803,125,180.35419339462138,508.1930266737298,0.0,1176.4125256751317,Wear detectable,Wear detectable
Bearing1_1,2678,2803,124,166.44714362846605,508.1930266737298,0.0,1162.5054759089765,Wear detectable,Wear detectable
Bearing1_1,2679,2803,123,179.29034664786965,508.1930266737298,0.0,1175.34867892838,Wear detectable,Wear detectable
Bearing1_1,2680,2803,122,183.0340699560534,508.1930266737298,0.0,1179.0924022365639,Wear detectable,Wear detectable
Bearing1_1,2681,2803,121,177.50270856746573,508.1930266737298,0.0,1173.561040847976,Wear detectable,Wear detectable
Bearing1_1,2682,2803,120,168.93366608344186,508.1930266737298,0.0,1164.9919983639522,Wear detectable,Wear detectable
Bearing1_1,2683,2803,119,171.38183364735363,508.1930266737298,0.0,1167.440165927864,Wear detectable,Wear detectable
Bearing1_1,2684,2803,118,182.22511002583215,508.1930266737298,0.0,1178.2834423063425,Wear detectable,Wear detectable
Bearing1_1,2685,2803,117,158.46860026461948,508.1930266737298,0.0,1154.52693254513,Wear detectable,Wear detectable
Bearing1_1,2686,2803,116,170.72989027958465,508.1930266737298,0.0,1166.7882225600952,Wear detectable,Wear detectable
Bearing1_1,2687,2803,115,171.7606403750155,508.1930266737298,0.0,1167.8189726555258,Wear detectable,Wear detectable
Bearing1_1,2688,2803,114,158.82814839127323,508.1930266737298,0.0,1154.8864806717836,Wear detectable,Wear detectable
Bearing1_1,2689,2803,113,172.3505181879826,508.1930266737298,0.0,1168.408850468493,Wear detectable,Wear detectable
Bearing1_1,2690,2803,112,174.25228213805133,508.1930266737298,0.0,1170.3106144185617,Wear detectable,Wear detectable
Bearing1_1,2691,2803,111,171.84647461033836,508.1930266737298,0.0,1167.9048068908487,Wear detectable,Wear detectable
Bearing1_1,2692,2803,110,173.95159737039413,508.1930266737298,0.0,1170.0099296509045,Wear detectable,Wear detectable
Bearing1_1,2693,2803,109,185.99398038096368,508.1930266737298,0.0,1182.0523126614742,Wear detectable,Wear detectable
Bearing1_1,2694,2803,108,186.11085694224482,508.1930266737298,0.0,1182.1691892227552,Wear detectable,Wear detectable
Bearing1_1,2695,2803,107,176.18971808555807,508.1930266737298,0.0,1172.2480503660686,Wear detectable,Wear detectable
Bearing1_1,2696,2803,106,182.77806146613358,508.1930266737298,0.0,1178.836393746644,Wear detectable,Wear detectable
Bearing1_1,2697,2803,105,162.59325650667955,508.1930266737298,0.0,1158.65158878719,Wear detectable,Wear detectable
Bearing1_1,2698,2803,104,183.49757807573104,508.1930266737298,0.0,1179.5559103562414,Wear detectable,Wear detectable
Bearing1_1,2699,2803,103,164.3917135892129,508.1930266737298,0.0,1160.4500458697232,Wear detectable,Wear detectable
Bearing1_1,2700,2803,102,168.89669456011745,508.1930266737298,0.0,1164.9550268406279,Wear detectable,Wear detectable
Bearing1_1,2701,2803,101,177.24527323957514,508.1930266737298,0.0,1173.3036055200855,Wear detectable,Wear detectable
Bearing1_1,2702,2803,100,179.2454073003871,508.1930266737298,0.0,1175.3037395808974,Imminent failure,Wear detectable
Bearing1_1,2703,2803,99,163.01455993562737,508.1930266737298,0.0,1159.0728922161377,Imminent failure,Wear detectable
Bearing1_1,2704,2803,98,179.77153943782685,508.1930266737298,0.0,1175.8298717183372,Imminent failure,Wear detectable
Bearing1_1,2705,2803,97,170.67879211475642,508.1930266737298,0.0,1166.7371243952668,Imminent failure,Wear detectable
Bearing1_1,2706,2803,96,174.87244890705742,508.1930266737298,0.0,1170.9307811875678,Imminent failure,Wear detectable
Bearing1_1,2707,2803,95,178.63849739916898,508.1930266737298,0.0,1174.6968296796795,Imminent failure,Wear detectable
Bearing1_1,2708,2803,94,183.31866587511527,508.1930266737298,0.0,1179.3769981556256,Imminent failure,Wear detectable
Bearing1_1,2709,2803,93,170.74648751948726,508.1930266737298,0.0,1166.8048197999976,Imminent failure,Wear detectable
Bearing1_1,2710,2803,92,181.10747339095073,508.1930266737298,0.0,1177.1658056714612,Imminent failure,Wear detectable
Bearing1_1,2711,2803,91,180.5171051333839,508.1930266737298,0.0,1176.5754374138942,Imminent failure,Wear detectable
Bearing1_1,2712,2803,90,174.91675514873864,508.1930266737298,0.0,1170.975087429249,Imminent failure,Wear detectable
Bearing1_1,2713,2803,89,168.6733065823562,508.1930266737298,0.0,1164.7316388628665,Imminent failure,Wear detectable
Bearing1_1,2714,2803,88,169.91230742861424,508.1930266737298,0.0,1165.9706397091247,Imminent failure,Wear detectable
Bearing1_1,2715,2803,87,166.0251132725605,508.1930266737298,0.0,1162.083445553071,Imminent failure,Wear detectable
Bearing1_1,2716,2803,86,176.26752815776598,508.1930266737298,0.0,1172.3258604382763,Imminent failure,Wear detectable
Bearing1_1,2717,2803,85,167.9802817231143,508.1930266737298,0.0,1164.0386140036246,Imminent failure,Wear detectable
Bearing1_1,2718,2803,84,178.38753765947163,508.1930266737298,0.0,1174.445869939982,Imminent failure,Wear detectable
Bearing1_1,2719,2803,83,182.99542505201697,508.1930266737298,0.0,1179.0537573325273,Imminent failure,Wear detectable
Bearing1_1,2720,2803,82,164.62684889753632,508.1930266737298,0.0,1160.6851811780466,Imminent failure,Wear detectable
Bearing1_1,2721,2803,81,179.1854175144918,508.1930266737298,0.0,1175.2437497950023,Imminent failure,Wear detectable
Bearing1_1,2722,2803,80,177.779388765092,508.1930266737298,0.0,1173.8377210456024,Imminent failure,Wear detectable
Bearing1_1,2723,2803,79,180.63382162627553,508.1930266737298,0.0,1176.692153906786,Imminent failure,Wear detectable
Bearing1_1,2724,2803,78,187.95983037390556,508.1930266737298,0.0,1184.0181626544158,Imminent failure,Wear detectable
Bearing1_1,2725,2803,77,174.47300898372214,508.1930266737298,0.0,1170.5313412642327,Imminent failure,Wear detectable
Bearing1_1,2726,2803,76,187.128591906509,508.1930266737298,0.0,1183.1869241870195,Imminent failure,Wear detectable
Bearing1_1,2727,2803,75,177.7858665506389,508.1930266737298,0.0,1173.8441988311492,Imminent failure,Wear detectable
Bearing1_1,2728,2803,74,178.59314576237756,508.1930266737298,0.0,1174.651478042888,Imminent failure,Wear detectable
Bearing1_1,2729,2803,73,170.96096997906503,508.1930266737298,0.0,1167.0193022595754,Imminent failure,Wear detectable
Bearing1_1,2730,2803,72,164.46212388452582,508.1930266737298,0.0,1160.5204561650362,Imminent failure,Wear detectable
Bearing1_1,2731,2803,71,177.86217790471903,508.1930266737298,0.0,1173.9205101852294,Imminent failure,Wear detectable
Bearing1_1,2732,2803,70,182.57743371074432,508.1930266737298,0.0,1178.6357659912546,Imminent failure,Wear detectable
Bearing1_1,2733,2803,69,180.96948998761,508.1930266737298,0.0,1177.0278222681204,Imminent failure,Wear detectable
Bearing1_1,2734,2803,68,181.8560308457212,508.1930266737298,0.0,1177.9143631262316,Imminent failure,Wear detectable
Bearing1_1,2735,2803,67,174.6130189215917,508.1930266737298,0.0,1170.6713512021022,Imminent failure,Wear detectable
Bearing1_1,2736,2803,66,180.45493706031473,508.1930266737298,0.0,1176.5132693408252,Imminent failure,Wear detectable
Bearing1_1,2737,2803,65,184.59373893029223,508.1930266737298,0.0,1180.6520712108027,Imminent failure,Wear detectable
Bearing1_1,2738,2803,64,176.88390611054214,508.1930266737298,0.0,1172.9422383910526,Imminent failure,Wear detectable
Bearing1_1,2739,2803,63,178.5034702467574,508.1930266737298,0.0,1174.561802527268,Imminent failure,Wear detectable
Bearing1_1,2740,2803,62,167.67841407308308,508.1930266737298,0.0,1163.7367463535934,Imminent failure,Wear detectable
Bearing1_1,2741,2803,61,170.6007244266908,508.1930266737298,0.0,1166.6590567072012,Imminent failure,Wear detectable
Bearing1_1,2742,2803,60,175.33267184380065,508.1930266737298,0.0,1171.3910041243112,Imminent failure,Wear detectable
Bearing1_1,2743,2803,59,184.2116604707736,508.1930266737298,0.0,1180.269992751284,Imminent failure,Wear detectable
Bearing1_1,2744,2803,58,175.87186791170072,508.1930266737298,0.0,1171.930200192211,Imminent failure,Wear detectable
Bearing1_1,2745,2803,57,176.18448917312836,508.1930266737298,0.0,1172.2428214536387,Imminent failure,Wear detectable
Bearing1_1,2746,2803,56,167.50259301016828,508.1930266737298,0.0,1163.5609252906786,Imminent failure,Wear detectable
Bearing1_1,2747,2803,55,175.99003163334322,508.1930266737298,0.0,1172.0483639138536,Imminent failure,Wear detectable
Bearing1_1,2748,2803,54,174.60008013726184,508.1930266737298,0.0,1170.6584124177723,Imminent failure,Wear detectable
Bearing1_1,2749,2803,53,182.67660219147152,508.1930266737298,0.0,1178.734934471982,Imminent failure,Wear detectable
Bearing1_1,2750,2803,52,179.9559034432754,508.1930266737298,0.0,1176.0142357237858,Imminent failure,Wear detectable
Bearing1_1,2751,2803,51,170.75991952449317,508.1930266737298,0.0,1166.8182518050035,Imminent failure,Wear detectable
Bearing1_1,2752,2803,50,166.6929670634101,508.1930266737298,0.0,1162.7512993439204,Imminent failure,Wear detectable
Bearing1_1,2753,2803,49,162.94735167047938,508.1930266737298,0.0,1159.0056839509898,Imminent failure,Wear detectable
Bearing1_1,2754,2803,48,187.10503043457527,508.1930266737298,0.0,1183.1633627150857,Imminent failure,Wear detectable
Bearing1_1,2755,2803,47,175.8553915862893,508.1930266737298,0.0,1171.9137238667997,Imminent failure,Wear detectable
Bearing1_1,2756,2803,46,171.63971135247823,508.1930266737298,0.0,1167.6980436329886,Imminent failure,Wear detectable
Bearing1_1,2757,2803,45,168.61673239050504,508.1930266737298,0.0,1164.6750646710154,Imminent failure,Wear detectable
Bearing1_1,2758,2803,44,182.085284879803,508.1930266737298,0.0,1178.1436171603134,Imminent failure,Wear detectable
Bearing1_1,2759,2803,43,160.29425098791853,508.1930266737298,0.0,1156.352583268429,Imminent failure,Wear detectable
Bearing1_1,2760,2803,42,155.1343549472555,508.1930266737298,0.0,1151.1926872277659,Imminent failure,Wear detectable
Bearing1_1,2761,2803,41,171.987930950035,508.1930266737298,0.0,1168.0462632305455,Imminent failure,Wear detectable
Bearing1_1,2762,2803,40,165.69190604112308,508.1930266737298,0.0,1161.7502383216336,Imminent failure,Wear detectable
Bearing1_1,2763,2803,39,170.4397291693858,508.1930266737298,0.0,1166.498061449896,Imminent failure,Wear detectable
Bearing1_1,2764,2803,38,159.03168514607606,508.1930266737298,0.0,1155.0900174265864,Imminent failure,Wear detectable
Bearing1_1,2765,2803,37,192.56240051187174,508.1930266737298,0.0,1188.6207327923821,Imminent failure,Wear detectable
Bearing1_1,2766,2803,36,186.05085767586573,508.1930266737298,0.0,1182.1091899563762,Imminent failure,Wear detectable
Bearing1_1,2767,2803,35,190.54306031299996,508.1930266737298,0.0,1186.6013925935104,Imminent failure,Wear detectable
Bearing1_1,2768,2803,34,192.54436266157182,508.1930266737298,0.0,1188.6026949420823,Imminent failure,Wear detectable
Bearing1_1,2769,2803,33,192.11448174900806,508.1930266737298,0.0,1188.1728140295186,Imminent failure,Wear detectable
Bearing1_1,2770,2803,32,192.5455489561415,508.1930266737298,0.0,1188.603881236652,Imminent failure,Wear detectable
Bearing1_1,2771,2803,31,192.55474234751955,508.1930266737298,0.0,1188.61307462803,Imminent failure,Wear detectable
Bearing1_1,2772,2803,30,191.2549077341316,508.1930266737298,0.0,1187.313240014642,Imminent failure,Wear detectable
Bearing1_1,2773,2803,29,192.56019873842754,508.1930266737298,0.0,1188.618531018938,Imminent failure,Wear detectable
Bearing1_1,2774,2803,28,192.56359345307072,508.1930266737298,0.0,1188.621925733581,Imminent failure,Wear detectable
Bearing1_1,2775,2803,27,183.59894902113393,508.1930266737298,0.0,1179.6572813016444,Imminent failure,Wear detectable
Bearing1_1,2776,2803,26,192.56423325005284,508.1930266737298,0.0,1188.6225655305632,Imminent failure,Wear detectable
Bearing1_1,2777,2803,25,192.1344437507179,508.1930266737298,0.0,1188.1927760312283,Imminent failure,Wear detectable
Bearing1_1,2778,2803,24,186.51045839963945,508.1930266737298,0.0,1182.56879068015,Imminent failure,Wear detectable
Bearing1_1,2779,2803,23,182.8028574412989,508.1930266737298,0.0,1178.8611897218093,Imminent failure,Wear detectable
Bearing1_1,2780,2803,22,191.7796248295862,508.1930266737298,0.0,1187.8379571100966,Imminent failure,Wear detectable
Bearing1_1,2781,2803,21,192.56522923880755,508.1930266737298,0.0,1188.623561519318,Imminent failure,Wear detectable
Bearing1_1,2782,2803,20,189.76454014057708,508.1930266737298,0.0,1185.8228724210876,Imminent failure,Wear detectable
Bearing1_1,2783,2803,19,192.54298023120396,508.1930266737298,0.0,1188.6013125117142,Imminent failure,Wear detectable
Bearing1_1,2784,2803,18,192.55919861740034,508.1930266737298,0.0,1188.6175308979107,Imminent failure,Wear detectable
Bearing1_1,2785,2803,17,192.44550090595658,508.1930266737298,0.0,1188.503833186467,Imminent failure,Wear detectable
Bearing1_1,2786,2803,16,192.5652410793645,508.1930266737298,0.0,1188.6235733598749,Imminent failure,Wear detectable
Bearing1_1,2787,2803,15,192.5643278354941,508.1930266737298,0.0,1188.6226601160045,Imminent failure,Wear detectable
Bearing1_1,2788,2803,14,192.56520586988208,508.1930266737298,0.0,1188.6235381503925,Imminent failure,Wear detectable
Bearing1_1,2789,2803,13,192.5651748688308,508.1930266737298,0.0,1188.623507149341,Imminent failure,Wear detectable
Bearing1_1,2790,2803,12,192.56523448348608,508.1930266737298,0.0,1188.6235667639965,Imminent failure,Wear detectable
Bearing1_1,2791,2803,11,192.56524110591533,508.1930266737298,0.0,1188.6235733864257,Imminent failure,Wear detectable
Bearing1_1,2792,2803,10,192.56524064072823,508.1930266737298,0.0,1188.6235729212385,Imminent failure,Wear detectable
Bearing1_1,2793,2803,9,192.56524109576108,508.1930266737298,0.0,1188.6235733762715,Imminent failure,Wear detectable
Bearing1_1,2794,2803,8,192.56517281122876,508.1930266737298,0.0,1188.6235050917392,Imminent failure,Wear detectable
Bearing1_1,2795,2803,7,192.56325484281362,508.1930266737298,0.0,1188.621587123324,Imminent failure,Wear detectable
Bearing1_1,2796,2803,6,192.56524110591533,508.1930266737298,0.0,1188.6235733864257,Imminent failure,Wear detectable
Bearing1_1,2797,2803,5,192.56524110587952,508.1930266737298,0.0,1188.62357338639,Imminent failure,Wear detectable
Bearing1_1,2798,2803,4,192.56524110591533,508.1930266737298,0.0,1188.6235733864257,Imminent failure,Wear detectable
Bearing1_1,2799,2803,3,192.56524110183113,508.1930266737298,0.0,1188.6235733823414,Imminent failure,Wear detectable
Bearing1_1,2800,2803,2,192.565241105873,508.1930266737298,0.0,1188.6235733863834,Imminent failure,Wear detectable
Bearing1_1,2801,2803,1,192.56524110591533,508.1930266737298,0.0,1188.6235733864257,Imminent failure,Wear detectable
Bearing1_1,2802,2803,0,192.56524110591533,508.1930266737298,0.0,1188.6235733864257,Imminent failure,Wear detectable
Bearing1_2,0,871,870,951.7790633006725,508.1930266737298,0.0,1947.837395581183,Non-critical,Non-critical
Bearing1_2,1,871,869,891.8795784578222,508.1930266737298,0.0,1887.9379107383324,Non-critical,Non-critical
Bearing1_2,2,871,868,857.3317725749481,508.1930266737298,0.0,1853.3901048554585,Non-critical,Non-critical
Bearing1_2,3,871,867,861.8779220866089,508.1930266737298,0.0,1857.9362543671193,Non-critical,Non-critical
Bearing1_2,4,871,866,850.5503058117886,508.1930266737298,0.0,1846.6086380922989,Non-critical,Non-critical
Bearing1_2,5,871,865,859.1874615514023,508.1930266737298,0.0,1855.2457938319126,Non-critical,Non-critical
Bearing1_2,6,871,864,846.5636111451682,508.1930266737298,0.0,1842.6219434256786,Non-critical,Non-critical
Bearing1_2,7,871,863,824.5519259470508,508.1930266737298,0.0,1820.6102582275612,Non-critical,Non-critical
Bearing1_2,8,871,862,877.9668277688955,508.1930266737298,0.0,1874.025160049406,Non-critical,Non-critical
Bearing1_2,9,871,861,750.266860031331,508.1930266737298,0.0,1746.3251923118414,Non-critical,Non-critical
Bearing1_2,10,871,860,753.7096572172202,508.1930266737298,0.0,1749.7679894977305,Non-critical,Non-critical
Bearing1_2,11,871,859,839.4589169719685,508.1930266737298,0.0,1835.517249252479,Non-critical,Non-critical
Bearing1_2,12,871,858,889.8450774952227,508.1930266737298,0.0,1885.903409775733,Non-critical,Non-critical
Bearing1_2,13,871,857,805.4847310858115,508.1930266737298,0.0,1801.5430633663218,Non-critical,Non-critical
Bearing1_2,14,871,856,818.8217059510201,508.1930266737298,0.0,1814.8800382315305,Non-critical,Non-critical
Bearing1_2,15,871,855,853.211362340874,508.1930266737298,0.0,1849.2696946213844,Non-critical,Non-critical
Bearing1_2,16,871,854,790.7904616181276,508.1930266737298,0.0,1786.848793898638,Non-critical,Non-critical
Bearing1_2,17,871,853,889.1262813797237,508.1930266737298,0.0,1885.184613660234,Non-critical,Non-critical
Bearing1_2,18,871,852,738.3920594157105,508.1930266737298,0.0,1734.4503916962208,Non-critical,Non-critical
Bearing1_2,19,871,851,822.2250889242898,508.1930266737298,0.0,1818.2834212048,Non-critical,Non-critical
Bearing1_2,20,871,850,777.7012191492944,508.1930266737298,0.0,1773.7595514298048,Non-critical,Non-critical
Bearing1_2,21,871,849,745.7437477756032,508.1930266737298,0.0,1741.8020800561135,Non-critical,Non-critical
Bearing1_2,22,871,848,796.2219421852897,508.1930266737298,0.0,1792.2802744658002,Non-critical,Non-critical
Bearing1_2,23,871,847,1019.298741626253,508.1930266737298,23.24040934574259,2015.3570739067634,Non-critical,Non-critical
Bearing1_2,24,871,846,782.3209367447146,508.1930266737298,0.0,1778.3792690252249,Non-critical,Non-critical
Bearing1_2,25,871,845,730.9861075930487,508.1930266737298,0.0,1727.044439873559,Non-critical,Non-critical
Bearing1_2,26,871,844,806.8501447561199,508.1930266737298,0.0,1802.9084770366303,Non-critical,Non-critical
Bearing1_2,27,871,843,712.8830650674212,508.1930266737298,0.0,1708.9413973479316,Non-critical,Non-critical
Bearing1_2,28,871,842,841.8289482393462,508.1930266737298,0.0,1837.8872805198566,Non-critical,Non-critical
Bearing1_2,29,871,841,797.3559913260144,508.1930266737298,0.0,1793.4143236065247,Non-critical,Non-critical
Bearing1_2,30,871,840,782.5086802042671,508.1930266737298,0.0,1778.5670124847775,Non-critical,Non-critical
Bearing1_2,31,871,839,749.2323997655094,508.1930266737298,0.0,1745.29073204602,Non-critical,Non-critical
Bearing1_2,32,871,838,746.6179016049399,508.1930266737298,0.0,1742.6762338854503,Non-critical,Non-critical
Bearing1_2,33,871,837,747.4512146780687,508.1930266737298,0.0,1743.509546958579,Non-critical,Non-critical
Bearing1_2,34,871,836,698.287817014488,508.1930266737298,0.0,1694.3461492949984,Non-critical,Non-critical
Bearing1_2,35,871,835,707.9232343835295,508.1930266737298,0.0,1703.9815666640397,Non-critical,Non-critical
Bearing1_2,36,871,834,721.2491101979269,508.1930266737298,0.0,1717.3074424784372,Non-critical,Non-critical
Bearing1_2,37,871,833,190.742896008191,508.1930266737298,0.0,1186.8012282887014,Non-critical,Wear detectable
Bearing1_2,38,871,832,672.010347892003,508.1930266737298,0.0,1668.0686801725133,Non-critical,Non-critical
Bearing1_2,39,871,831,861.359519384494,508.1930266737298,0.0,1857.4178516650045,Non-critical,Non-critical
Bearing1_2,40,871,830,749.2427420441525,508.1930266737298,0.0,1745.3010743246627,Non-critical,Non-critical
Bearing1_2,41,871,829,701.0704857049348,508.1930266737298,0.0,1697.128817985445,Non-critical,Non-critical
Bearing1_2,42,871,828,692.3545807857688,508.1930266737298,0.0,1688.412913066279,Non-critical,Non-critical
Bearing1_2,43,871,827,654.7402926605398,508.1930266737298,0.0,1650.79862494105,Non-critical,Non-critical
Bearing1_2,44,871,826,685.0725750952183,508.1930266737298,0.0,1681.1309073757288,Non-critical,Non-critical
Bearing1_2,45,871,825,858.8508967759916,508.1930266737298,0.0,1854.909229056502,Non-critical,Non-critical
Bearing1_2,46,871,824,833.5413224695986,508.1930266737298,0.0,1829.599654750109,Non-critical,Non-critical
Bearing1_2,47,871,823,725.4392611513882,508.1930266737298,0.0,1721.4975934318986,Non-critical,Non-critical
Bearing1_2,48,871,822,690.0689411430147,508.1930266737298,0.0,1686.1272734235251,Non-critical,Non-critical
Bearing1_2,49,871,821,697.0036800475714,508.1930266737298,0.0,1693.062012328082,Non-critical,Non-critical
Bearing1_2,50,871,820,662.0590013042827,508.1930266737298,0.0,1658.117333584793,Non-critical,Non-critical
Bearing1_2,51,871,819,688.8193400324697,508.1930266737298,0.0,1684.87767231298,Non-critical,Non-critical
Bearing1_2,52,871,818,748.5385468043429,508.1930266737298,0.0,1744.5968790848533,Non-critical,Non-critical
Bearing1_2,53,871,817,653.8409505591692,508.1930266737298,0.0,1649.8992828396795,Non-critical,Non-critical
Bearing1_2,54,871,816,650.6583773409512,508.1930266737298,0.0,1646.7167096214616,Non-critical,Non-critical
Bearing1_2,55,871,815,887.8159425907655,508.1930266737298,0.0,1883.874274871276,Non-critical,Non-critical
Bearing1_2,56,871,814,700.0018204279008,508.1930266737298,0.0,1696.0601527084114,Non-critical,Non-critical
Bearing1_2,57,871,813,706.4775297763313,508.1930266737298,0.0,1702.5358620568418,Non-critical,Non-critical
Bearing1_2,58,871,812,479.0311509193464,508.1930266737298,0.0,1475.0894831998567,Non-critical,Wear detectable
Bearing1_2,59,871,811,665.9456490843861,508.1930266737298,0.0,1662.0039813648964,Non-critical,Non-critical
Bearing1_2,60,871,810,195.1452567751633,508.1930266737298,0.0,1191.2035890556738,Non-critical,Wear detectable
Bearing1_2,61,871,809,216.40461396079948,508.1930266737298,0.0,1212.46294624131,Non-critical,Wear detectable
Bearing1_2,62,871,808,752.6390575015602,508.1930266737298,0.0,1748.6973897820706,Non-critical,Non-critical
Bearing1_2,63,871,807,984.8067538841849,508.1930266737298,0.0,1980.8650861646952,Non-critical,Non-critical
Bearing1_2,64,871,806,799.1837783793834,508.1930266737298,0.0,1795.2421106598938,Non-critical,Non-critical
Bearing1_2,65,871,805,777.8337038832465,508.1930266737298,0.0,1773.892036163757,Non-critical,Non-critical
Bearing1_2,66,871,804,171.44446096389842,508.1930266737298,0.0,1167.5027932444088,Non-critical,Wear detectable
Bearing1_2,67,871,803,191.70738358987057,508.1930266737298,0.0,1187.765715870381,Non-critical,Wear detectable
Bearing1_2,68,871,802,195.59423827414122,508.1930266737298,0.0,1191.6525705546517,Non-critical,Wear detectable
Bearing1_2,69,871,801,192.65125828021448,508.1930266737298,0.0,1188.7095905607248,Non-critical,Wear detectable
Bearing1_2,70,871,800,218.91109115812944,508.1930266737298,0.0,1214.9694234386398,Non-critical,Wear detectable
Bearing1_2,71,871,799,731.1988341534861,508.1930266737298,0.0,1727.2571664339966,Non-critical,Non-critical
Bearing1_2,72,871,798,693.7974612980997,508.1930266737298,0.0,1689.8557935786102,Non-critical,Non-critical
Bearing1_2,73,871,797,732.7538538221685,508.1930266737298,0.0,1728.8121861026789,Non-critical,Non-critical
Bearing1_2,74,871,796,691.9293812757892,508.1930266737298,0.0,1687.9877135562997,Non-critical,Non-critical
Bearing1_2,75,871,795,778.5605827610278,508.1930266737298,0.0,1774.6189150415382,Non-critical,Non-critical
Bearing1_2,76,871,794,755.818275016336,508.1930266737298,0.0,1751.8766072968465,Non-critical,Non-critical
Bearing1_2,77,871,793,653.0999937806299,508.1930266737298,0.0,1649.1583260611403,Non-critical,Non-critical
Bearing1_2,78,871,792,336.4647529985199,508.1930266737298,0.0,1332.5230852790303,Non-critical,Wear detectable
Bearing1_2,79,871,791,718.4048697560364,508.1930266737298,0.0,1714.4632020365468,Non-critical,Non-critical
Bearing1_2,80,871,790,639.2720512877805,508.1930266737298,0.0,1635.330383568291,Non-critical,Non-critical
Bearing1_2,81,871,789,683.3464222396397,508.1930266737298,0.0,1679.4047545201502,Non-critical,Non-critical
Bearing1_2,82,871,788,680.0397802498371,508.1930266737298,0.0,1676.0981125303474,Non-critical,Non-critical
Bearing1_2,83,871,787,687.6970994828032,508.1930266737298,0.0,1683.7554317633135,Non-critical,Non-critical
Bearing1_2,84,871,786,943.4626798121283,508.1930266737298,0.0,1939.5210120926386,Non-critical,Non-critical
Bearing1_2,85,871,785,783.7620722538013,508.1930266737298,0.0,1779.8204045343118,Non-critical,Non-critical
Bearing1_2,86,871,784,643.0957719766052,508.1930266737298,0.0,1639.1541042571157,Non-critical,Non-critical
Bearing1_2,87,871,783,594.1075945399706,508.1930266737298,0.0,1590.165926820481,Non-critical,Non-critical
Bearing1_2,88,871,782,772.2286655491748,508.1930266737298,0.0,1768.2869978296853,Non-critical,Non-critical
Bearing1_2,89,871,781,192.56533758932815,508.1930266737298,0.0,1188.6236698698385,Non-critical,Wear detectable
Bearing1_2,90,871,780,682.4496138912805,508.1930266737298,0.0,1678.507946171791,Non-critical,Non-critical
Bearing1_2,91,871,779,712.9326359798159,508.1930266737298,0.0,1708.9909682603263,Non-critical,Non-critical
Bearing1_2,92,871,778,667.9827910134778,508.1930266737298,0.0,1664.0411232939882,Non-critical,Non-critical
Bearing1_2,93,871,777,775.0225571262633,508.1930266737298,0.0,1771.0808894067736,Non-critical,Non-critical
Bearing1_2,94,871,776,203.86186959572834,508.1930266737298,0.0,1199.9202018762387,Non-critical,Wear detectable
Bearing1_2,95,871,775,758.7724517251704,508.1930266737298,0.0,1754.830784005681,Non-critical,Non-critical
Bearing1_2,96,871,774,203.50414269965702,508.1930266737298,0.0,1199.5624749801675,Non-critical,Wear detectable
Bearing1_2,97,871,773,192.5941206405881,508.1930266737298,0.0,1188.6524529210985,Non-critical,Wear detectable
Bearing1_2,98,871,772,633.7913824372549,508.1930266737298,0.0,1629.8497147177654,Non-critical,Non-critical
Bearing1_2,99,871,771,645.2293342443838,508.1930266737298,0.0,1641.2876665248941,Non-critical,Non-critical
Bearing1_2,100,871,770,682.9309440927118,508.1930266737298,0.0,1678.9892763732223,Non-critical,Non-critical
Bearing1_2,101,871,769,700.9010827617542,508.1930266737298,0.0,1696.9594150422645,Non-critical,Non-critical
Bearing1_2,102,871,768,732.1411420899987,508.1930266737298,0.0,1728.199474370509,Non-critical,Non-critical
Bearing1_2,103,871,767,669.0602035511888,508.1930266737298,0.0,1665.1185358316993,Non-critical,Non-critical
Bearing1_2,104,871,766,724.9038152458199,508.1930266737298,0.0,1720.9621475263302,Non-critical,Non-critical
Bearing1_2,105,871,765,893.4034967848218,508.1930266737298,0.0,1889.461829065332,Non-critical,Non-critical
Bearing1_2,106,871,764,654.1625662913831,508.1930266737298,0.0,1650.2208985718935,Non-critical,Non-critical
Bearing1_2,107,871,763,870.4810158992195,508.1930266737298,0.0,1866.53934817973,Non-critical,Non-critical
Bearing1_2,108,871,762,686.919060053367,508.1930266737298,0.0,1682.9773923338776,Non-critical,Non-critical
Bearing1_2,109,871,761,647.3144774629375,508.1930266737298,0.0,1643.3728097434478,Non-critical,Non-critical
Bearing1_2,110,871,760,727.8103654631208,508.1930266737298,0.0,1723.8686977436312,Non-critical,Non-critical
Bearing1_2,111,871,759,626.7784831181639,508.1930266737298,0.0,1622.8368153986744,Non-critical,Non-critical
Bearing1_2,112,871,758,660.0327077571419,508.1930266737298,0.0,1656.0910400376524,Non-critical,Non-critical
Bearing1_2,113,871,757,869.4410289236242,508.1930266737298,0.0,1865.4993612041346,Non-critical,Non-critical
Bearing1_2,114,871,756,879.0687077448588,508.1930266737298,0.0,1875.1270400253693,Non-critical,Non-critical
Bearing1_2,115,871,755,661.8381919923629,508.1930266737298,0.0,1657.8965242728732,Non-critical,Non-critical
Bearing1_2,116,871,754,193.0405276245633,508.1930266737298,0.0,1189.0988599050738,Non-critical,Wear detectable
Bearing1_2,117,871,753,216.46621273903293,508.1930266737298,0.0,1212.5245450195434,Non-critical,Wear detectable
Bearing1_2,118,871,752,663.378526397192,508.1930266737298,0.0,1659.4368586777023,Non-critical,Non-critical
Bearing1_2,119,871,751,193.38542101982063,508.1930266737298,0.0,1189.443753300331,Non-critical,Wear detectable
Bearing1_2,120,871,750,518.9040706831233,508.1930266737298,0.0,1514.9624029636338,Non-critical,Non-critical
Bearing1_2,121,871,749,631.8337828534285,508.1930266737298,0.0,1627.892115133939,Non-critical,Non-critical
Bearing1_2,122,871,748,193.476898128316,508.1930266737298,0.0,1189.5352304088265,Non-critical,Wear detectable
Bearing1_2,123,871,747,244.3432178411036,508.1930266737298,0.0,1240.401550121614,Non-critical,Wear detectable
Bearing1_2,124,871,746,750.8912493795247,508.1930266737298,0.0,1746.9495816600352,Non-critical,Non-critical
Bearing1_2,125,871,745,665.9832762496263,508.1930266737298,0.0,1662.0416085301367,Non-critical,Non-critical
Bearing1_2,126,871,744,188.807227188644,508.1930266737298,0.0,1184.8655594691545,Non-critical,Wear detectable
Bearing1_2,127,871,743,192.56524110591533,508.1930266737298,0.0,1188.6235733864257,Non-critical,Wear detectable
Bearing1_2,128,871,742,635.8228380780038,508.1930266737298,0.0,1631.8811703585143,Non-critical,Non-critical
Bearing1_2,129,871,741,190.33486603364403,508.1930266737298,0.0,1186.3931983141545,Non-critical,Wear detectable
Bearing1_2,130,871,740,178.8057257304899,508.1930266737298,0.0,1174.8640580110002,Non-critical,Wear detectable
Bearing1_2,131,871,739,825.6089855210942,508.1930266737298,0.0,1821.6673178016044,Non-critical,Non-critical
Bearing1_2,132,871,738,729.7053275358148,508.1930266737298,0.0,1725.7636598163253,Non-critical,Non-critical
Bearing1_2,133,871,737,818.0098868314931,508.1930266737298,0.0,1814.0682191120036,Non-critical,Non-critical
Bearing1_2,134,871,736,190.63170193301303,508.1930266737298,0.0,1186.6900342135234,Non-critical,Wear detectable
Bearing1_2,135,871,735,639.6662997300357,508.1930266737298,0.0,1635.724632010546,Non-critical,Non-critical
Bearing1_2,136,871,734,192.56998766150875,508.1930266737298,0.0,1188.628319942019,Non-critical,Wear detectable
Bearing1_2,137,871,733,632.0227716744993,508.1930266737298,0.0,1628.0811039550097,Non-critical,Non-critical
Bearing1_2,138,871,732,747.3443796213397,508.1930266737298,0.0,1743.4027119018501,Non-critical,Non-critical
Bearing1_2,139,871,731,783.4602824973772,508.1930266737298,0.0,1779.5186147778877,Non-critical,Non-critical
Bearing1_2,140,871,730,810.5223269869502,508.1930266737298,0.0,1806.5806592674608,Non-critical,Non-critical
Bearing1_2,141,871,729,604.8300376892887,508.1930266737298,0.0,1600.888369969799,Non-critical,Non-critical
Bearing1_2,142,871,728,600.4677957429469,508.1930266737298,0.0,1596.5261280234572,Non-critical,Non-critical
Bearing1_2,143,871,727,379.57813810675964,508.1930266737298,0.0,1375.63647038727,Non-critical,Wear detectable
Bearing1_2,144,871,726,185.47606854335007,508.1930266737298,0.0,1181.5344008238606,Non-critical,Wear detectable
Bearing1_2,145,871,725,192.5732549293004,508.1930266737298,0.0,1188.6315872098107,Non-critical,Wear detectable
Bearing1_2,146,871,724,612.5778020503499,508.1930266737298,0.0,1608.6361343308604,Non-critical,Non-critical
Bearing1_2,147,871,723,192.56653529627457,508.1930266737298,0.0,1188.624867576785,Non-critical,Wear detectable
Bearing1_2,148,871,722,705.06111737689,508.1930266737298,0.0,1701.1194496574003,Non-critical,Non-critical
Bearing1_2,149,871,721,192.56524173053427,508.1930266737298,0.0,1188.6235740110446,Non-critical,Wear detectable
Bearing1_2,150,871,720,642.9270134787859,508.1930266737298,0.0,1638.9853457592963,Non-critical,Non-critical
Bearing1_2,151,871,719,649.8813204848213,508.1930266737298,0.0,1645.9396527653316,Non-critical,Non-critical
Bearing1_2,152,871,718,192.53417735280993,508.1930266737298,0.0,1188.5925096333203,Non-critical,Wear detectable
Bearing1_2,153,871,717,192.91587237045772,508.1930266737298,0.0,1188.9742046509682,Non-critical,Wear detectable
Bearing1_2,154,871,716,278.81666197712497,508.1930266737298,0.0,1274.8749942576353,Non-critical,Wear detectable
Bearing1_2,155,871,715,184.23813695820868,508.1930266737298,0.0,1180.296469238719,Non-critical,Wear detectable
Bearing1_2,156,871,714,241.05221003168955,508.1930266737298,0.0,1237.1105423121999,Non-critical,Wear detectable
Bearing1_2,157,871,713,195.27592100682847,508.1930266737298,0.0,1191.334253287339,Non-critical,Wear detectable
Bearing1_2,158,871,712,192.53938444431662,508.1930266737298,0.0,1188.597716724827,Non-critical,Wear detectable
Bearing1_2,159,871,711,669.8074975465659,508.1930266737298,0.0,1665.8658298270761,Non-critical,Non-critical
Bearing1_2,160,871,710,204.74196835998777,508.1930266737298,0.0,1200.800300640498,Non-critical,Wear detectable
Bearing1_2,161,871,709,635.2445293387518,508.1930266737298,0.0,1631.3028616192623,Non-critical,Non-critical
Bearing1_2,162,871,708,192.51375232885314,508.1930266737298,0.0,1188.5720846093636,Non-critical,Wear detectable
Bearing1_2,163,871,707,799.2830322431599,508.1930266737298,0.0,1795.3413645236703,Non-critical,Non-critical
Bearing1_2,164,871,706,195.60108526566032,508.1930266737298,0.0,1191.6594175461707,Non-critical,Wear detectable
Bearing1_2,165,871,705,192.56524110591533,508.1930266737298,0.0,1188.6235733864257,Non-critical,Wear detectable
Bearing1_2,166,871,704,705.1545447386736,508.1930266737298,0.0,1701.212877019184,Non-critical,Non-critical
Bearing1_2,167,871,703,438.088249840154,508.1930266737298,0.0,1434.1465821206643,Non-critical,Wear detectable
Bearing1_2,168,871,702,913.4786138599126,508.1930266737298,0.0,1909.536946140423,Non-critical,Non-critical
Bearing1_2,169,871,701,699.5426938914459,508.1930266737298,0.0,1695.6010261719562,Non-critical,Non-critical
Bearing1_2,170,871,700,638.745058069878,508.1930266737298,0.0,1634.8033903503883,Non-critical,Non-critical
Bearing1_2,171,871,699,193.20544323800095,508.1930266737298,0.0,1189.2637755185115,Non-critical,Wear detectable
Bearing1_2,172,871,698,708.6684390080725,508.1930266737298,0.0,1704.7267712885828,Non-critical,Non-critical
Bearing1_2,173,871,697,744.5641262381786,508.1930266737298,0.0,1740.622458518689,Non-critical,Non-critical
Bearing1_2,174,871,696,359.4866723194999,508.1930266737298,0.0,1355.5450046000103,Non-critical,Wear detectable
Bearing1_2,175,871,695,192.51196054440655,508.1930266737298,0.0,1188.570292824917,Non-critical,Wear detectable
Bearing1_2,176,871,694,838.2137969419136,508.1930266737298,0.0,1834.2721292224242,Non-critical,Non-critical
Bearing1_2,177,871,693,167.55168854810555,508.1930266737298,0.0,1163.610020828616,Non-critical,Wear detectable
Bearing1_2,178,871,692,591.6619952247202,508.1930266737298,0.0,1587.7203275052307,Non-critical,Non-critical
Bearing1_2,179,871,691,643.1475098092592,508.1930266737298,0.0,1639.2058420897697,Non-critical,Non-critical
Bearing1_2,180,871,690,596.5289495477393,508.1930266737298,0.0,1592.5872818282496,Non-critical,Non-critical
Bearing1_2,181,871,689,192.65298662203566,508.1930266737298,0.0,1188.711318902546,Non-critical,Wear detectable
Bearing1_2,182,871,688,605.0582124957672,508.1930266737298,0.0,1601.1165447762776,Non-critical,Non-critical
Bearing1_2,183,871,687,790.8990544825656,508.1930266737298,0.0,1786.957386763076,Non-critical,Non-critical
Bearing1_2,184,871,686,686.2295249722288,508.1930266737298,0.0,1682.2878572527393,Non-critical,Non-critical
Bearing1_2,185,871,685,190.51548517071436,508.1930266737298,0.0,1186.5738174512248,Non-critical,Wear detectable
Bearing1_2,186,871,684,966.4583286600518,508.1930266737298,0.0,1962.5166609405624,Non-critical,Non-critical
Bearing1_2,187,871,683,753.9912251940389,508.1930266737298,0.0,1750.0495574745491,Non-critical,Non-critical
Bearing1_2,188,871,682,611.573905364588,508.1930266737298,0.0,1607.6322376450985,Non-critical,Non-critical
Bearing1_2,189,871,681,678.15360782734,508.1930266737298,0.0,1674.2119401078503,Non-critical,Non-critical
Bearing1_2,190,871,680,643.1108838234503,508.1930266737298,0.0,1639.1692161039607,Non-critical,Non-critical
Bearing1_2,191,871,679,192.5652411059166,508.1930266737298,0.0,1188.623573386427,Non-critical,Wear detectable
Bearing1_2,192,871,678,192.64391326894977,508.1930266737298,0.0,1188.7022455494603,Non-critical,Wear detectable
Bearing1_2,193,871,677,201.38755614520053,508.1930266737298,0.0,1197.445888425711,Non-critical,Wear detectable
Bearing1_2,194,871,676,601.2785151862295,508.1930266737298,0.0,1597.33684746674,Non-critical,Non-critical
Bearing1_2,195,871,675,612.4018066993872,508.1930266737298,0.0,1608.4601389798977,Non-critical,Non-critical
Bearing1_2,196,871,674,717.5135827633545,508.1930266737298,0.0,1713.571915043865,Non-critical,Non-critical
Bearing1_2,197,871,673,650.6645612007718,508.1930266737298,0.0,1646.7228934812822,Non-critical,Non-critical
Bearing1_2,198,871,672,245.96987198541927,508.1930266737298,0.0,1242.0282042659296,Non-critical,Wear detectable
Bearing1_2,199,871,671,676.1891102849371,508.1930266737298,0.0,1672.2474425654475,Non-critical,Non-critical
Bearing1_2,200,871,670,606.9237280942605,508.1930266737298,0.0,1602.9820603747708,Non-critical,Non-critical
Bearing1_2,201,871,669,192.56524110591533,508.1930266737298,0.0,1188.6235733864257,Non-critical,Wear detectable
Bearing1_2,202,871,668,192.56524110591533,508.1930266737298,0.0,1188.6235733864257,Non-critical,Wear detectable
Bearing1_2,203,871,667,635.1592539316536,508.1930266737298,0.0,1631.217586212164,Non-critical,Non-critical
Bearing1_2,204,871,666,596.5557895600482,508.1930266737298,0.0,1592.6141218405587,Non-critical,Non-critical
Bearing1_2,205,871,665,214.04076154679456,508.1930266737298,0.0,1210.0990938273048,Non-critical,Wear detectable
Bearing1_2,206,871,664,587.6766475950651,508.1930266737298,0.0,1583.7349798755754,Non-critical,Non-critical
Bearing1_2,207,871,663,608.4624857335116,508.1930266737298,0.0,1604.520818014022,Non-critical,Non-critical
Bearing1_2,208,871,662,173.7310760299727,508.1930266737298,0.0,1169.7894083104832,Non-critical,Wear detectable
Bearing1_2,209,871,661,592.2033020558067,508.1930266737298,0.0,1588.261634336317,Non-critical,Non-critical
Bearing1_2,210,871,660,769.2294306228811,508.1930266737298,0.0,1765.2877629033915,Non-critical,Non-critical
Bearing1_2,211,871,659,606.691251219966,508.1930266737298,0.0,1602.7495835004765,Non-critical,Non-critical
Bearing1_2,212,871,658,191.7591521299037,508.1930266737298,0.0,1187.8174844104142,Non-critical,Wear detectable
Bearing1_2,213,871,657,195.87016605471865,508.1930266737298,0.0,1191.928498335229,Non-critical,Wear detectable
Bearing1_2,214,871,656,807.5073947967504,508.1930266737298,0.0,1803.5657270772608,Non-critical,Non-critical
Bearing1_2,215,871,655,608.1710969098285,508.1930266737298,0.0,1604.229429190339,Non-critical,Non-critical
Bearing1_2,216,871,654,666.906895055236,508.1930266737298,0.0,1662.9652273357465,Non-critical,Non-critical
Bearing1_2,217,871,653,581.3297164835463,508.1930266737298,0.0,1577.3880487640567,Non-critical,Non-critical
Bearing1_2,218,871,652,197.48645812994818,508.1930266737298,0.0,1193.5447904104585,Non-critical,Wear detectable
Bearing1_2,219,871,651,594.6043460266123,508.1930266737298,0.0,1590.6626783071229,Non-critical,Non-critical
Bearing1_2,220,871,650,597.1881537281383,508.1930266737298,0.0,1593.2464860086488,Non-critical,Non-critical
Bearing1_2,221,871,649,662.7754477236576,508.1930266737298,0.0,1658.8337800041681,Non-critical,Non-critical
Bearing1_2,222,871,648,192.56524112337922,508.1930266737298,0.0,1188.6235734038896,Non-critical,Wear detectable
Bearing1_2,223,871,647,565.0710031470674,508.1930266737298,0.0,1561.1293354275776,Non-critical,Non-critical
Bearing1_2,224,871,646,570.908302161125,508.1930266737298,0.0,1566.9666344416355,Non-critical,Non-critical
Bearing1_2,225,871,645,623.8981961025489,508.1930266737298,0.0,1619.9565283830593,Non-critical,Non-critical
Bearing1_2,226,871,644,842.081286624678,508.1930266737298,0.0,1838.1396189051884,Non-critical,Non-critical
Bearing1_2,227,871,643,581.4720973605629,508.1930266737298,0.0,1577.5304296410732,Non-critical,Non-critical
Bearing1_2,228,871,642,193.05051078570727,508.1930266737298,0.0,1189.1088430662176,Non-critical,Wear detectable
Bearing1_2,229,871,641,192.56524172332024,508.1930266737298,0.0,1188.6235740038305,Non-critical,Wear detectable
Bearing1_2,230,871,640,686.5677606359727,508.1930266737298,0.0,1682.6260929164832,Non-critical,Non-critical
Bearing1_2,231,871,639,192.56342110716187,508.1930266737298,0.0,1188.6217533876722,Non-critical,Wear detectable
Bearing1_2,232,871,638,601.3291388470798,508.1930266737298,0.0,1597.3874711275903,Non-critical,Non-critical
Bearing1_2,233,871,637,716.793705637109,508.1930266737298,0.0,1712.8520379176193,Non-critical,Non-critical
Bearing1_2,234,871,636,191.58488214262954,508.1930266737298,0.0,1187.6432144231399,Non-critical,Wear detectable
Bearing1_2,235,871,635,192.6224130772293,508.1930266737298,0.0,1188.6807453577396,Non-critical,Wear detectable
Bearing1_2,236,871,634,609.4474887384346,508.1930266737298,0.0,1605.505821018945,Non-critical,Non-critical
Bearing1_2,237,871,633,197.93855063482212,508.1930266737298,0.0,1193.9968829153324,Non-critical,Wear detectable
Bearing1_2,238,871,632,196.79021877608682,508.1930266737298,0.0,1192.8485510565972,Non-critical,Wear detectable
Bearing1_2,239,871,631,193.83546661374433,508.1930266737298,0.0,1189.8937988942548,Non-critical,Wear detectable
Bearing1_2,240,871,630,189.70294832015344,508.1930266737298,0.0,1185.761280600664,Non-critical,Wear detectable
Bearing1_2,241,871,629,192.56524110591533,508.1930266737298,0.0,1188.6235733864257,Non-critical,Wear detectable
Bearing1_2,242,871,628,604.7445015870185,508.1930266737298,0.0,1600.802833867529,Non-critical,Non-critical
Bearing1_2,243,871,627,625.2483096114438,508.1930266737298,0.0,1621.3066418919543,Non-critical,Non-critical
Bearing1_2,244,871,626,192.5563091898694,508.1930266737298,0.0,1188.6146414703799,Non-critical,Wear detectable
Bearing1_2,245,871,625,591.5917935792254,508.1930266737298,0.0,1587.650125859736,Non-critical,Non-critical
Bearing1_2,246,871,624,192.56635199351717,508.1930266737298,0.0,1188.6246842740275,Non-critical,Wear detectable
Bearing1_2,247,871,623,754.5407176774037,508.1930266737298,0.0,1750.599049957914,Non-critical,Non-critical
Bearing1_2,248,871,622,575.4561750208504,508.1930266737298,0.0,1571.514507301361,Non-critical,Non-critical
Bearing1_2,249,871,621,403.326053722944,508.1930266737298,0.0,1399.3843860034544,Non-critical,Wear detectable
Bearing1_2,250,871,620,615.9271410514943,508.1930266737298,0.0,1611.9854733320049,Non-critical,Non-critical
Bearing1_2,251,871,619,554.102800731331,508.1930266737298,0.0,1550.1611330118412,Non-critical,Non-critical
Bearing1_2,252,871,618,601.2132506450423,508.1930266737298,0.0,1597.2715829255526,Non-critical,Non-critical
Bearing1_2,253,871,617,672.3835960366922,508.1930266737298,0.0,1668.4419283172026,Non-critical,Non-critical
Bearing1_2,254,871,616,760.6990670271205,508.1930266737298,0.0,1756.7573993076307,Non-critical,Non-critical
Bearing1_2,255,871,615,186.06558086389896,508.1930266737298,0.0,1182.1239131444095,Non-critical,Wear detectable
Bearing1_2,256,871,614,587.4446026873865,508.1930266737298,0.0,1583.5029349678969,Non-critical,Non-critical
Bearing1_2,257,871,613,585.1766034591079,508.1930266737298,0.0,1581.2349357396183,Non-critical,Non-critical
Bearing1_2,258,871,612,193.54748674023037,508.1930266737298,0.0,1189.6058190207407,Non-critical,Wear detectable
Bearing1_2,259,871,611,857.207508909998,508.1930266737298,0.0,1853.2658411905084,Non-critical,Non-critical
Bearing1_2,260,871,610,672.5329525053603,508.1930266737298,0.0,1668.5912847858708,Non-critical,Non-critical
Bearing1_2,261,871,609,178.40587319084537,508.1930266737298,0.0,1174.4642054713559,Non-critical,Wear detectable
Bearing1_2,262,871,608,192.56524111240935,508.1930266737298,0.0,1188.6235733929198,Non-critical,Wear detectable
Bearing1_2,263,871,607,931.2360313504828,508.1930266737298,0.0,1927.2943636309933,Non-critical,Non-critical
Bearing1_2,264,871,606,192.5652410946347,508.1930266737298,0.0,1188.623573375145,Non-critical,Wear detectable
Bearing1_2,265,871,605,645.9742280758346,508.1930266737298,0.0,1642.0325603563451,Non-critical,Non-critical
Bearing1_2,266,871,604,680.7757431145773,508.1930266737298,0.0,1676.8340753950877,Non-critical,Non-critical
Bearing1_2,267,871,603,894.2117366271707,508.1930266737298,0.0,1890.270068907681,Non-critical,Non-critical
Bearing1_2,268,871,602,192.5839317279453,508.1930266737298,0.0,1188.6422640084556,Non-critical,Wear detectable
Bearing1_2,269,871,601,797.1371962862044,508.1930266737298,0.0,1793.1955285667148,Non-critical,Non-critical
Bearing1_2,270,871,600,565.5818943817676,508.1930266737298,0.0,1561.640226662278,Non-critical,Non-critical
Bearing1_2,271,871,599,583.9608155920198,508.1930266737298,0.0,1580.01914787253,Non-critical,Non-critical
Bearing1_2,272,871,598,793.3545895993099,508.1930266737298,0.0,1789.4129218798203,Non-critical,Non-critical
Bearing1_2,273,871,597,192.56524110610593,508.1930266737298,0.0,1188.6235733866163,Non-critical,Wear detectable
Bearing1_2,274,871,596,545.7090334491572,508.1930266737298,0.0,1541.7673657296677,Non-critical,Non-critical
Bearing1_2,275,871,595,525.1976563796711,508.1930266737298,0.0,1521.2559886601816,Non-critical,Non-critical
Bearing1_2,276,871,594,435.22568534629426,508.1930266737298,0.0,1431.2840176268046,Non-critical,Wear detectable
Bearing1_2,277,871,593,623.8360496740252,508.1930266737298,0.0,1619.8943819545357,Non-critical,Non-critical
Bearing1_2,278,871,592,598.829304161799,508.1930266737298,0.0,1594.8876364423095,Non-critical,Non-critical
Bearing1_2,279,871,591,571.0751076324295,508.1930266737298,0.0,1567.13343991294,Non-critical,Non-critical
Bearing1_2,280,871,590,198.21929104156266,508.1930266737298,0.0,1194.277623322073,Non-critical,Wear detectable
Bearing1_2,281,871,589,583.6045362579725,508.1930266737298,0.0,1579.662868538483,Non-critical,Non-critical
Bearing1_2,282,871,588,192.42271576325598,508.1930266737298,0.0,1188.4810480437664,Non-critical,Wear detectable
Bearing1_2,283,871,587,640.5974598101093,508.1930266737298,0.0,1636.6557920906198,Non-critical,Non-critical
Bearing1_2,284,871,586,556.787392477541,508.1930266737298,0.0,1552.8457247580513,Non-critical,Non-critical
Bearing1_2,285,871,585,692.3834426799806,508.1930266737298,0.0,1688.4417749604909,Non-critical,Non-critical
Bearing1_2,286,871,584,547.6894542966425,508.1930266737298,0.0,1543.747786577153,Non-critical,Non-critical
Bearing1_2,287,871,583,552.7231435869537,508.1930266737298,0.0,1548.781475867464,Non-critical,Non-critical
Bearing1_2,288,871,582,192.5641120725692,508.1930266737298,0.0,1188.6224443530796,Non-critical,Wear detectable
Bearing1_2,289,871,581,539.513458284289,508.1930266737298,0.0,1535.5717905647994,Non-critical,Non-critical
Bearing1_2,290,871,580,203.83078343854706,508.1930266737298,0.0,1199.8891157190574,Non-critical,Wear detectable
Bearing1_2,291,871,579,540.6042929017342,508.1930266737298,0.0,1536.6626251822445,Non-critical,Non-critical
Bearing1_2,292,871,578,704.1367445539704,508.1930266737298,0.0,1700.195076834481,Non-critical,Non-critical
Bearing1_2,293,871,577,571.9381101933673,508.1930266737298,0.0,1567.9964424738778,Non-critical,Non-critical
Bearing1_2,294,871,576,554.8621722494153,508.1930266737298,0.0,1550.9205045299257,Non-critical,Non-critical
Bearing1_2,295,871,575,192.56524110591533,508.1930266737298,0.0,1188.6235733864257,Non-critical,Wear detectable
Bearing1_2,296,871,574,525.3196016526149,508.1930266737298,0.0,1521.3779339331254,Non-critical,Non-critical
Bearing1_2,297,871,573,551.4470956473635,508.1930266737298,0.0,1547.5054279278738,Non-critical,Non-critical
Bearing1_2,298,871,572,507.95864705752325,508.1930266737298,0.0,1504.0169793380337,Non-critical,Non-critical
Bearing1_2,299,871,571,616.3601487885934,508.1930266737298,0.0,1612.4184810691038,Non-critical,Non-critical
Bearing1_2,300,871,570,523.9239574759979,508.1930266737298,0.0,1519.9822897565082,Non-critical,Non-critical
Bearing1_2,301,871,569,617.1136173823472,508.1930266737298,0.0,1613.1719496628575,Non-critical,Non-critical
Bearing1_2,302,871,568,581.3781906575025,508.1930266737298,0.0,1577.4365229380128,Non-critical,Non-critical
Bearing1_2,303,871,567,533.0688928086114,508.1930266737298,0.0,1529.1272250891218,Non-critical,Non-critical
Bearing1_2,304,871,566,524.7007734068914,508.1930266737298,0.0,1520.7591056874016,Non-critical,Non-critical
Bearing1_2,305,871,565,880.4760441201655,508.1930266737298,0.0,1876.534376400676,Non-critical,Non-critical
Bearing1_2,306,871,564,192.56524110591533,508.1930266737298,0.0,1188.6235733864257,Non-critical,Wear detectable
Bearing1_2,307,871,563,641.0923950824645,508.1930266737298,0.0,1637.150727362975,Non-critical,Non-critical
Bearing1_2,308,871,562,520.9065076080973,508.1930266737298,0.0,1516.9648398886077,Non-critical,Non-critical
Bearing1_2,309,871,561,578.8474893806717,508.1930266737298,0.0,1574.905821661182,Non-critical,Non-critical
Bearing1_2,310,871,560,193.45150096205722,508.1930266737298,0.0,1189.5098332425675,Non-critical,Wear detectable
Bearing1_2,311,871,559,559.9549702209997,508.1930266737298,0.0,1556.0133025015102,Non-critical,Non-critical
Bearing1_2,312,871,558,527.1238709879949,508.1930266737298,0.0,1523.1822032685054,Non-critical,Non-critical
Bearing1_2,313,871,557,581.1092445847387,508.1930266737298,0.0,1577.167576865249,Non-critical,Non-critical
Bearing1_2,314,871,556,578.9604563841319,508.1930266737298,0.0,1575.0187886646422,Non-critical,Non-critical
Bearing1_2,315,871,555,199.57753694628425,508.1930266737298,0.0,1195.6358692267947,Non-critical,Wear detectable
Bearing1_2,316,871,554,539.0515908269113,508.1930266737298,0.0,1535.1099231074218,Non-critical,Non-critical
Bearing1_2,317,871,553,539.2355485788106,508.1930266737298,0.0,1535.293880859321,Non-critical,Non-critical
Bearing1_2,318,871,552,291.01415729722737,508.1930266737298,0.0,1287.0724895777378,Non-critical,Wear detectable
Bearing1_2,319,871,551,521.1236920777562,508.1930266737298,0.0,1517.1820243582665,Non-critical,Non-critical
Bearing1_2,320,871,550,509.9073509279797,508.1930266737298,0.0,1505.9656832084902,Non-critical,Non-critical
Bearing1_2,321,871,549,586.855151324128,508.1930266737298,0.0,1582.9134836046383,Non-critical,Non-critical
Bearing1_2,322,871,548,517.0142103196694,508.1930266737298,0.0,1513.0725426001798,Non-critical,Non-critical
Bearing1_2,323,871,547,192.44669220436373,508.1930266737298,0.0,1188.5050244848742,Non-critical,Wear detectable
Bearing1_2,324,871,546,484.4633221474568,508.1930266737298,0.0,1480.5216544279672,Non-critical,Wear detectable
Bearing1_2,325,871,545,492.9509188327044,508.1930266737298,0.0,1489.0092511132148,Non-critical,Wear detectable
Bearing1_2,326,871,544,515.8490904565951,508.1930266737298,0.0,1511.9074227371057,Non-critical,Non-critical
Bearing1_2,327,871,543,525.6686258384132,508.1930266737298,0.0,1521.7269581189234,Non-critical,Non-critical
Bearing1_2,328,871,542,767.5940211591181,508.1930266737298,0.0,1763.6523534396285,Non-critical,Non-critical
Bearing1_2,329,871,541,594.9163998206716,508.1930266737298,0.0,1590.9747321011819,Non-critical,Non-critical
Bearing1_2,330,871,540,527.5560655093207,508.1930266737298,0.0,1523.614397789831,Non-critical,Non-critical
Bearing1_2,331,871,539,580.6638996323746,508.1930266737298,0.0,1576.722231912885,Non-critical,Non-critical
Bearing1_2,332,871,538,188.75019477544916,508.1930266737298,0.0,1184.8085270559595,Non-critical,Wear detectable
Bearing1_2,333,871,537,173.38338312144253,508.1930266737298,0.0,1169.441715401953,Non-critical,Wear detectable
Bearing1_2,334,871,536,824.8167483605263,508.1930266737298,0.0,1820.8750806410367,Non-critical,Non-critical
Bearing1_2,335,871,535,192.60077521983797,508.1930266737298,0.0,1188.6591075003485,Non-critical,Wear detectable
Bearing1_2,336,871,534,212.0928356244095,508.1930266737298,0.0,1208.15116790492,Non-critical,Wear detectable
Bearing1_2,337,871,533,519.8721572482739,508.1930266737298,0.0,1515.9304895287842,Non-critical,Non-critical
Bearing1_2,338,871,532,249.0096443006886,508.1930266737298,0.0,1245.067976581199,Non-critical,Wear detectable
Bearing1_2,339,871,531,523.7157233327788,508.1930266737298,0.0,1519.7740556132892,Non-critical,Non-critical
Bearing1_2,340,871,530,532.6815258213496,508.1930266737298,0.0,1528.7398581018601,Non-critical,Non-critical
Bearing1_2,341,871,529,488.547812908023,508.1930266737298,0.0,1484.6061451885334,Non-critical,Wear detectable
Bearing1_2,342,871,528,566.0600434699458,508.1930266737298,0.0,1562.1183757504562,Non-critical,Non-critical
Bearing1_2,343,871,527,510.00365753941935,508.1930266737298,0.0,1506.0619898199297,Non-critical,Non-critical
Bearing1_2,344,871,526,491.06360705766053,508.1930266737298,0.0,1487.121939338171,Non-critical,Wear detectable
Bearing1_2,345,871,525,555.1838777814664,508.1930266737298,0.0,1551.242210061977,Non-critical,Non-critical
Bearing1_2,346,871,524,565.9861622960588,508.1930266737298,0.0,1562.0444945765692,Non-critical,Non-critical
Bearing1_2,347,871,523,495.01138137568694,508.1930266737298,0.0,1491.0697136561973,Non-critical,Wear detectable
Bearing1_2,348,871,522,556.74035564,508.1930266737298,0.0,1552.7986879205105,Non-critical,Non-critical
Bearing1_2,349,871,521,469.09013928206355,508.1930266737298,0.0,1465.1484715625738,Non-critical,Wear detectable
Bearing1_2,350,871,520,523.8357815781969,508.1930266737298,0.0,1519.8941138587074,Non-critical,Non-critical
Bearing1_2,351,871,519,723.2730590671039,508.1930266737298,0.0,1719.3313913476143,Non-critical,Non-critical
Bearing1_2,352,871,518,192.71077163194482,508.1930266737298,0.0,1188.7691039124552,Non-critical,Wear detectable
Bearing1_2,353,871,517,701.8970085785811,508.1930266737298,0.0,1697.9553408590914,Non-critical,Non-critical
Bearing1_2,354,871,516,484.7729290311842,508.1930266737298,0.0,1480.8312613116946,Non-critical,Wear detectable
Bearing1_2,355,871,515,491.3520081301213,508.1930266737298,0.0,1487.4103404106318,Non-critical,Wear detectable
Bearing1_2,356,871,514,192.34362446700783,508.1930266737298,0.0,1188.4019567475182,Non-critical,Wear detectable
Bearing1_2,357,871,513,482.78214050873237,508.1930266737298,0.0,1478.8404727892428,Non-critical,Wear detectable
Bearing1_2,358,871,512,577.7503419834661,508.1930266737298,0.0,1573.8086742639766,Non-critical,Non-critical
Bearing1_2,359,871,511,490.2482537801505,508.1930266737298,0.0,1486.306586060661,Non-critical,Wear detectable
Bearing1_2,360,871,510,554.8354076734672,508.1930266737298,0.0,1550.8937399539777,Non-critical,Non-critical
Bearing1_2,361,871,509,754.0570513358235,508.1930266737298,0.0,1750.115383616334,Non-critical,Non-critical
Bearing1_2,362,871,508,192.5653498525588,508.1930266737298,0.0,1188.6236821330692,Non-critical,Wear detectable
Bearing1_2,363,871,507,469.9584685802157,508.1930266737298,0.0,1466.016800860726,Non-critical,Wear detectable
Bearing1_2,364,871,506,552.8942300044312,508.1930266737298,0.0,1548.9525622849415,Non-critical,Non-critical
Bearing1_2,365,871,505,192.3516342080492,508.1930266737298,0.0,1188.4099664885596,Non-critical,Wear detectable
Bearing1_2,366,871,504,192.56524110848855,508.1930266737298,0.0,1188.623573388999,Non-critical,Wear detectable
Bearing1_2,367,871,503,188.22954411089916,508.1930266737298,0.0,1184.2878763914096,Non-critical,Wear detectable
Bearing1_2,368,871,502,499.40834448138907,508.1930266737298,0.0,1495.4666767618994,Non-critical,Wear detectable
Bearing1_2,369,871,501,490.08402115871417,508.1930266737298,0.0,1486.1423534392245,Non-critical,Wear detectable
Bearing1_2,370,871,500,466.0933250166507,508.1930266737298,0.0,1462.1516572971611,Wear detectable,Wear detectable
Bearing1_2,371,871,499,452.41303173169507,508.1930266737298,0.0,1448.4713640122054,Wear detectable,Wear detectable
Bearing1_2,372,871,498,499.135386402035,508.1930266737298,0.0,1495.1937186825453,Wear detectable,Wear detectable
Bearing1_2,373,871,497,184.78805625727713,508.1930266737298,0.0,1180.8463885377876,Wear detectable,Wear detectable
Bearing1_2,374,871,496,192.56524307405098,508.1930266737298,0.0,1188.6235753545614,Wear detectable,Wear detectable
Bearing1_2,375,871,495,584.5593732568082,508.1930266737298,0.0,1580.6177055373187,Wear detectable,Non-critical
Bearing1_2,376,871,494,505.35787509658854,508.1930266737298,0.0,1501.416207377099,Wear detectable,Non-critical
Bearing1_2,377,871,493,476.01040737687015,508.1930266737298,0.0,1472.0687396573805,Wear detectable,Wear detectable
Bearing1_2,378,871,492,467.02782049589064,508.1930266737298,0.0,1463.086152776401,Wear detectable,Wear detectable
Bearing1_2,379,871,491,483.3431257353042,508.1930266737298,0.0,1479.4014580158146,Wear detectable,Wear detectable
Bearing1_2,380,871,490,192.55776182557267,508.1930266737298,0.0,1188.616094106083,Wear detectable,Wear detectable
Bearing1_2,381,871,489,469.62614236651535,508.1930266737298,0.0,1465.6844746470258,Wear detectable,Wear detectable
Bearing1_2,382,871,488,190.33873996230258,508.1930266737298,0.0,1186.397072242813,Wear detectable,Wear detectable
Bearing1_2,383,871,487,466.1946067241102,508.1930266737298,0.0,1462.2529390046207,Wear detectable,Wear detectable
Bearing1_2,384,871,486,472.03155493301574,508.1930266737298,0.0,1468.0898872135263,Wear detectable,Wear detectable
Bearing1_2,385,871,485,465.41565084924775,508.1930266737298,0.0,1461.4739831297582,Wear detectable,Wear detectable
Bearing1_2,386,871,484,500.0149246145168,508.1930266737298,0.0,1496.0732568950273,Wear detectable,Non-critical
Bearing1_2,387,871,483,192.56771754632746,508.1930266737298,0.0,1188.626049826838,Wear detectable,Wear detectable
Bearing1_2,388,871,482,502.4342947623418,508.1930266737298,0.0,1498.4926270428523,Wear detectable,Non-critical
Bearing1_2,389,871,481,185.32844241650864,508.1930266737298,0.0,1181.386774697019,Wear detectable,Wear detectable
Bearing1_2,390,871,480,546.3147651486559,508.1930266737298,0.0,1542.3730974291661,Wear detectable,Non-critical
Bearing1_2,391,871,479,549.7254205242054,508.1930266737298,0.0,1545.7837528047157,Wear detectable,Non-critical
Bearing1_2,392,871,478,538.0545063158861,508.1930266737298,0.0,1534.1128385963966,Wear detectable,Non-critical
Bearing1_2,393,871,477,478.6905713902182,508.1930266737298,0.0,1474.7489036707286,Wear detectable,Wear detectable
Bearing1_2,394,871,476,543.1054781816529,508.1930266737298,0.0,1539.1638104621634,Wear detectable,Non-critical
Bearing1_2,395,871,475,541.6964978447888,508.1930266737298,0.0,1537.7548301252991,Wear detectable,Non-critical
Bearing1_2,396,871,474,522.4340619166007,508.1930266737298,0.0,1518.492394197111,Wear detectable,Non-critical
Bearing1_2,397,871,473,192.56912366148978,508.1930266737298,0.0,1188.627455942,Wear detectable,Wear detectable
Bearing1_2,398,871,472,252.14777964930525,508.1930266737298,0.0,1248.2061119298157,Wear detectable,Wear detectable
Bearing1_2,399,871,471,190.23245089115326,508.1930266737298,0.0,1186.2907831716636,Wear detectable,Wear detectable
Bearing1_2,400,871,470,456.66798857586105,508.1930266737298,0.0,1452.7263208563713,Wear detectable,Wear detectable
Bearing1_2,401,871,469,495.65178778130183,508.1930266737298,0.0,1491.7101200618122,Wear detectable,Wear detectable
Bearing1_2,402,871,468,576.698837850309,508.1930266737298,0.0,1572.7571701308193,Wear detectable,Non-critical
Bearing1_2,403,871,467,729.4366522103297,508.1930266737298,0.0,1725.4949844908401,Wear detectable,Non-critical
Bearing1_2,404,871,466,201.4727536933663,508.1930266737298,0.0,1197.5310859738768,Wear detectable,Wear detectable
Bearing1_2,405,871,465,616.7324558596306,508.1930266737298,0.0,1612.790788140141,Wear detectable,Non-critical
Bearing1_2,406,871,464,451.75764307341615,508.1930266737298,0.0,1447.8159753539267,Wear detectable,Wear detectable
Bearing1_2,407,871,463,693.8601976745001,508.1930266737298,0.0,1689.9185299550104,Wear detectable,Non-critical
Bearing1_2,408,871,462,474.2217824673186,508.1930266737298,0.0,1470.280114747829,Wear detectable,Wear detectable
Bearing1_2,409,871,461,192.56533028074648,508.1930266737298,0.0,1188.6236625612569,Wear detectable,Wear detectable
Bearing1_2,410,871,460,465.57404005742427,508.1930266737298,0.0,1461.6323723379346,Wear detectable,Wear detectable
Bearing1_2,411,871,459,458.62575044369015,508.1930266737298,0.0,1454.6840827242006,Wear detectable,Wear detectable
Bearing1_2,412,871,458,561.974722615809,508.1930266737298,0.0,1558.0330548963193,Wear detectable,Non-critical
Bearing1_2,413,871,457,211.0151933955037,508.1930266737298,0.0,1207.073525676014,Wear detectable,Wear detectable
Bearing1_2,414,871,456,710.5582383844804,508.1930266737298,0.0,1706.6165706649908,Wear detectable,Non-critical
Bearing1_2,415,871,455,487.10131335891555,508.1930266737298,0.0,1483.159645639426,Wear detectable,Wear detectable
Bearing1_2,416,871,454,196.5768454587869,508.1930266737298,0.0,1192.6351777392972,Wear detectable,Wear detectable
Bearing1_2,417,871,453,192.56524110596615,508.1930266737298,0.0,1188.6235733864764,Wear detectable,Wear detectable
Bearing1_2,418,871,452,653.0374904509977,508.1930266737298,0.0,1649.0958227315082,Wear detectable,Non-critical
Bearing1_2,419,871,451,448.4650476286155,508.1930266737298,0.0,1444.5233799091259,Wear detectable,Wear detectable
Bearing1_2,420,871,450,650.9572339969059,508.1930266737298,0.0,1647.0155662774164,Wear detectable,Non-critical
Bearing1_2,421,871,449,528.2938478231752,508.1930266737298,0.0,1524.3521801036854,Wear detectable,Non-critical
Bearing1_2,422,871,448,433.6067688013658,508.1930266737298,0.0,1429.6651010818762,Wear detectable,Wear detectable
Bearing1_2,423,871,447,427.07767969887414,508.1930266737298,0.0,1423.1360119793844,Wear detectable,Wear detectable
Bearing1_2,424,871,446,192.56922710279525,508.1930266737298,0.0,1188.6275593833057,Wear detectable,Wear detectable
Bearing1_2,425,871,445,453.39678408045353,508.1930266737298,0.0,1449.455116360964,Wear detectable,Wear detectable
Bearing1_2,426,871,444,341.5635412859831,508.1930266737298,0.0,1337.6218735664934,Wear detectable,Wear detectable
Bearing1_2,427,871,443,192.41920537546378,508.1930266737298,0.0,1188.4775376559742,Wear detectable,Wear detectable
Bearing1_2,428,871,442,435.9870356374914,508.1930266737298,0.0,1432.0453679180018,Wear detectable,Wear detectable
Bearing1_2,429,871,441,475.75237550581954,508.1930266737298,0.0,1471.8107077863299,Wear detectable,Wear detectable
Bearing1_2,430,871,440,192.56527902765632,508.1930266737298,0.0,1188.6236113081668,Wear detectable,Wear detectable
Bearing1_2,431,871,439,508.9053050729469,508.1930266737298,0.0,1504.9636373534572,Wear detectable,Non-critical
Bearing1_2,432,871,438,433.49994160792454,508.1930266737298,0.0,1429.558273888435,Wear detectable,Wear detectable
Bearing1_2,433,871,437,341.3246447705069,508.1930266737298,0.0,1337.3829770510174,Wear detectable,Wear detectable
Bearing1_2,434,871,436,525.9071775844433,508.1930266737298,0.0,1521.9655098649537,Wear detectable,Non-critical
Bearing1_2,435,871,435,621.6218574028258,508.1930266737298,0.0,1617.6801896833363,Wear detectable,Non-critical
Bearing1_2,436,871,434,414.5398243612598,508.1930266737298,0.0,1410.5981566417702,Wear detectable,Wear detectable
Bearing1_2,437,871,433,189.6714697217011,508.1930266737298,0.0,1185.7298020022115,Wear detectable,Wear detectable
Bearing1_2,438,871,432,513.2820682391434,508.1930266737298,0.0,1509.340400519654,Wear detectable,Non-critical
Bearing1_2,439,871,431,445.1171887306027,508.1930266737298,0.0,1441.1755210111132,Wear detectable,Wear detectable
Bearing1_2,440,871,430,627.2444009320583,508.1930266737298,0.0,1623.3027332125687,Wear detectable,Non-critical
Bearing1_2,441,871,429,193.5088025927495,508.1930266737298,0.0,1189.5671348732599,Wear detectable,Wear detectable
Bearing1_2,442,871,428,538.9166298400304,508.1930266737298,0.0,1534.9749621205408,Wear detectable,Non-critical
Bearing1_2,443,871,427,430.47844486158067,508.1930266737298,0.0,1426.536777142091,Wear detectable,Wear detectable
Bearing1_2,444,871,426,608.2383052389073,508.1930266737298,0.0,1604.2966375194178,Wear detectable,Non-critical
Bearing1_2,445,871,425,618.5355297312774,508.1930266737298,0.0,1614.5938620117877,Wear detectable,Non-critical
Bearing1_2,446,871,424,570.4773361571469,508.1930266737298,0.0,1566.5356684376573,Wear detectable,Non-critical
Bearing1_2,447,871,423,463.3528297614865,508.1930266737298,0.0,1459.411162041997,Wear detectable,Wear detectable
Bearing1_2,448,871,422,661.3824224177872,508.1930266737298,0.0,1657.4407546982975,Wear detectable,Non-critical
Bearing1_2,449,871,421,424.0168287575809,508.1930266737298,0.0,1420.0751610380912,Wear detectable,Wear detectable
Bearing1_2,450,871,420,406.2922422874073,508.1930266737298,0.0,1402.3505745679176,Wear detectable,Wear detectable
Bearing1_2,451,871,419,468.7665443565633,508.1930266737298,0.0,1464.8248766370737,Wear detectable,Wear detectable
Bearing1_2,452,871,418,423.43815999682465,508.1930266737298,0.0,1419.4964922773352,Wear detectable,Wear detectable
Bearing1_2,453,871,417,417.7476996025832,508.1930266737298,0.0,1413.8060318830935,Wear detectable,Wear detectable
Bearing1_2,454,871,416,194.4992011825725,508.1930266737298,0.0,1190.557533463083,Wear detectable,Wear detectable
Bearing1_2,455,871,415,426.0103817541152,508.1930266737298,0.0,1422.0687140346256,Wear detectable,Wear detectable
Bearing1_2,456,871,414,192.5652411857277,508.1930266737298,0.0,1188.6235734662382,Wear detectable,Wear detectable
Bearing1_2,457,871,413,602.9073382634292,508.1930266737298,0.0,1598.9656705439397,Wear detectable,Non-critical
Bearing1_2,458,871,412,192.61752526247278,508.1930266737298,0.0,1188.675857542983,Wear detectable,Wear detectable
Bearing1_2,459,871,411,192.56953442100954,508.1930266737298,0.0,1188.62786670152,Wear detectable,Wear detectable
Bearing1_2,460,871,410,192.5652411077668,508.1930266737298,0.0,1188.6235733882772,Wear detectable,Wear detectable
Bearing1_2,461,871,409,191.32544543985034,508.1930266737298,0.0,1187.3837777203607,Wear detectable,Wear detectable
Bearing1_2,462,871,408,661.9983299288224,508.1930266737298,0.0,1658.056662209333,Wear detectable,Non-critical
Bearing1_2,463,871,407,192.56524111188844,508.1930266737298,0.0,1188.6235733923988,Wear detectable,Wear detectable
Bearing1_2,464,871,406,409.2408561502881,508.1930266737298,0.0,1405.2991884307985,Wear detectable,Wear detectable
Bearing1_2,465,871,405,192.56524145597078,508.1930266737298,0.0,1188.6235737364811,Wear detectable,Wear detectable
Bearing1_2,466,871,404,204.33069851368032,508.1930266737298,0.0,1200.3890307941906,Wear detectable,Wear detectable
Bearing1_2,467,871,403,264.50961895175755,508.1930266737298,0.0,1260.567951232268,Wear detectable,Wear detectable
Bearing1_2,468,871,402,512.4853270044015,508.1930266737298,0.0,1508.5436592849119,Wear detectable,Non-critical
Bearing1_2,469,871,401,605.2611388935586,508.1930266737298,0.0,1601.319471174069,Wear detectable,Non-critical
Bearing1_2,470,871,400,241.9924586621787,508.1930266737298,0.0,1238.0507909426892,Wear detectable,Wear detectable
Bearing1_2,471,871,399,559.0332499958928,508.1930266737298,0.0,1555.0915822764032,Wear detectable,Non-critical
Bearing1_2,472,871,398,475.997470183727,508.1930266737298,0.0,1472.0558024642373,Wear detectable,Wear detectable
Bearing1_2,473,871,397,188.174462461817,508.1930266737298,0.0,1184.2327947423273,Wear detectable,Wear detectable
Bearing1_2,474,871,396,157.43360731368244,508.1930266737298,0.0,1153.491939594193,Wear detectable,Wear detectable
Bearing1_2,475,871,395,396.99464869521273,508.1930266737298,0.0,1393.0529809757231,Wear detectable,Wear detectable
Bearing1_2,476,871,394,434.89290650111013,508.1930266737298,0.0,1430.9512387816205,Wear detectable,Wear detectable
Bearing1_2,477,871,393,389.92362150019466,508.1930266737298,0.0,1385.981953780705,Wear detectable,Wear detectable
Bearing1_2,478,871,392,395.0703563574888,508.1930266737298,0.0,1391.1286886379992,Wear detectable,Wear detectable
Bearing1_2,479,871,391,192.87085993583065,508.1930266737298,0.0,1188.929192216341,Wear detectable,Wear detectable
Bearing1_2,480,871,390,382.4117015309764,508.1930266737298,0.0,1378.4700338114867,Wear detectable,Wear detectable
Bearing1_2,481,871,389,192.94709129910532,508.1930266737298,0.0,1189.0054235796158,Wear detectable,Wear detectable
Bearing1_2,482,871,388,376.92296092019484,508.1930266737298,0.0,1372.9812932007053,Wear detectable,Wear detectable
Bearing1_2,483,871,387,192.56528818154754,508.1930266737298,0.0,1188.623620462058,Wear detectable,Wear detectable
Bearing1_2,484,871,386,396.6650180010513,508.1930266737298,0.0,1392.7233502815616,Wear detectable,Wear detectable
Bearing1_2,485,871,385,385.1516291438271,508.1930266737298,0.0,1381.2099614243375,Wear detectable,Wear detectable
Bearing1_2,486,871,384,396.82337179873036,508.1930266737298,0.0,1392.8817040792408,Wear detectable,Wear detectable
Bearing1_2,487,871,383,192.62071018652404,508.1930266737298,0.0,1188.6790424670344,Wear detectable,Wear detectable
Bearing1_2,488,871,382,414.269581195339,508.1930266737298,0.0,1410.3279134758495,Wear detectable,Wear detectable
Bearing1_2,489,871,381,157.85289098055898,508.1930266737298,0.0,1153.9112232610694,Wear detectable,Wear detectable
Bearing1_2,490,871,380,231.68298807877795,508.1930266737298,0.0,1227.7413203592882,Wear detectable,Wear detectable
Bearing1_2,491,871,379,397.27679209437895,508.1930266737298,0.0,1393.3351243748893,Wear detectable,Wear detectable
Bearing1_2,492,871,378,377.89622885078825,508.1930266737298,0.0,1373.9545611312988,Wear detectable,Wear detectable
Bearing1_2,493,871,377,194.4040473137944,508.1930266737298,0.0,1190.4623795943048,Wear detectable,Wear detectable
Bearing1_2,494,871,376,379.05262222099685,508.1930266737298,0.0,1375.1109545015072,Wear detectable,Wear detectable
Bearing1_2,495,871,375,194.4275490240974,508.1930266737298,0.0,1190.4858813046078,Wear detectable,Wear detectable
Bearing1_2,496,871,374,442.74305089395637,508.1930266737298,0.0,1438.8013831744668,Wear detectable,Wear detectable
Bearing1_2,497,871,373,446.92150710361295,508.1930266737298,0.0,1442.9798393841234,Wear detectable,Wear detectable
Bearing1_2,498,871,372,404.00793955494214,508.1930266737298,0.0,1400.0662718354524,Wear detectable,Wear detectable
Bearing1_2,499,871,371,366.39189313664525,508.1930266737298,0.0,1362.4502254171557,Wear detectable,Wear detectable
Bearing1_2,500,871,370,452.79239646441266,508.1930266737298,0.0,1448.8507287449231,Wear detectable,Wear detectable
Bearing1_2,501,871,369,287.19351628515295,508.1930266737298,0.0,1283.2518485656633,Wear detectable,Wear detectable
Bearing1_2,502,871,368,372.1665580821726,508.1930266737298,0.0,1368.224890362683,Wear detectable,Wear detectable
Bearing1_2,503,871,367,381.474928233456,508.1930266737298,0.0,1377.5332605139665,Wear detectable,Wear detectable
Bearing1_2,504,871,366,225.6831307437114,508.1930266737298,0.0,1221.7414630242217,Wear detectable,Wear detectable
Bearing1_2,505,871,365,365.36246922768424,508.1930266737298,0.0,1361.4208015081947,Wear detectable,Wear detectable
Bearing1_2,506,871,364,415.6902831964296,508.1930266737298,0.0,1411.74861547694,Wear detectable,Wear detectable
Bearing1_2,507,871,363,192.56524110606492,508.1930266737298,0.0,1188.6235733865753,Wear detectable,Wear detectable
Bearing1_2,508,871,362,189.75579472360928,508.1930266737298,0.0,1185.8141270041197,Wear detectable,Wear detectable
Bearing1_2,509,871,361,192.60774125245007,508.1930266737298,0.0,1188.6660735329606,Wear detectable,Wear detectable
Bearing1_2,510,871,360,363.4488051612178,508.1930266737298,0.0,1359.5071374417282,Wear detectable,Wear detectable
Bearing1_2,511,871,359,389.7662224124373,508.1930266737298,0.0,1385.8245546929477,Wear detectable,Wear detectable
Bearing1_2,512,871,358,358.2251810181169,508.1930266737298,0.0,1354.2835132986274,Wear detectable,Wear detectable
Bearing1_2,513,871,357,385.87793189995944,508.1930266737298,0.0,1381.9362641804698,Wear detectable,Wear detectable
Bearing1_2,514,871,356,364.2513900337824,508.1930266737298,0.0,1360.3097223142927,Wear detectable,Wear detectable
Bearing1_2,515,871,355,364.485440308617,508.1930266737298,0.0,1360.5437725891275,Wear detectable,Wear detectable
Bearing1_2,516,871,354,349.58294541255884,508.1930266737298,0.0,1345.6412776930692,Wear detectable,Wear detectable
Bearing1_2,517,871,353,486.61701040883884,508.1930266737298,0.0,1482.6753426893492,Wear detectable,Wear detectable
Bearing1_2,518,871,352,363.751906872714,508.1930266737298,0.0,1359.8102391532243,Wear detectable,Wear detectable
Bearing1_2,519,871,351,360.25045842967836,508.1930266737298,0.0,1356.3087907101888,Wear detectable,Wear detectable
Bearing1_2,520,871,350,192.56987331659352,508.1930266737298,0.0,1188.628205597104,Wear detectable,Wear detectable
Bearing1_2,521,871,349,192.56525184574255,508.1930266737298,0.0,1188.623584126253,Wear detectable,Wear detectable
Bearing1_2,522,871,348,192.95549155489022,508.1930266737298,0.0,1189.0138238354007,Wear detectable,Wear detectable
Bearing1_2,523,871,347,345.77435292374093,508.1930266737298,0.0,1341.8326852042514,Wear detectable,Wear detectable
Bearing1_2,524,871,346,192.61287801790598,508.1930266737298,0.0,1188.6712102984163,Wear detectable,Wear detectable
Bearing1_2,525,871,345,192.34118209698642,508.1930266737298,0.0,1188.3995143774969,Wear detectable,Wear detectable
Bearing1_2,526,871,344,192.56524110591505,508.1930266737298,0.0,1188.6235733864255,Wear detectable,Wear detectable
Bearing1_2,527,871,343,192.58196082556887,508.1930266737298,0.0,1188.6402931060793,Wear detectable,Wear detectable
Bearing1_2,528,871,342,353.1216966767752,508.1930266737298,0.0,1349.1800289572857,Wear detectable,Wear detectable
Bearing1_2,529,871,341,192.56725278503913,508.1930266737298,0.0,1188.6255850655496,Wear detectable,Wear detectable
Bearing1_2,530,871,340,240.99949650670683,508.1930266737298,0.0,1237.0578287872172,Wear detectable,Wear detectable
Bearing1_2,531,871,339,342.28731914849436,508.1930266737298,0.0,1338.3456514290046,Wear detectable,Wear detectable
Bearing1_2,532,871,338,341.26688307862344,508.1930266737298,0.0,1337.3252153591338,Wear detectable,Wear detectable
Bearing1_2,533,871,337,192.70188781833687,508.1930266737298,0.0,1188.7602200988472,Wear detectable,Wear detectable
Bearing1_2,534,871,336,192.087022395563,508.1930266737298,0.0,1188.1453546760733,Wear detectable,Wear detectable
Bearing1_2,535,871,335,359.0039801369236,508.1930266737298,0.0,1355.062312417434,Wear detectable,Wear detectable
Bearing1_2,536,871,334,348.8214645123178,508.1930266737298,0.0,1344.879796792828,Wear detectable,Wear detectable
Bearing1_2,537,871,333,191.2932727265838,508.1930266737298,0.0,1187.3516050070941,Wear detectable,Wear detectable
Bearing1_2,538,871,332,192.56548192712862,508.1930266737298,0.0,1188.623814207639,Wear detectable,Wear detectable
Bearing1_2,539,871,331,328.5640011582064,508.1930266737298,0.0,1324.6223334387169,Wear detectable,Wear detectable
Bearing1_2,540,871,330,346.64786380726866,508.1930266737298,0.0,1342.706196087779,Wear detectable,Wear detectable
Bearing1_2,541,871,329,192.5772174981453,508.1930266737298,0.0,1188.6355497786558,Wear detectable,Wear detectable
Bearing1_2,542,871,328,336.8050013750202,508.1930266737298,0.0,1332.8633336555306,Wear detectable,Wear detectable
Bearing1_2,543,871,327,192.55289540187036,508.1930266737298,0.0,1188.6112276823808,Wear detectable,Wear detectable
Bearing1_2,544,871,326,192.56534069096284,508.1930266737298,0.0,1188.6236729714733,Wear detectable,Wear detectable
Bearing1_2,545,871,325,321.577398470993,508.1930266737298,0.0,1317.6357307515034,Wear detectable,Wear detectable
Bearing1_2,546,871,324,289.9364102970029,508.1930266737298,0.0,1285.9947425775133,Wear detectable,Wear detectable
Bearing1_2,547,871,323,193.2919928608533,508.1930266737298,0.0,1189.3503251413638,Wear detectable,Wear detectable
Bearing1_2,548,871,322,192.58405032331336,508.1930266737298,0.0,1188.6423826038238,Wear detectable,Wear detectable
Bearing1_2,549,871,321,192.56524157742447,508.1930266737298,0.0,1188.6235738579348,Wear detectable,Wear detectable
Bearing1_2,550,871,320,192.56603747008242,508.1930266737298,0.0,1188.624369750593,Wear detectable,Wear detectable
Bearing1_2,551,871,319,331.4581102659658,508.1930266737298,0.0,1327.5164425464761,Wear detectable,Wear detectable
Bearing1_2,552,871,318,193.95512187594406,508.1930266737298,0.0,1190.0134541564544,Wear detectable,Wear detectable
Bearing1_2,553,871,317,316.23094289395226,508.1930266737298,0.0,1312.2892751744625,Wear detectable,Wear detectable
Bearing1_2,554,871,316,366.3866088402513,508.1930266737298,0.0,1362.4449411207618,Wear detectable,Wear detectable
Bearing1_2,555,871,315,332.2238425177834,508.1930266737298,0.0,1328.282174798294,Wear detectable,Wear detectable
Bearing1_2,556,871,314,314.1585951987396,508.1930266737298,0.0,1310.21692747925,Wear detectable,Wear detectable
Bearing1_2,557,871,313,326.1742433655469,508.1930266737298,0.0,1322.2325756460573,Wear detectable,Wear detectable
Bearing1_2,558,871,312,318.58667839595154,508.1930266737298,0.0,1314.6450106764619,Wear detectable,Wear detectable
Bearing1_2,559,871,311,193.23060011804554,508.1930266737298,0.0,1189.288932398556,Wear detectable,Wear detectable
Bearing1_2,560,871,310,408.9135969049338,508.1930266737298,0.0,1404.9719291854442,Wear detectable,Wear detectable
Bearing1_2,561,871,309,194.8840790235871,508.1930266737298,0.0,1190.9424113040975,Wear detectable,Wear detectable
Bearing1_2,562,871,308,307.9105908454489,508.1930266737298,0.0,1303.9689231259592,Wear detectable,Wear detectable
Bearing1_2,563,871,307,192.66681743368449,508.1930266737298,0.0,1188.725149714195,Wear detectable,Wear detectable
Bearing1_2,564,871,306,313.616804093741,508.1930266737298,0.0,1309.6751363742515,Wear detectable,Wear detectable
Bearing1_2,565,871,305,316.40945779336766,508.1930266737298,0.0,1312.467790073878,Wear detectable,Wear detectable
Bearing1_2,566,871,304,192.56524110591533,508.1930266737298,0.0,1188.6235733864257,Wear detectable,Wear detectable
Bearing1_2,567,871,303,195.9473473851698,508.1930266737298,0.0,1192.0056796656802,Wear detectable,Wear detectable
Bearing1_2,568,871,302,192.79834928392998,508.1930266737298,0.0,1188.8566815644404,Wear detectable,Wear detectable
Bearing1_2,569,871,301,315.606458241765,508.1930266737298,0.0,1311.6647905222753,Wear detectable,Wear detectable
Bearing1_2,570,871,300,192.64851441915545,508.1930266737298,0.0,1188.706846699666,Wear detectable,Wear detectable
Bearing1_2,571,871,299,326.4172857284875,508.1930266737298,0.0,1322.475618008998,Wear detectable,Wear detectable
Bearing1_2,572,871,298,192.56438525628707,508.1930266737298,0.0,1188.6227175367974,Wear detectable,Wear detectable
Bearing1_2,573,871,297,192.62516609325593,508.1930266737298,0.0,1188.6834983737663,Wear detectable,Wear detectable
Bearing1_2,574,871,296,309.82207151518514,508.1930266737298,0.0,1305.8804037956957,Wear detectable,Wear detectable
Bearing1_2,575,871,295,314.5404935761064,508.1930266737298,0.0,1310.5988258566167,Wear detectable,Wear detectable
Bearing1_2,576,871,294,308.7482190455877,508.1930266737298,0.0,1304.806551326098,Wear detectable,Wear detectable
Bearing1_2,577,871,293,304.87382121505595,508.1930266737298,0.0,1300.9321534955664,Wear detectable,Wear detectable
Bearing1_2,578,871,292,303.9619949235513,508.1930266737298,0.0,1300.0203272040617,Wear detectable,Wear detectable
Bearing1_2,579,871,291,192.56527426981972,508.1930266737298,0.0,1188.6236065503301,Wear detectable,Wear detectable
Bearing1_2,580,871,290,314.60263690197667,508.1930266737298,0.0,1310.660969182487,Wear detectable,Wear detectable
Bearing1_2,581,871,289,329.9243940010432,508.1930266737298,0.0,1325.9827262815536,Wear detectable,Wear detectable
Bearing1_2,582,871,288,323.7240178428498,508.1930266737298,0.0,1319.7823501233602,Wear detectable,Wear detectable
Bearing1_2,583,871,287,310.3088996631827,508.1930266737298,0.0,1306.367231943693,Wear detectable,Wear detectable
Bearing1_2,584,871,286,302.9723853938618,508.1930266737298,0.0,1299.0307176743722,Wear detectable,Wear detectable
Bearing1_2,585,871,285,439.4839486588015,508.1930266737298,0.0,1435.542280939312,Wear detectable,Wear detectable
Bearing1_2,586,871,284,191.5330203072435,508.1930266737298,0.0,1187.5913525877538,Wear detectable,Wear detectable
Bearing1_2,587,871,283,302.5967855139337,508.1930266737298,0.0,1298.655117794444,Wear detectable,Wear detectable
Bearing1_2,588,871,282,318.2484631528704,508.1930266737298,0.0,1314.3067954333808,Wear detectable,Wear detectable
Bearing1_2,589,871,281,193.52290848608436,508.1930266737298,0.0,1189.5812407665949,Wear detectable,Wear detectable
Bearing1_2,590,871,280,165.08285031988135,508.1930266737298,0.0,1161.1411826003919,Wear detectable,Wear detectable
Bearing1_2,591,871,279,192.5665546316417,508.1930266737298,0.0,1188.624886912152,Wear detectable,Wear detectable
Bearing1_2,592,871,278,296.42846782683,508.1930266737298,0.0,1292.4868001073405,Wear detectable,Wear detectable
Bearing1_2,593,871,277,339.40260183079624,508.1930266737298,0.0,1335.4609341113066,Wear detectable,Wear detectable
Bearing1_2,594,871,276,288.43964453707724,508.1930266737298,0.0,1284.4979768175876,Wear detectable,Wear detectable
Bearing1_2,595,871,275,434.0826549554091,508.1930266737298,0.0,1430.1409872359195,Wear detectable,Wear detectable
Bearing1_2,596,871,274,289.8798142222086,508.1930266737298,0.0,1285.938146502719,Wear detectable,Wear detectable
Bearing1_2,597,871,273,289.00923993984765,508.1930266737298,0.0,1285.067572220358,Wear detectable,Wear detectable
Bearing1_2,598,871,272,292.11608126705795,508.1930266737298,0.0,1288.1744135475683,Wear detectable,Wear detectable
Bearing1_2,599,871,271,282.540206400783,508.1930266737298,0.0,1278.5985386812933,Wear detectable,Wear detectable
Bearing1_2,600,871,270,286.51167200962675,508.1930266737298,0.0,1282.5700042901371,Wear detectable,Wear detectable
Bearing1_2,601,871,269,291.55215369750493,508.1930266737298,0.0,1287.6104859780153,Wear detectable,Wear detectable
Bearing1_2,602,871,268,193.52351829045517,508.1930266737298,0.0,1189.5818505709656,Wear detectable,Wear detectable
Bearing1_2,603,871,267,365.7257153470103,508.1930266737298,0.0,1361.7840476275207,Wear detectable,Wear detectable
Bearing1_2,604,871,266,294.055306308426,508.1930266737298,0.0,1290.1136385889363,Wear detectable,Wear detectable
Bearing1_2,605,871,265,336.4297788309808,508.1930266737298,0.0,1332.4881111114912,Wear detectable,Wear detectable
Bearing1_2,606,871,264,313.0473238508608,508.1930266737298,0.0,1309.1056561313712,Wear detectable,Wear detectable
Bearing1_2,607,871,263,192.56524110549606,508.1930266737298,0.0,1188.6235733860065,Wear detectable,Wear detectable
Bearing1_2,608,871,262,269.2808881639697,508.1930266737298,0.0,1265.3392204444801,Wear detectable,Wear detectable
Bearing1_2,609,871,261,277.2902477940119,508.1930266737298,0.0,1273.3485800745223,Wear detectable,Wear detectable
Bearing1_2,610,871,260,192.56524218969747,508.1930266737298,0.0,1188.6235744702078,Wear detectable,Wear detectable
Bearing1_2,611,871,259,289.0730895816535,508.1930266737298,0.0,1285.131421862164,Wear detectable,Wear detectable
Bearing1_2,612,871,258,280.9496800575307,508.1930266737298,0.0,1277.0080123380412,Wear detectable,Wear detectable
Bearing1_2,613,871,257,273.9897270698724,508.1930266737298,0.0,1270.0480593503828,Wear detectable,Wear detectable
Bearing1_2,614,871,256,295.07375726464085,508.1930266737298,0.0,1291.1320895451513,Wear detectable,Wear detectable
Bearing1_2,615,871,255,192.482049468515,508.1930266737298,0.0,1188.5403817490253,Wear detectable,Wear detectable
Bearing1_2,616,871,254,229.63084763180296,508.1930266737298,0.0,1225.6891799123134,Wear detectable,Wear detectable
Bearing1_2,617,871,253,273.7852525971314,508.1930266737298,0.0,1269.8435848776417,Wear detectable,Wear detectable
Bearing1_2,618,871,252,273.78201376307766,508.1930266737298,0.0,1269.840346043588,Wear detectable,Wear detectable
Bearing1_2,619,871,251,192.56524110591823,508.1930266737298,0.0,1188.6235733864287,Wear detectable,Wear detectable
Bearing1_2,620,871,250,271.68648302028555,508.1930266737298,0.0,1267.7448153007958,Wear detectable,Wear detectable
Bearing1_2,621,871,249,285.0038793309152,508.1930266737298,0.0,1281.0622116114255,Wear detectable,Wear detectable
Bearing1_2,622,871,248,443.89747599325074,508.1930266737298,0.0,1439.9558082737612,Wear detectable,Wear detectable
Bearing1_2,623,871,247,267.15499615416945,508.1930266737298,0.0,1263.2133284346799,Wear detectable,Wear detectable
Bearing1_2,624,871,246,192.5652411059615,508.1930266737298,0.0,1188.623573386472,Wear detectable,Wear detectable
Bearing1_2,625,871,245,254.56101510457967,508.1930266737298,0.0,1250.6193473850901,Wear detectable,Wear detectable
Bearing1_2,626,871,244,257.3379282836789,508.1930266737298,0.0,1253.3962605641893,Wear detectable,Wear detectable
Bearing1_2,627,871,243,192.72747524124514,508.1930266737298,0.0,1188.7858075217555,Wear detectable,Wear detectable
Bearing1_2,628,871,242,186.66630923697915,508.1930266737298,0.0,1182.7246415174895,Wear detectable,Wear detectable
Bearing1_2,629,871,241,260.7642616366635,508.1930266737298,0.0,1256.822593917174,Wear detectable,Wear detectable
Bearing1_2,630,871,240,192.61347722996726,508.1930266737298,0.0,1188.6718095104777,Wear detectable,Wear detectable
Bearing1_2,631,871,239,188.49449955787486,508.1930266737298,0.0,1184.5528318383854,Wear detectable,Wear detectable
Bearing1_2,632,871,238,192.5671005907305,508.1930266737298,0.0,1188.625432871241,Wear detectable,Wear detectable
Bearing1_2,633,871,237,263.24575090507255,508.1930266737298,0.0,1259.3040831855828,Wear detectable,Wear detectable
Bearing1_2,634,871,236,250.07488981843932,508.1930266737298,0.0,1246.1332220989498,Wear detectable,Wear detectable
Bearing1_2,635,871,235,192.56524190353943,508.1930266737298,0.0,1188.6235741840499,Wear detectable,Wear detectable
Bearing1_2,636,871,234,258.28968626033526,508.1930266737298,0.0,1254.3480185408457,Wear detectable,Wear detectable
Bearing1_2,637,871,233,252.2213313893883,508.1930266737298,0.0,1248.2796636698986,Wear detectable,Wear detectable
Bearing1_2,638,871,232,192.52125239587167,508.1930266737298,0.0,1188.5795846763822,Wear detectable,Wear detectable
Bearing1_2,639,871,231,260.0233741196793,508.1930266737298,0.0,1256.0817064001897,Wear detectable,Wear detectable
Bearing1_2,640,871,230,192.080155735282,508.1930266737298,0.0,1188.1384880157925,Wear detectable,Wear detectable
Bearing1_2,641,871,229,192.57837278658522,508.1930266737298,0.0,1188.6367050670956,Wear detectable,Wear detectable
Bearing1_2,642,871,228,239.59313550403647,508.1930266737298,0.0,1235.6514677845469,Wear detectable,Wear detectable
Bearing1_2,643,871,227,192.56557764970267,508.1930266737298,0.0,1188.6239099302131,Wear detectable,Wear detectable
Bearing1_2,644,871,226,192.23761606434502,508.1930266737298,0.0,1188.2959483448553,Wear detectable,Wear detectable
Bearing1_2,645,871,225,424.25961462523435,508.1930266737298,0.0,1420.3179469057447,Wear detectable,Wear detectable
Bearing1_2,646,871,224,253.82429854314492,508.1930266737298,0.0,1249.8826308236553,Wear detectable,Wear detectable
Bearing1_2,647,871,223,192.56596352482978,508.1930266737298,0.0,1188.6242958053401,Wear detectable,Wear detectable
Bearing1_2,648,871,222,243.71349163341318,508.1930266737298,0.0,1239.7718239139235,Wear detectable,Wear detectable
Bearing1_2,649,871,221,252.22807740767178,508.1930266737298,0.0,1248.2864096881822,Wear detectable,Wear detectable
Bearing1_2,650,871,220,192.53440359759688,508.1930266737298,0.0,1188.5927358781073,Wear detectable,Wear detectable
Bearing1_2,651,871,219,245.89724672641336,508.1930266737298,0.0,1241.9555790069237,Wear detectable,Wear detectable
Bearing1_2,652,871,218,269.6735555369728,508.1930266737298,0.0,1265.7318878174833,Wear detectable,Wear detectable
Bearing1_2,653,871,217,192.6310138076544,508.1930266737298,0.0,1188.6893460881647,Wear detectable,Wear detectable
Bearing1_2,654,871,216,192.56626128694342,508.1930266737298,0.0,1188.6245935674538,Wear detectable,Wear detectable
Bearing1_2,655,871,215,242.5069308635339,508.1930266737298,0.0,1238.5652631440444,Wear detectable,Wear detectable
Bearing1_2,656,871,214,192.50054293558298,508.1930266737298,0.0,1188.5588752160934,Wear detectable,Wear detectable
Bearing1_2,657,871,213,236.83532065613394,508.1930266737298,0.0,1232.8936529366442,Wear detectable,Wear detectable
Bearing1_2,658,871,212,237.4602580103754,508.1930266737298,0.0,1233.5185902908859,Wear detectable,Wear detectable
Bearing1_2,659,871,211,282.3159039564999,508.1930266737298,0.0,1278.3742362370103,Wear detectable,Wear detectable
Bearing1_2,660,871,210,192.11959404635493,508.1930266737298,0.0,1188.1779263268654,Wear detectable,Wear detectable
Bearing1_2,661,871,209,246.46197504806926,508.1930266737298,0.0,1242.5203073285797,Wear detectable,Wear detectable
Bearing1_2,662,871,208,190.79081727865156,508.1930266737298,0.0,1186.849149559162,Wear detectable,Wear detectable
Bearing1_2,663,871,207,257.54895439543714,508.1930266737298,0.0,1253.6072866759475,Wear detectable,Wear detectable
Bearing1_2,664,871,206,192.56524284664772,508.1930266737298,0.0,1188.6235751271581,Wear detectable,Wear detectable
Bearing1_2,665,871,205,366.2507655044744,508.1930266737298,0.0,1362.3090977849847,Wear detectable,Wear detectable
Bearing1_2,666,871,204,235.6984402418309,508.1930266737298,0.0,1231.7567725223412,Wear detectable,Wear detectable
Bearing1_2,667,871,203,232.64205771061842,508.1930266737298,0.0,1228.7003899911288,Wear detectable,Wear detectable
Bearing1_2,668,871,202,215.4143298666321,508.1930266737298,0.0,1211.4726621471425,Wear detectable,Wear detectable
Bearing1_2,669,871,201,218.96860773204446,508.1930266737298,0.0,1215.0269400125549,Wear detectable,Wear detectable
Bearing1_2,670,871,200,218.32318905919564,508.1930266737298,0.0,1214.381521339706,Wear detectable,Wear detectable
Bearing1_2,671,871,199,192.56158231881702,508.1930266737298,0.0,1188.6199145993273,Wear detectable,Wear detectable
Bearing1_2,672,871,198,230.21926781883874,508.1930266737298,0.0,1226.2776000993492,Wear detectable,Wear detectable
Bearing1_2,673,871,197,229.36885783862698,508.1930266737298,0.0,1225.4271901191373,Wear detectable,Wear detectable
Bearing1_2,674,871,196,241.02483888006802,508.1930266737298,0.0,1237.0831711605783,Wear detectable,Wear detectable
Bearing1_2,675,871,195,231.13675120717025,508.1930266737298,0.0,1227.1950834876807,Wear detectable,Wear detectable
Bearing1_2,676,871,194,234.32488643689695,508.1930266737298,0.0,1230.3832187174073,Wear detectable,Wear detectable
Bearing1_2,677,871,193,192.57219955954997,508.1930266737298,0.0,1188.6305318400605,Wear detectable,Wear detectable
Bearing1_2,678,871,192,245.27327873879352,508.1930266737298,0.0,1241.3316110193039,Wear detectable,Wear detectable
Bearing1_2,679,871,191,192.56524110591533,508.1930266737298,0.0,1188.6235733864257,Wear detectable,Wear detectable
Bearing1_2,680,871,190,224.53652738520833,508.1930266737298,0.0,1220.5948596657188,Wear detectable,Wear detectable
Bearing1_2,681,871,189,275.400593693325,508.1930266737298,0.0,1271.4589259738354,Wear detectable,Wear detectable
Bearing1_2,682,871,188,192.58166885194316,508.1930266737298,0.0,1188.6400011324536,Wear detectable,Wear detectable
Bearing1_2,683,871,187,372.0623344551843,508.1930266737298,0.0,1368.1206667356946,Wear detectable,Wear detectable
Bearing1_2,684,871,186,289.46374794118304,508.1930266737298,0.0,1285.5220802216934,Wear detectable,Wear detectable
Bearing1_2,685,871,185,231.25904210433245,508.1930266737298,0.0,1227.3173743848429,Wear detectable,Wear detectable
Bearing1_2,686,871,184,192.50148877477963,508.1930266737298,0.0,1188.55982105529,Wear detectable,Wear detectable
Bearing1_2,687,871,183,192.56524110592565,508.1930266737298,0.0,1188.623573386436,Wear detectable,Wear detectable
Bearing1_2,688,871,182,216.577469761938,508.1930266737298,0.0,1212.6358020424484,Wear detectable,Wear detectable
Bearing1_2,689,871,181,196.47114168403482,508.1930266737298,0.0,1192.529473964545,Wear detectable,Wear detectable
Bearing1_2,690,871,180,220.14042785163656,508.1930266737298,0.0,1216.198760132147,Wear detectable,Wear detectable
Bearing1_2,691,871,179,198.79986504491458,508.1930266737298,0.0,1194.858197325425,Wear detectable,Wear detectable
Bearing1_2,692,871,178,360.0299755164121,508.1930266737298,0.0,1356.0883077969224,Wear detectable,Wear detectable
Bearing1_2,693,871,177,211.72562267091288,508.1930266737298,0.0,1207.7839549514233,Wear detectable,Wear detectable
Bearing1_2,694,871,176,227.47278681848567,508.1930266737298,0.0,1223.531119098996,Wear detectable,Wear detectable
Bearing1_2,695,871,175,197.8015326842944,508.1930266737298,0.0,1193.8598649648047,Wear detectable,Wear detectable
Bearing1_2,696,871,174,201.60634829164354,508.1930266737298,0.0,1197.6646805721539,Wear detectable,Wear detectable
Bearing1_2,697,871,173,217.28314699747457,508.1930266737298,0.0,1213.341479277985,Wear detectable,Wear detectable
Bearing1_2,698,871,172,233.73512032909213,508.1930266737298,0.0,1229.7934526096026,Wear detectable,Wear detectable
Bearing1_2,699,871,171,195.93835756384087,508.1930266737298,0.0,1191.9966898443513,Wear detectable,Wear detectable
Bearing1_2,700,871,170,225.54708185517126,508.1930266737298,0.0,1221.6054141356817,Wear detectable,Wear detectable
Bearing1_2,701,871,169,194.25714988907836,508.1930266737298,0.0,1190.3154821695887,Wear detectable,Wear detectable
Bearing1_2,702,871,168,181.18205458211006,508.1930266737298,0.0,1177.2403868626204,Wear detectable,Wear detectable
Bearing1_2,703,871,167,199.52134491894805,508.1930266737298,0.0,1195.5796771994585,Wear detectable,Wear detectable
Bearing1_2,704,871,166,217.8437519678713,508.1930266737298,0.0,1213.9020842483817,Wear detectable,Wear detectable
Bearing1_2,705,871,165,221.1026329798335,508.1930266737298,0.0,1217.1609652603438,Wear detectable,Wear detectable
Bearing1_2,706,871,164,289.5339202084038,508.1930266737298,0.0,1285.5922524889143,Wear detectable,Wear detectable
Bearing1_2,707,871,163,209.9064450151895,508.1930266737298,0.0,1205.9647772956998,Wear detectable,Wear detectable
Bearing1_2,708,871,162,202.41213492483905,508.1930266737298,0.0,1198.4704672053495,Wear detectable,Wear detectable
Bearing1_2,709,871,161,201.58400101519072,508.1930266737298,0.0,1197.642333295701,Wear detectable,Wear detectable
Bearing1_2,710,871,160,195.51093958120737,508.1930266737298,0.0,1191.5692718617179,Wear detectable,Wear detectable
Bearing1_2,711,871,159,198.90931588908433,508.1930266737298,0.0,1194.9676481695947,Wear detectable,Wear detectable
Bearing1_2,712,871,158,199.12001911986212,508.1930266737298,0.0,1195.1783514003725,Wear detectable,Wear detectable
Bearing1_2,713,871,157,192.56524110582777,508.1930266737298,0.0,1188.6235733863382,Wear detectable,Wear detectable
Bearing1_2,714,871,156,183.3627506973832,508.1930266737298,0.0,1179.4210829778935,Wear detectable,Wear detectable
Bearing1_2,715,871,155,227.871710617059,508.1930266737298,0.0,1223.9300428975694,Wear detectable,Wear detectable
Bearing1_2,716,871,154,228.27271493028303,508.1930266737298,0.0,1224.3310472107935,Wear detectable,Wear detectable
Bearing1_2,717,871,153,181.19503201727096,508.1930266737298,0.0,1177.2533642977814,Wear detectable,Wear detectable
Bearing1_2,718,871,152,185.4802617781262,508.1930266737298,0.0,1181.5385940586366,Wear detectable,Wear detectable
Bearing1_2,719,871,151,215.34187262331935,508.1930266737298,0.0,1211.4002049038297,Wear detectable,Wear detectable
Bearing1_2,720,871,150,217.4605514717316,508.1930266737298,0.0,1213.518883752242,Wear detectable,Wear detectable
Bearing1_2,721,871,149,215.29119236559845,508.1930266737298,0.0,1211.3495246461089,Wear detectable,Wear detectable
Bearing1_2,722,871,148,190.37558711597174,508.1930266737298,0.0,1186.4339193964822,Wear detectable,Wear detectable
Bearing1_2,723,871,147,203.51064782348013,508.1930266737298,0.0,1199.5689801039905,Wear detectable,Wear detectable
Bearing1_2,724,871,146,194.74357347490627,508.1930266737298,0.0,1190.8019057554166,Wear detectable,Wear detectable
Bearing1_2,725,871,145,201.70870137840316,508.1930266737298,0.0,1197.7670336589135,Wear detectable,Wear detectable
Bearing1_2,726,871,144,193.3819237659692,508.1930266737298,0.0,1189.4402560464796,Wear detectable,Wear detectable
Bearing1_2,727,871,143,179.81881719613577,508.1930266737298,0.0,1175.877149476646,Wear detectable,Wear detectable
Bearing1_2,728,871,142,182.14510938971898,508.1930266737298,0.0,1178.2034416702295,Wear detectable,Wear detectable
Bearing1_2,729,871,141,191.09953694799367,508.1930266737298,0.0,1187.157869228504,Wear detectable,Wear detectable
Bearing1_2,730,871,140,233.4843488343228,508.1930266737298,0.0,1229.5426811148332,Wear detectable,Wear detectable
Bearing1_2,731,871,139,188.40066907526162,508.1930266737298,0.0,1184.459001355772,Wear detectable,Wear detectable
Bearing1_2,732,871,138,161.04459929876276,508.1930266737298,0.0,1157.1029315792732,Wear detectable,Wear detectable
Bearing1_2,733,871,137,203.15579185090647,508.1930266737298,0.0,1199.2141241314168,Wear detectable,Wear detectable
Bearing1_2,734,871,136,156.8599665782232,508.1930266737298,0.0,1152.9182988587336,Wear detectable,Wear detectable
Bearing1_2,735,871,135,191.37574383114293,508.1930266737298,0.0,1187.4340761116532,Wear detectable,Wear detectable
Bearing1_2,736,871,134,165.42592488338235,508.1930266737298,0.0,1161.4842571638928,Wear detectable,Wear detectable
Bearing1_2,737,871,133,173.32899011685552,508.1930266737298,0.0,1169.387322397366,Wear detectable,Wear detectable
Bearing1_2,738,871,132,185.73672536944676,508.1930266737298,0.0,1181.7950576499572,Wear detectable,Wear detectable
Bearing1_2,739,871,131,178.5322185593516,508.1930266737298,0.0,1174.590550839862,Wear detectable,Wear detectable
Bearing1_2,740,871,130,192.58047117921953,508.1930266737298,0.0,1188.6388034597298,Wear detectable,Wear detectable
Bearing1_2,741,871,129,159.15804535578232,508.1930266737298,0.0,1155.2163776362927,Wear detectable,Wear detectable
Bearing1_2,742,871,128,169.6788806915838,508.1930266737298,0.0,1165.7372129720943,Wear detectable,Wear detectable
Bearing1_2,743,871,127,155.94817214750913,508.1930266737298,0.0,1152.0065044280195,Wear detectable,Wear detectable
Bearing1_2,744,871,126,196.65250577863756,508.1930266737298,0.0,1192.710838059148,Wear detectable,Wear detectable
Bearing1_2,745,871,125,173.56405593658477,508.1930266737298,0.0,1169.6223882170952,Wear detectable,Wear detectable
Bearing1_2,746,871,124,164.21870403567812,508.1930266737298,0.0,1160.2770363161885,Wear detectable,Wear detectable
Bearing1_2,747,871,123,201.16736083444405,508.1930266737298,0.0,1197.2256931149545,Wear detectable,Wear detectable
Bearing1_2,748,871,122,169.033054551195,508.1930266737298,0.0,1165.0913868317054,Wear detectable,Wear detectable
Bearing1_2,749,871,121,174.49887194411443,508.1930266737298,0.0,1170.557204224625,Wear detectable,Wear detectable
Bearing1_2,750,871,120,188.98493714307253,508.1930266737298,0.0,1185.0432694235828,Wear detectable,Wear detectable
Bearing1_2,751,871,119,161.78918318247986,508.1930266737298,0.0,1157.8475154629903,Wear detectable,Wear detectable
Bearing1_2,752,871,118,214.34643425504768,508.1930266737298,0.0,1210.404766535558,Wear detectable,Wear detectable
Bearing1_2,753,871,117,140.25585369295743,508.1930266737298,0.0,1136.3141859734678,Wear detectable,Wear detectable
Bearing1_2,754,871,116,150.23828164039492,508.1930266737298,0.0,1146.2966139209052,Wear detectable,Wear detectable
Bearing1_2,755,871,115,192.5713071351216,508.1930266737298,0.0,1188.629639415632,Wear detectable,Wear detectable
Bearing1_2,756,871,114,273.0942520601145,508.1930266737298,0.0,1269.1525843406248,Wear detectable,Wear detectable
Bearing1_2,757,871,113,304.7532189590997,508.1930266737298,0.0,1300.81155123961,Wear detectable,Wear detectable
Bearing1_2,758,871,112,139.5921841313056,508.1930266737298,0.0,1135.650516411816,Wear detectable,Wear detectable
Bearing1_2,759,871,111,145.22344760862782,508.1930266737298,0.0,1141.2817798891383,Wear detectable,Wear detectable
Bearing1_2,760,871,110,151.61839506760842,508.1930266737298,0.0,1147.676727348119,Wear detectable,Wear detectable
Bearing1_2,761,871,109,256.7750937589974,508.1930266737298,0.0,1252.8334260395077,Wear detectable,Wear detectable
Bearing1_2,762,871,108,124.27036747613228,508.1930266737298,0.0,1120.3286997566427,Wear detectable,Wear detectable
Bearing1_2,763,871,107,185.8383265949426,508.1930266737298,0.0,1181.8966588754529,Wear detectable,Wear detectable
Bearing1_2,764,871,106,295.4625076545222,508.1930266737298,0.0,1291.5208399350327,Wear detectable,Wear detectable
Bearing1_2,765,871,105,161.4895036322751,508.1930266737298,0.0,1157.5478359127856,Wear detectable,Wear detectable
Bearing1_2,766,871,104,273.15996072891267,508.1930266737298,0.0,1269.2182930094232,Wear detectable,Wear detectable
Bearing1_2,767,871,103,152.19501171242865,508.1930266737298,0.0,1148.253343992939,Wear detectable,Wear detectable
Bearing1_2,768,871,102,181.98402962361487,508.1930266737298,0.0,1178.0423619041253,Wear detectable,Wear detectable
Bearing1_2,769,871,101,168.47466892583654,508.1930266737298,0.0,1164.5330012063469,Wear detectable,Wear detectable
Bearing1_2,770,871,100,142.65646300128478,508.1930266737298,0.0,1138.7147952817952,Imminent failure,Wear detectable
Bearing1_2,771,871,99,132.81782309863192,508.1930266737298,0.0,1128.8761553791423,Imminent failure,Wear detectable
Bearing1_2,772,871,98,189.37066916530162,508.1930266737298,0.0,1185.429001445812,Imminent failure,Wear detectable
Bearing1_2,773,871,97,139.83732655495695,508.1930266737298,0.0,1135.8956588354674,Imminent failure,Wear detectable
Bearing1_2,774,871,96,127.50312862426598,508.1930266737298,0.0,1123.5614609047764,Imminent failure,Wear detectable
Bearing1_2,775,871,95,192.94597291510763,508.1930266737298,0.0,1189.0043051956181,Imminent failure,Wear detectable
Bearing1_2,776,871,94,147.40132669921218,508.1930266737298,0.0,1143.4596589797225,Imminent failure,Wear detectable
Bearing1_2,777,871,93,148.9511402960862,508.1930266737298,0.0,1145.0094725765966,Imminent failure,Wear detectable
Bearing1_2,778,871,92,177.64822676134608,508.1930266737298,0.0,1173.7065590418565,Imminent failure,Wear detectable
Bearing1_2,779,871,91,146.40692257091396,508.1930266737298,0.0,1142.4652548514243,Imminent failure,Wear detectable
Bearing1_2,780,871,90,167.6091680695304,508.1930266737298,0.0,1163.6675003500409,Imminent failure,Wear detectable
Bearing1_2,781,871,89,171.81731983878132,508.1930266737298,0.0,1167.8756521192918,Imminent failure,Wear detectable
Bearing1_2,782,871,88,172.63077802021178,508.1930266737298,0.0,1168.6891103007222,Imminent failure,Wear detectable
Bearing1_2,783,871,87,147.553141542178,508.1930266737298,0.0,1143.6114738226884,Imminent failure,Wear detectable
Bearing1_2,784,871,86,152.05716640347075,508.1930266737298,0.0,1148.115498683981,Imminent failure,Wear detectable
Bearing1_2,785,871,85,137.4961803848454,508.1930266737298,0.0,1133.5545126653558,Imminent failure,Wear detectable
Bearing1_2,786,871,84,147.2267150267203,508.1930266737298,0.0,1143.2850473072308,Imminent failure,Wear detectable
Bearing1_2,787,871,83,170.93321603154823,508.1930266737298,0.0,1166.9915483120585,Imminent failure,Wear detectable
Bearing1_2,788,871,82,194.81953002973475,508.1930266737298,0.0,1190.877862310245,Imminent failure,Wear detectable
Bearing1_2,789,871,81,179.47152403706463,508.1930266737298,0.0,1175.529856317575,Imminent failure,Wear detectable
Bearing1_2,790,871,80,186.59505823398453,508.1930266737298,0.0,1182.653390514495,Imminent failure,Wear detectable
Bearing1_2,791,871,79,159.9366599097018,508.1930266737298,0.0,1155.994992190212,Imminent failure,Wear detectable
Bearing1_2,792,871,78,167.8709608853228,508.1930266737298,0.0,1163.9292931658333,Imminent failure,Wear detectable
Bearing1_2,793,871,77,229.18643969955235,508.1930266737298,0.0,1225.2447719800628,Imminent failure,Wear detectable
Bearing1_2,794,871,76,167.4257013499982,508.1930266737298,0.0,1163.4840336305085,Imminent failure,Wear detectable
Bearing1_2,795,871,75,128.48609035899887,508.1930266737298,0.0,1124.5444226395093,Imminent failure,Wear detectable
Bearing1_2,796,871,74,138.96036627681315,508.1930266737298,0.0,1135.0186985573237,Imminent failure,Wear detectable
Bearing1_2,797,871,73,115.14672715981604,508.1930266737298,0.0,1111.2050594403265,Imminent failure,Wear detectable
Bearing1_2,798,871,72,133.83251092225916,508.1930266737298,0.0,1129.8908432027695,Imminent failure,Wear detectable
Bearing1_2,799,871,71,120.39947929137863,508.1930266737298,0.0,1116.4578115718891,Imminent failure,Wear detectable
Bearing1_2,800,871,70,106.1384120462392,508.1930266737298,0.0,1102.1967443267497,Imminent failure,Wear detectable
Bearing1_2,801,871,69,108.92306749735317,508.1930266737298,0.0,1104.9813997778635,Imminent failure,Wear detectable
Bearing1_2,802,871,68,159.2067224616282,508.1930266737298,0.0,1155.2650547421385,Imminent failure,Wear detectable
Bearing1_2,803,871,67,129.13124659375228,508.1930266737298,0.0,1125.1895788742627,Imminent failure,Wear detectable
Bearing1_2,804,871,66,156.3683070932257,508.1930266737298,0.0,1152.4266393737362,Imminent failure,Wear detectable
Bearing1_2,805,871,65,116.86486800167258,508.1930266737298,0.0,1112.923200282183,Imminent failure,Wear detectable
Bearing1_2,806,871,64,116.5553541270756,508.1930266737298,0.0,1112.613686407586,Imminent failure,Wear detectable
Bearing1_2,807,871,63,166.01601566047012,508.1930266737298,0.0,1162.0743479409805,Imminent failure,Wear detectable
Bearing1_2,808,871,62,115.2785917763063,508.1930266737298,0.0,1111.3369240568168,Imminent failure,Wear detectable
Bearing1_2,809,871,61,108.91072130426821,508.1930266737298,0.0,1104.9690535847785,Imminent failure,Wear detectable
Bearing1_2,810,871,60,119.5169150812696,508.1930266737298,0.0,1115.57524736178,Imminent failure,Wear detectable
Bearing1_2,811,871,59,160.85426073002427,508.1930266737298,0.0,1156.9125930105347,Imminent failure,Wear detectable
Bearing1_2,812,871,58,130.46911157392668,508.1930266737298,0.0,1126.527443854437,Imminent failure,Wear detectable
Bearing1_2,813,871,57,140.02445707659362,508.1930266737298,0.0,1136.082789357104,Imminent failure,Wear detectable
Bearing1_2,814,871,56,219.62710680957125,508.1930266737298,0.0,1215.6854390900817,Imminent failure,Wear detectable
Bearing1_2,815,871,55,125.50868533519989,508.1930266737298,0.0,1121.5670176157103,Imminent failure,Wear detectable
Bearing1_2,816,871,54,227.7915654950537,508.1930266737298,0.0,1223.8498977755642,Imminent failure,Wear detectable
Bearing1_2,817,871,53,152.34189491984506,508.1930266737298,0.0,1148.4002272003554,Imminent failure,Wear detectable
Bearing1_2,818,871,52,103.92930789140749,508.1930266737298,0.0,1099.987640171918,Imminent failure,Wear detectable
Bearing1_2,819,871,51,109.76784392914868,508.1930266737298,0.0,1105.826176209659,Imminent failure,Wear detectable
Bearing1_2,820,871,50,105.76705863519767,508.1930266737298,0.0,1101.825390915708,Imminent failure,Wear detectable
Bearing1_2,821,871,49,116.01309663731429,508.1930266737298,0.0,1112.0714289178247,Imminent failure,Wear detectable
Bearing1_2,822,871,48,94.89629522008941,508.1930266737298,0.0,1090.9546275005998,Imminent failure,Imminent failure
Bearing1_2,823,871,47,80.61507490386153,508.1930266737298,0.0,1076.6734071843719,Imminent failure,Imminent failure
Bearing1_2,824,871,46,103.86012955028848,508.1930266737298,0.0,1099.9184618307988,Imminent failure,Wear detectable
Bearing1_2,825,871,45,120.40212539007585,508.1930266737298,0.0,1116.4604576705863,Imminent failure,Wear detectable
Bearing1_2,826,871,44,70.70920750075857,508.1930266737298,0.0,1066.767539781269,Imminent failure,Imminent failure
Bearing1_2,827,871,43,53.44926653695654,508.1930266737298,0.0,1049.507598817467,Imminent failure,Imminent failure
Bearing1_2,828,871,42,46.19933546435081,508.1930266737298,0.0,1042.2576677448612,Imminent failure,Imminent failure
Bearing1_2,829,871,41,42.85771543742308,508.1930266737298,0.0,1038.9160477179335,Imminent failure,Imminent failure
Bearing1_2,830,871,40,20.437401506188337,508.1930266737298,0.0,1016.4957337866988,Imminent failure,Imminent failure
Bearing1_2,831,871,39,20.809866907842263,508.1930266737298,0.0,1016.8681991883527,Imminent failure,Imminent failure
Bearing1_2,832,871,38,6.287279968577849,508.1930266737298,0.0,1002.3456122490883,Imminent failure,Imminent failure
Bearing1_2,833,871,37,17.46211799510533,508.1930266737298,0.0,1013.5204502756158,Imminent failure,Imminent failure
Bearing1_2,834,871,36,40.055588672394464,508.1930266737298,0.0,1036.113920952905,Imminent failure,Imminent failure
Bearing1_2,835,871,35,19.118750943905297,508.1930266737298,0.0,1015.1770832244157,Imminent failure,Imminent failure
Bearing1_2,836,871,34,30.505092760423537,508.1930266737298,0.0,1026.563425040934,Imminent failure,Imminent failure
Bearing1_2,837,871,33,10.734312709724009,508.1930266737298,0.0,1006.7926449902344,Imminent failure,Imminent failure
Bearing1_2,838,871,32,10.721652302357768,508.1930266737298,0.0,1006.7799845828681,Imminent failure,Imminent failure
Bearing1_2,839,871,31,10.097645622002432,508.1930266737298,0.0,1006.1559779025129,Imminent failure,Imminent failure
Bearing1_2,840,871,30,16.963453302656262,508.1930266737298,0.0,1013.0217855831667,Imminent failure,Imminent failure
Bearing1_2,841,871,29,5.666233491321634,508.1930266737298,0.0,1001.724565771832,Imminent failure,Imminent failure
Bearing1_2,842,871,28,7.154195381111975,508.1930266737298,0.0,1003.2125276616224,Imminent failure,Imminent failure
Bearing1_2,843,871,27,26.538136903022945,508.1930266737298,0.0,1022.5964691835334,Imminent failure,Imminent failure
Bearing1_2,844,871,26,1.2305457817411138,508.1930266737298,0.0,997.2888780622516,Imminent failure,Imminent failure
Bearing1_2,845,871,25,21.576377972519197,508.1930266737298,0.0,1017.6347102530297,Imminent failure,Imminent failure
Bearing1_2,846,871,24,9.590309258079941,508.1930266737298,0.0,1005.6486415385904,Imminent failure,Imminent failure
Bearing1_2,847,871,23,16.303854219620888,508.1930266737298,0.0,1012.3621865001313,Imminent failure,Imminent failure
Bearing1_2,848,871,22,7.0735135218632195,508.1930266737298,0.0,1003.1318458023736,Imminent failure,Imminent failure
Bearing1_2,849,871,21,0.0,508.1930266737298,0.0,996.0583322805104,Imminent failure,Imminent failure
Bearing1_2,850,871,20,0.0,508.1930266737298,0.0,996.0583322805104,Imminent failure,Imminent failure
Bearing1_2,851,871,19,0.0,508.1930266737298,0.0,996.0583322805104,Imminent failure,Imminent failure
Bearing1_2,852,871,18,6.388639239372139,508.1930266737298,0.0,1002.4469715198825,Imminent failure,Imminent failure
Bearing1_2,853,871,17,11.509471603818099,508.1930266737298,0.0,1007.5678038843284,Imminent failure,Imminent failure
Bearing1_2,854,871,16,12.779088506746263,508.1930266737298,0.0,1008.8374207872566,Imminent failure,Imminent failure
Bearing1_2,855,871,15,17.995537993068638,508.1930266737298,0.0,1014.053870273579,Imminent failure,Imminent failure
Bearing1_2,856,871,14,15.28973528124888,508.1930266737298,0.0,1011.3480675617593,Imminent failure,Imminent failure
Bearing1_2,857,871,13,14.749889702070078,508.1930266737298,0.0,1010.8082219825804,Imminent failure,Imminent failure
Bearing1_2,858,871,12,13.789538748419972,508.1930266737298,0.0,1009.8478710289304,Imminent failure,Imminent failure
Bearing1_2,859,871,11,11.938724021942988,508.1930266737298,0.0,1007.9970563024534,Imminent failure,Imminent failure
Bearing1_2,860,871,10,34.28833203508367,508.1930266737298,0.0,1030.3466643155941,Imminent failure,Imminent failure
Bearing1_2,861,871,9,39.79120597104131,508.1930266737298,0.0,1035.8495382515516,Imminent failure,Imminent failure
Bearing1_2,862,871,8,43.55911946603533,508.1930266737298,0.0,1039.6174517465456,Imminent failure,Imminent failure
Bearing1_2,863,871,7,68.84442103298143,508.1930266737298,0.0,1064.9027533134918,Imminent failure,Imminent failure
Bearing1_2,864,871,6,107.04663210181339,508.1930266737298,0.0,1103.1049643823237,Imminent failure,Wear detectable
Bearing1_2,865,871,5,105.65392391732888,508.1930266737298,0.0,1101.7122561978392,Imminent failure,Wear detectable
Bearing1_2,866,871,4,94.85331740613475,508.1930266737298,0.0,1090.9116496866452,Imminent failure,Imminent failure
Bearing1_2,867,871,3,95.94185054102567,508.1930266737298,0.0,1092.000182821536,Imminent failure,Imminent failure
Bearing1_2,868,871,2,135.68622596430927,508.1930266737298,0.0,1131.7445582448197,Imminent failure,Wear detectable
Bearing1_2,869,871,1,192.43477250442837,508.1930266737298,0.0,1188.4931047849389,Imminent failure,Wear detectable
Bearing1_2,870,871,0,190.598772506326,508.1930266737298,0.0,1186.6571047868365,Imminent failure,Wear detectable
